kind	id	reason
ignored_node_rule	287523911	barrier_without_clear_denial
ignored_node_rule	414691638	barrier_without_clear_denial
ignored_node_rule	414691935	barrier_without_clear_denial
ignored_node_rule	414692594	barrier_without_clear_denial
ignored_node_rule	414692650	barrier_without_clear_denial
ignored_node_rule	414692651	barrier_without_clear_denial
ignored_node_rule	414692655	barrier_without_clear_denial
ignored_node_rule	414872797	barrier_without_clear_denial
ignored_node_rule	414885716	barrier_without_clear_denial
ignored_node_rule	436776275	barrier_without_clear_denial
ignored_node_rule	436795732	barrier_without_clear_denial
ignored_node_rule	436830835	barrier_without_clear_denial
ignored_node_rule	436830853	barrier_without_clear_denial
ignored_node_rule	442880507	barrier_without_clear_denial
ignored_node_rule	442881975	barrier_without_clear_denial
ignored_node_rule	444243438	barrier_without_clear_denial
ignored_node_rule	444243858	barrier_without_clear_denial
ignored_node_rule	444244694	barrier_without_clear_denial
ignored_node_rule	444246996	barrier_without_clear_denial
ignored_node_rule	444247100	barrier_without_clear_denial
blocked_node	449471227	car_passage_denied
ignored_node_rule	457322175	barrier_without_clear_denial
ignored_node_rule	492203574	barrier_without_clear_denial
ignored_node_rule	558899164	barrier_without_clear_denial
ignored_node_rule	570818866	barrier_without_clear_denial
ignored_node_rule	603367788	barrier_without_clear_denial
ignored_node_rule	603367833	barrier_without_clear_denial
blocked_node	732436783	car_passage_denied
ignored_node_rule	734816282	barrier_without_clear_denial
ignored_node_rule	734816401	barrier_without_clear_denial
blocked_node	798676084	car_passage_denied
ignored_node_rule	850576672	barrier_without_clear_denial
ignored_node_rule	886186742	barrier_without_clear_denial
ignored_node_rule	886186746	barrier_without_clear_denial
ignored_node_rule	886186752	barrier_without_clear_denial
ignored_node_rule	886186757	barrier_without_clear_denial
ignored_node_rule	886186820	barrier_without_clear_denial
blocked_node	896636686	car_passage_denied
blocked_node	922478816	car_passage_denied
ignored_node_rule	974279308	barrier_without_clear_denial
ignored_node_rule	1000489085	barrier_without_clear_denial
ignored_node_rule	1142439455	barrier_without_clear_denial
ignored_node_rule	1157443415	barrier_without_clear_denial
ignored_node_rule	1157443436	barrier_without_clear_denial
ignored_node_rule	1484324012	barrier_without_clear_denial
blocked_node	1655595215	car_passage_denied
blocked_node	1655595667	car_passage_denied
ignored_node_rule	1789842950	barrier_without_clear_denial
ignored_node_rule	1789861867	barrier_without_clear_denial
ignored_node_rule	1789861885	barrier_without_clear_denial
ignored_node_rule	1791286092	barrier_without_clear_denial
ignored_node_rule	1793224802	barrier_without_clear_denial
ignored_node_rule	1808686426	barrier_without_clear_denial
ignored_node_rule	1808903582	barrier_without_clear_denial
ignored_node_rule	1840948057	barrier_without_clear_denial
ignored_node_rule	1954991021	barrier_without_clear_denial
ignored_node_rule	1968737420	barrier_without_clear_denial
ignored_node_rule	1968737424	barrier_without_clear_denial
ignored_node_rule	1968737480	barrier_without_clear_denial
blocked_node	1979127135	car_passage_denied
ignored_node_rule	1979127159	barrier_without_clear_denial
blocked_node	1979127234	car_passage_denied
ignored_node_rule	1979137836	barrier_without_clear_denial
ignored_node_rule	1979137851	barrier_without_clear_denial
blocked_node	1979137858	car_passage_denied
ignored_node_rule	1979273931	barrier_without_clear_denial
ignored_node_rule	1979274016	barrier_without_clear_denial
ignored_node_rule	1979309593	barrier_without_clear_denial
ignored_node_rule	1979318091	barrier_without_clear_denial
ignored_node_rule	1979325222	barrier_without_clear_denial
blocked_node	1979334169	car_passage_denied
blocked_node	1979334184	car_passage_denied
blocked_node	1979334196	car_passage_denied
blocked_node	1979334202	car_passage_denied
blocked_node	1979347704	car_passage_denied
blocked_node	1980630414	car_passage_denied
blocked_node	1980633104	car_passage_denied
blocked_node	1980839506	car_passage_denied
blocked_node	1980839546	car_passage_denied
blocked_node	1980839614	car_passage_denied
ignored_node_rule	1980984032	barrier_without_clear_denial
blocked_node	1980984097	car_passage_denied
blocked_node	1981094884	car_passage_denied
blocked_node	1981345269	car_passage_denied
ignored_node_rule	2064295194	barrier_without_clear_denial
ignored_node_rule	2064360302	barrier_without_clear_denial
blocked_node	2141616480	car_passage_denied
ignored_node_rule	2281813710	barrier_without_clear_denial
blocked_node	2313127314	car_passage_denied
ignored_node_rule	2320913983	barrier_without_clear_denial
ignored_node_rule	2329648916	barrier_without_clear_denial
ignored_node_rule	2335013773	barrier_without_clear_denial
ignored_node_rule	2349400025	barrier_without_clear_denial
ignored_node_rule	2349400101	barrier_without_clear_denial
ignored_node_rule	2351268053	barrier_without_clear_denial
ignored_node_rule	2351268166	barrier_without_clear_denial
ignored_node_rule	2352483667	barrier_without_clear_denial
ignored_node_rule	2352483780	barrier_without_clear_denial
ignored_node_rule	2352483834	barrier_without_clear_denial
ignored_node_rule	2352483929	barrier_without_clear_denial
ignored_node_rule	2354552325	barrier_without_clear_denial
ignored_node_rule	2354552334	barrier_without_clear_denial
ignored_node_rule	2354552345	barrier_without_clear_denial
blocked_node	2368093885	car_passage_denied
ignored_node_rule	2372179689	barrier_without_clear_denial
ignored_node_rule	2372179692	barrier_without_clear_denial
ignored_node_rule	2374739622	barrier_without_clear_denial
ignored_node_rule	2375085286	barrier_without_clear_denial
ignored_node_rule	2375085311	barrier_without_clear_denial
blocked_node	2380934383	car_passage_denied
ignored_node_rule	2383095033	barrier_without_clear_denial
ignored_node_rule	2385561545	barrier_without_clear_denial
ignored_node_rule	2385561547	barrier_without_clear_denial
ignored_node_rule	2385561663	barrier_without_clear_denial
ignored_node_rule	2385561671	barrier_without_clear_denial
ignored_node_rule	2386562359	barrier_without_clear_denial
ignored_node_rule	2386562403	barrier_without_clear_denial
ignored_node_rule	2448254583	barrier_without_clear_denial
ignored_node_rule	2448254592	barrier_without_clear_denial
ignored_node_rule	2449019608	barrier_without_clear_denial
ignored_node_rule	2454978816	barrier_without_clear_denial
ignored_node_rule	2457193009	barrier_without_clear_denial
ignored_node_rule	2470892906	barrier_without_clear_denial
blocked_node	2474921034	car_passage_denied
ignored_node_rule	2477254479	barrier_without_clear_denial
ignored_node_rule	2477254537	barrier_without_clear_denial
ignored_node_rule	2493479511	barrier_without_clear_denial
ignored_node_rule	2515556138	barrier_without_clear_denial
ignored_node_rule	2517289842	barrier_without_clear_denial
ignored_node_rule	2517289861	barrier_without_clear_denial
ignored_node_rule	2517289863	barrier_without_clear_denial
ignored_node_rule	2532346070	barrier_without_clear_denial
ignored_node_rule	2548580421	barrier_without_clear_denial
ignored_node_rule	2589865642	barrier_without_clear_denial
ignored_node_rule	2621972962	barrier_without_clear_denial
ignored_node_rule	2623539535	barrier_without_clear_denial
blocked_node	2623548972	car_passage_denied
ignored_node_rule	2623548977	barrier_without_clear_denial
ignored_node_rule	2623560132	barrier_without_clear_denial
ignored_node_rule	2623560133	barrier_without_clear_denial
ignored_node_rule	2623560134	barrier_without_clear_denial
ignored_node_rule	2624213175	barrier_without_clear_denial
ignored_node_rule	2634030297	barrier_without_clear_denial
ignored_node_rule	2634030298	barrier_without_clear_denial
ignored_node_rule	2634030299	barrier_without_clear_denial
ignored_node_rule	2634030300	barrier_without_clear_denial
ignored_node_rule	2634030301	barrier_without_clear_denial
ignored_node_rule	2635350073	barrier_without_clear_denial
ignored_node_rule	2755835749	barrier_without_clear_denial
ignored_node_rule	2771834434	barrier_without_clear_denial
ignored_node_rule	2772185607	barrier_without_clear_denial
ignored_node_rule	2808099465	barrier_without_clear_denial
ignored_node_rule	2837732100	barrier_without_clear_denial
ignored_node_rule	2841513905	barrier_without_clear_denial
ignored_node_rule	2902796118	barrier_without_clear_denial
blocked_node	3010139872	car_passage_denied
blocked_node	3010139873	car_passage_denied
ignored_node_rule	3017719345	barrier_without_clear_denial
ignored_node_rule	3055244990	barrier_without_clear_denial
ignored_node_rule	3092407665	barrier_without_clear_denial
blocked_node	3100032829	car_passage_denied
ignored_node_rule	3136711678	barrier_without_clear_denial
ignored_node_rule	3136711701	barrier_without_clear_denial
ignored_node_rule	3156290384	barrier_without_clear_denial
ignored_node_rule	3156290388	barrier_without_clear_denial
ignored_node_rule	3170686355	barrier_without_clear_denial
ignored_node_rule	3178945071	barrier_without_clear_denial
ignored_node_rule	3195211712	barrier_without_clear_denial
ignored_node_rule	3195211713	barrier_without_clear_denial
ignored_node_rule	3200324812	barrier_without_clear_denial
ignored_node_rule	3200324813	barrier_without_clear_denial
ignored_node_rule	3204660280	barrier_without_clear_denial
ignored_node_rule	3204660281	barrier_without_clear_denial
ignored_node_rule	3242365300	barrier_without_clear_denial
ignored_node_rule	3343366195	barrier_without_clear_denial
ignored_node_rule	3355165193	barrier_without_clear_denial
ignored_node_rule	3356235202	barrier_without_clear_denial
ignored_node_rule	3365355550	barrier_without_clear_denial
ignored_node_rule	3371348793	barrier_without_clear_denial
ignored_node_rule	3371826798	barrier_without_clear_denial
ignored_node_rule	3380540295	barrier_without_clear_denial
ignored_node_rule	3386885720	barrier_without_clear_denial
ignored_node_rule	3391956694	barrier_without_clear_denial
ignored_node_rule	3407994894	barrier_without_clear_denial
ignored_node_rule	3407994896	barrier_without_clear_denial
ignored_node_rule	3407994994	barrier_without_clear_denial
ignored_node_rule	3428059694	barrier_without_clear_denial
ignored_node_rule	3440220400	barrier_without_clear_denial
ignored_node_rule	3447841793	barrier_without_clear_denial
ignored_node_rule	3447842393	barrier_without_clear_denial
ignored_node_rule	3460853399	barrier_without_clear_denial
ignored_node_rule	3500686497	barrier_without_clear_denial
ignored_node_rule	3500699993	barrier_without_clear_denial
ignored_node_rule	3500700294	barrier_without_clear_denial
ignored_node_rule	3500700693	barrier_without_clear_denial
ignored_node_rule	3521151896	barrier_without_clear_denial
ignored_node_rule	3521330694	barrier_without_clear_denial
ignored_node_rule	3523172901	barrier_without_clear_denial
ignored_node_rule	3523193393	barrier_without_clear_denial
ignored_node_rule	3540581369	barrier_without_clear_denial
ignored_node_rule	3541136096	barrier_without_clear_denial
blocked_node	3560154678	car_passage_denied
ignored_node_rule	3560183237	barrier_without_clear_denial
ignored_node_rule	3560184118	barrier_without_clear_denial
ignored_node_rule	3560188385	barrier_without_clear_denial
ignored_node_rule	3574764198	barrier_without_clear_denial
ignored_node_rule	3603022863	barrier_without_clear_denial
ignored_node_rule	3604393704	barrier_without_clear_denial
blocked_node	3605260076	car_passage_denied
ignored_node_rule	3605260077	barrier_without_clear_denial
ignored_node_rule	3605260082	barrier_without_clear_denial
ignored_node_rule	3605306016	barrier_without_clear_denial
blocked_node	3605321022	car_passage_denied
ignored_node_rule	3667069672	barrier_without_clear_denial
ignored_node_rule	3667069692	barrier_without_clear_denial
ignored_node_rule	3680941265	barrier_without_clear_denial
ignored_node_rule	3680941338	barrier_without_clear_denial
ignored_node_rule	3681036829	barrier_without_clear_denial
ignored_node_rule	3681036998	barrier_without_clear_denial
ignored_node_rule	3681037746	barrier_without_clear_denial
ignored_node_rule	3730201633	barrier_without_clear_denial
blocked_node	3733158077	car_passage_denied
blocked_node	3733158095	car_passage_denied
ignored_node_rule	3737186878	barrier_without_clear_denial
ignored_node_rule	3739926970	barrier_without_clear_denial
ignored_node_rule	3761443971	barrier_without_clear_denial
ignored_node_rule	3763690370	barrier_without_clear_denial
ignored_node_rule	3790603192	barrier_without_clear_denial
ignored_node_rule	3790603241	barrier_without_clear_denial
ignored_node_rule	3790603250	barrier_without_clear_denial
ignored_node_rule	3792105201	barrier_without_clear_denial
blocked_node	3792105220	car_passage_denied
ignored_node_rule	3792105232	barrier_without_clear_denial
ignored_node_rule	3800707807	barrier_without_clear_denial
ignored_node_rule	3800707950	barrier_without_clear_denial
ignored_node_rule	3800707957	barrier_without_clear_denial
ignored_node_rule	3811716197	barrier_without_clear_denial
ignored_node_rule	3815069028	barrier_without_clear_denial
ignored_node_rule	3815069049	barrier_without_clear_denial
ignored_node_rule	3818627581	barrier_without_clear_denial
blocked_node	3820815850	car_passage_denied
blocked_node	3822146984	car_passage_denied
ignored_node_rule	3824379477	barrier_without_clear_denial
blocked_node	3827606147	car_passage_denied
ignored_node_rule	3829928256	barrier_without_clear_denial
ignored_node_rule	3832646250	barrier_without_clear_denial
ignored_node_rule	3832844749	barrier_without_clear_denial
blocked_node	3832844750	car_passage_denied
blocked_node	3832906955	car_passage_denied
ignored_node_rule	3832974056	barrier_without_clear_denial
ignored_node_rule	3834439692	barrier_without_clear_denial
ignored_node_rule	3834816089	barrier_without_clear_denial
ignored_node_rule	3851434686	barrier_without_clear_denial
ignored_node_rule	3851613768	barrier_without_clear_denial
ignored_node_rule	3851613769	barrier_without_clear_denial
ignored_node_rule	3851613770	barrier_without_clear_denial
ignored_node_rule	3851613783	barrier_without_clear_denial
ignored_node_rule	3851613784	barrier_without_clear_denial
ignored_node_rule	3851613785	barrier_without_clear_denial
ignored_node_rule	3852037789	barrier_without_clear_denial
ignored_node_rule	3855696400	barrier_without_clear_denial
ignored_node_rule	3856263502	barrier_without_clear_denial
blocked_node	3864367743	car_passage_denied
blocked_node	3867929841	car_passage_denied
ignored_node_rule	3868850041	barrier_without_clear_denial
blocked_node	3868850225	car_passage_denied
ignored_node_rule	3869099630	barrier_without_clear_denial
ignored_node_rule	3869099796	barrier_without_clear_denial
ignored_node_rule	3870439729	barrier_without_clear_denial
blocked_node	3928108726	car_passage_denied
blocked_node	3964387736	car_passage_denied
ignored_node_rule	3973889159	barrier_without_clear_denial
ignored_node_rule	3975206007	barrier_without_clear_denial
ignored_node_rule	3975214597	barrier_without_clear_denial
ignored_node_rule	3975214598	barrier_without_clear_denial
ignored_node_rule	3975214602	barrier_without_clear_denial
ignored_node_rule	3975214604	barrier_without_clear_denial
ignored_node_rule	3975214608	barrier_without_clear_denial
ignored_node_rule	3975214611	barrier_without_clear_denial
ignored_node_rule	3975338447	barrier_without_clear_denial
ignored_node_rule	3975338448	barrier_without_clear_denial
ignored_node_rule	3975338449	barrier_without_clear_denial
ignored_node_rule	3975396514	barrier_without_clear_denial
ignored_node_rule	3975396515	barrier_without_clear_denial
ignored_node_rule	3975396516	barrier_without_clear_denial
ignored_node_rule	3975396517	barrier_without_clear_denial
ignored_node_rule	3975396519	barrier_without_clear_denial
ignored_node_rule	3975396521	barrier_without_clear_denial
ignored_node_rule	3975396522	barrier_without_clear_denial
ignored_node_rule	3975396523	barrier_without_clear_denial
ignored_node_rule	3975396524	barrier_without_clear_denial
ignored_node_rule	3975396525	barrier_without_clear_denial
ignored_node_rule	3975396527	barrier_without_clear_denial
blocked_node	3993235262	car_passage_denied
blocked_node	3993235263	car_passage_denied
ignored_node_rule	4032433860	barrier_without_clear_denial
ignored_node_rule	4076765143	barrier_without_clear_denial
ignored_node_rule	4078144563	barrier_without_clear_denial
ignored_node_rule	4078144571	barrier_without_clear_denial
blocked_node	4113873892	car_passage_denied
blocked_node	4178870400	car_passage_denied
ignored_node_rule	4225591826	barrier_without_clear_denial
ignored_node_rule	4225591872	barrier_without_clear_denial
blocked_node	4239735503	car_passage_denied
ignored_node_rule	4239735534	barrier_without_clear_denial
ignored_node_rule	4239735535	barrier_without_clear_denial
ignored_node_rule	4243023999	barrier_without_clear_denial
ignored_node_rule	4276317198	barrier_without_clear_denial
ignored_node_rule	4286822871	barrier_without_clear_denial
ignored_node_rule	4301320630	barrier_without_clear_denial
ignored_node_rule	4309636686	barrier_without_clear_denial
ignored_node_rule	4309664833	barrier_without_clear_denial
ignored_node_rule	4309664842	barrier_without_clear_denial
ignored_node_rule	4309834334	barrier_without_clear_denial
ignored_node_rule	4309840011	barrier_without_clear_denial
ignored_node_rule	4311605991	barrier_without_clear_denial
ignored_node_rule	4311642976	barrier_without_clear_denial
ignored_node_rule	4313242474	barrier_without_clear_denial
blocked_node	4313458592	car_passage_denied
ignored_node_rule	4320036506	barrier_without_clear_denial
ignored_node_rule	4320036629	barrier_without_clear_denial
ignored_node_rule	4321979519	barrier_without_clear_denial
ignored_node_rule	4335670319	barrier_without_clear_denial
ignored_node_rule	4340308740	barrier_without_clear_denial
ignored_node_rule	4340329006	barrier_without_clear_denial
ignored_node_rule	4340329007	barrier_without_clear_denial
ignored_node_rule	4344097182	barrier_without_clear_denial
blocked_node	4353671917	car_passage_denied
ignored_node_rule	4353671922	barrier_without_clear_denial
ignored_node_rule	4359599223	barrier_without_clear_denial
ignored_node_rule	4426365254	barrier_without_clear_denial
blocked_node	4427725697	car_passage_denied
blocked_node	4427725705	car_passage_denied
blocked_node	4432623651	car_passage_denied
ignored_node_rule	4439016772	barrier_without_clear_denial
ignored_node_rule	4439097978	barrier_without_clear_denial
ignored_node_rule	4439827518	barrier_without_clear_denial
ignored_node_rule	4439881793	barrier_without_clear_denial
ignored_node_rule	4439970389	barrier_without_clear_denial
ignored_node_rule	4439983137	barrier_without_clear_denial
blocked_node	4439983138	car_passage_denied
blocked_node	4439983140	car_passage_denied
blocked_node	4439983141	car_passage_denied
ignored_node_rule	4440041770	barrier_without_clear_denial
ignored_node_rule	4440041825	barrier_without_clear_denial
ignored_node_rule	4440041834	barrier_without_clear_denial
ignored_node_rule	4440041855	barrier_without_clear_denial
ignored_node_rule	4440041934	barrier_without_clear_denial
blocked_node	4440041935	car_passage_denied
ignored_node_rule	4440180549	barrier_without_clear_denial
ignored_node_rule	4440180550	barrier_without_clear_denial
ignored_node_rule	4440220926	barrier_without_clear_denial
ignored_node_rule	4440220929	barrier_without_clear_denial
ignored_node_rule	4440363039	barrier_without_clear_denial
ignored_node_rule	4440376032	barrier_without_clear_denial
ignored_node_rule	4440376040	barrier_without_clear_denial
ignored_node_rule	4440376045	barrier_without_clear_denial
ignored_node_rule	4440376061	barrier_without_clear_denial
ignored_node_rule	4440442958	barrier_without_clear_denial
ignored_node_rule	4440589825	barrier_without_clear_denial
ignored_node_rule	4440633298	barrier_without_clear_denial
ignored_node_rule	4440633323	barrier_without_clear_denial
ignored_node_rule	4440673353	barrier_without_clear_denial
ignored_node_rule	4440702147	barrier_without_clear_denial
ignored_node_rule	4442215587	barrier_without_clear_denial
ignored_node_rule	4448593954	barrier_without_clear_denial
ignored_node_rule	4448593965	barrier_without_clear_denial
ignored_node_rule	4448593976	barrier_without_clear_denial
ignored_node_rule	4448593989	barrier_without_clear_denial
blocked_node	4448593999	car_passage_denied
ignored_node_rule	4448594027	barrier_without_clear_denial
blocked_node	4450129171	car_passage_denied
blocked_node	4450129291	car_passage_denied
blocked_node	4450129300	car_passage_denied
blocked_node	4450129314	car_passage_denied
blocked_node	4450129345	car_passage_denied
blocked_node	4450129357	car_passage_denied
blocked_node	4450129365	car_passage_denied
blocked_node	4450129387	car_passage_denied
ignored_node_rule	4450237029	barrier_without_clear_denial
ignored_node_rule	4450521169	barrier_without_clear_denial
ignored_node_rule	4452367291	barrier_without_clear_denial
ignored_node_rule	4456975008	barrier_without_clear_denial
ignored_node_rule	4459447487	barrier_without_clear_denial
ignored_node_rule	4502298673	barrier_without_clear_denial
blocked_node	4507373540	car_passage_denied
ignored_node_rule	4526181543	barrier_without_clear_denial
ignored_node_rule	4599058688	barrier_without_clear_denial
ignored_node_rule	4599060289	barrier_without_clear_denial
ignored_node_rule	4599060290	barrier_without_clear_denial
ignored_node_rule	4602382613	barrier_without_clear_denial
ignored_node_rule	4602382618	barrier_without_clear_denial
ignored_node_rule	4604839003	barrier_without_clear_denial
ignored_node_rule	4607516543	barrier_without_clear_denial
ignored_node_rule	4627649473	barrier_without_clear_denial
ignored_node_rule	4627649479	barrier_without_clear_denial
ignored_node_rule	4629015465	barrier_without_clear_denial
ignored_node_rule	4631132000	barrier_without_clear_denial
ignored_node_rule	4631186660	barrier_without_clear_denial
blocked_node	4631332181	car_passage_denied
ignored_node_rule	4631419246	barrier_without_clear_denial
ignored_node_rule	4631440328	barrier_without_clear_denial
blocked_node	4632176410	car_passage_denied
ignored_node_rule	4632240870	barrier_without_clear_denial
ignored_node_rule	4632240871	barrier_without_clear_denial
ignored_node_rule	4634036106	barrier_without_clear_denial
ignored_node_rule	4634188533	barrier_without_clear_denial
ignored_node_rule	4634647404	barrier_without_clear_denial
ignored_node_rule	4634697512	barrier_without_clear_denial
blocked_node	4634778046	car_passage_denied
ignored_node_rule	4635672114	barrier_without_clear_denial
ignored_node_rule	4635672140	barrier_without_clear_denial
blocked_node	4636526319	car_passage_denied
blocked_node	4636526320	car_passage_denied
blocked_node	4636526321	car_passage_denied
ignored_node_rule	4636870925	barrier_without_clear_denial
ignored_node_rule	4636870926	barrier_without_clear_denial
ignored_node_rule	4636871414	barrier_without_clear_denial
ignored_node_rule	4636871416	barrier_without_clear_denial
ignored_node_rule	4637309532	barrier_without_clear_denial
ignored_node_rule	4637309533	barrier_without_clear_denial
ignored_node_rule	4637312782	barrier_without_clear_denial
ignored_node_rule	4637312783	barrier_without_clear_denial
ignored_node_rule	4637312784	barrier_without_clear_denial
ignored_node_rule	4637312826	barrier_without_clear_denial
ignored_node_rule	4637312898	barrier_without_clear_denial
ignored_node_rule	4637448667	barrier_without_clear_denial
ignored_node_rule	4637472752	barrier_without_clear_denial
ignored_node_rule	4639073654	barrier_without_clear_denial
ignored_node_rule	4640021356	barrier_without_clear_denial
ignored_node_rule	4640021357	barrier_without_clear_denial
ignored_node_rule	4640021358	barrier_without_clear_denial
ignored_node_rule	4640021359	barrier_without_clear_denial
ignored_node_rule	4640150748	barrier_without_clear_denial
ignored_node_rule	4640189627	barrier_without_clear_denial
blocked_node	4641468715	car_passage_denied
blocked_node	4641468716	car_passage_denied
blocked_node	4641470049	car_passage_denied
ignored_node_rule	4641561682	barrier_without_clear_denial
ignored_node_rule	4641696232	barrier_without_clear_denial
ignored_node_rule	4642350071	barrier_without_clear_denial
ignored_node_rule	4642350072	barrier_without_clear_denial
ignored_node_rule	4642350073	barrier_without_clear_denial
ignored_node_rule	4642350074	barrier_without_clear_denial
ignored_node_rule	4643354781	barrier_without_clear_denial
ignored_node_rule	4643428013	barrier_without_clear_denial
ignored_node_rule	4643647713	barrier_without_clear_denial
ignored_node_rule	4643800685	barrier_without_clear_denial
ignored_node_rule	4643926316	barrier_without_clear_denial
ignored_node_rule	4644213322	barrier_without_clear_denial
ignored_node_rule	4644213323	barrier_without_clear_denial
ignored_node_rule	4646515729	barrier_without_clear_denial
ignored_node_rule	4646669208	barrier_without_clear_denial
ignored_node_rule	4648731583	barrier_without_clear_denial
ignored_node_rule	4648731584	barrier_without_clear_denial
ignored_node_rule	4655424935	barrier_without_clear_denial
ignored_node_rule	4656620932	barrier_without_clear_denial
ignored_node_rule	4656638973	barrier_without_clear_denial
ignored_node_rule	4656638975	barrier_without_clear_denial
ignored_node_rule	4656638980	barrier_without_clear_denial
ignored_node_rule	4656638986	barrier_without_clear_denial
ignored_node_rule	4656638987	barrier_without_clear_denial
ignored_node_rule	4658867703	barrier_without_clear_denial
ignored_node_rule	4658895975	barrier_without_clear_denial
ignored_node_rule	4658913588	barrier_without_clear_denial
ignored_node_rule	4658944370	barrier_without_clear_denial
ignored_node_rule	4659201228	barrier_without_clear_denial
ignored_node_rule	4659201229	barrier_without_clear_denial
ignored_node_rule	4659201230	barrier_without_clear_denial
ignored_node_rule	4659201231	barrier_without_clear_denial
ignored_node_rule	4659201232	barrier_without_clear_denial
ignored_node_rule	4659201233	barrier_without_clear_denial
ignored_node_rule	4659204619	barrier_without_clear_denial
ignored_node_rule	4659204620	barrier_without_clear_denial
ignored_node_rule	4659204621	barrier_without_clear_denial
ignored_node_rule	4659206175	barrier_without_clear_denial
ignored_node_rule	4659206176	barrier_without_clear_denial
ignored_node_rule	4659207330	barrier_without_clear_denial
ignored_node_rule	4659228702	barrier_without_clear_denial
ignored_node_rule	4659625119	barrier_without_clear_denial
ignored_node_rule	4663021535	barrier_without_clear_denial
ignored_node_rule	4663083304	barrier_without_clear_denial
ignored_node_rule	4663083392	barrier_without_clear_denial
ignored_node_rule	4663083394	barrier_without_clear_denial
ignored_node_rule	4663244975	barrier_without_clear_denial
ignored_node_rule	4664878570	barrier_without_clear_denial
ignored_node_rule	4671418842	barrier_without_clear_denial
ignored_node_rule	4671539724	barrier_without_clear_denial
ignored_node_rule	4671966927	barrier_without_clear_denial
blocked_node	4672180672	car_passage_denied
ignored_node_rule	4672180688	barrier_without_clear_denial
ignored_node_rule	4672180789	barrier_without_clear_denial
ignored_node_rule	4672180790	barrier_without_clear_denial
ignored_node_rule	4673945895	barrier_without_clear_denial
ignored_node_rule	4673945897	barrier_without_clear_denial
ignored_node_rule	4674225987	barrier_without_clear_denial
ignored_node_rule	4674225993	barrier_without_clear_denial
ignored_node_rule	4674225994	barrier_without_clear_denial
blocked_node	4674412566	car_passage_denied
ignored_node_rule	4674433976	barrier_without_clear_denial
blocked_node	4674915811	car_passage_denied
blocked_node	4675256815	car_passage_denied
ignored_node_rule	4676282316	barrier_without_clear_denial
ignored_node_rule	4676639179	barrier_without_clear_denial
ignored_node_rule	4680139651	barrier_without_clear_denial
ignored_node_rule	4680139653	barrier_without_clear_denial
ignored_node_rule	4681263990	barrier_without_clear_denial
ignored_node_rule	4681264021	barrier_without_clear_denial
ignored_node_rule	4681264266	barrier_without_clear_denial
ignored_node_rule	4681286981	barrier_without_clear_denial
ignored_node_rule	4681634092	barrier_without_clear_denial
ignored_node_rule	4681634431	barrier_without_clear_denial
ignored_node_rule	4681899723	barrier_without_clear_denial
blocked_node	4685426165	car_passage_denied
ignored_node_rule	4694608995	barrier_without_clear_denial
ignored_node_rule	4696650798	barrier_without_clear_denial
ignored_node_rule	4697530774	barrier_without_clear_denial
ignored_node_rule	4697703314	barrier_without_clear_denial
ignored_node_rule	4706048789	barrier_without_clear_denial
ignored_node_rule	4706048790	barrier_without_clear_denial
ignored_node_rule	4706049133	barrier_without_clear_denial
ignored_node_rule	4706049134	barrier_without_clear_denial
ignored_node_rule	4706049135	barrier_without_clear_denial
ignored_node_rule	4709966471	barrier_without_clear_denial
ignored_node_rule	4712827300	barrier_without_clear_denial
ignored_node_rule	4717124149	barrier_without_clear_denial
ignored_node_rule	4717124151	barrier_without_clear_denial
ignored_node_rule	4717774317	barrier_without_clear_denial
ignored_node_rule	4721891581	barrier_without_clear_denial
ignored_node_rule	4721891582	barrier_without_clear_denial
ignored_node_rule	4745875280	barrier_without_clear_denial
ignored_node_rule	4745875281	barrier_without_clear_denial
ignored_node_rule	4748062197	barrier_without_clear_denial
ignored_node_rule	4750761628	barrier_without_clear_denial
ignored_node_rule	4750761629	barrier_without_clear_denial
ignored_node_rule	4750761630	barrier_without_clear_denial
ignored_node_rule	4750761631	barrier_without_clear_denial
ignored_node_rule	4750761632	barrier_without_clear_denial
ignored_node_rule	4752633396	barrier_without_clear_denial
ignored_node_rule	4784626174	barrier_without_clear_denial
ignored_node_rule	4789940813	barrier_without_clear_denial
ignored_node_rule	4809148525	barrier_without_clear_denial
ignored_node_rule	4811262658	barrier_without_clear_denial
ignored_node_rule	4811262659	barrier_without_clear_denial
ignored_node_rule	4811262700	barrier_without_clear_denial
ignored_node_rule	4815475606	barrier_without_clear_denial
ignored_node_rule	4815505706	barrier_without_clear_denial
ignored_node_rule	4820061000	barrier_without_clear_denial
ignored_node_rule	4820061001	barrier_without_clear_denial
ignored_node_rule	4825055969	barrier_without_clear_denial
ignored_node_rule	4829037247	barrier_without_clear_denial
ignored_node_rule	4829037248	barrier_without_clear_denial
ignored_node_rule	4829037250	barrier_without_clear_denial
ignored_node_rule	4829037253	barrier_without_clear_denial
ignored_node_rule	4829037256	barrier_without_clear_denial
ignored_node_rule	4829037257	barrier_without_clear_denial
ignored_node_rule	4829037291	barrier_without_clear_denial
ignored_node_rule	4831055540	barrier_without_clear_denial
ignored_node_rule	4832920225	barrier_without_clear_denial
ignored_node_rule	4832920226	barrier_without_clear_denial
ignored_node_rule	4832920227	barrier_without_clear_denial
ignored_node_rule	4833042309	barrier_without_clear_denial
blocked_node	4840827657	car_passage_denied
ignored_node_rule	4872695528	barrier_without_clear_denial
blocked_node	4873519378	car_passage_denied
blocked_node	4873519379	car_passage_denied
blocked_node	4873519380	car_passage_denied
blocked_node	4873521731	car_passage_denied
ignored_node_rule	4873715473	barrier_without_clear_denial
ignored_node_rule	4894643894	barrier_without_clear_denial
ignored_node_rule	4894643895	barrier_without_clear_denial
ignored_node_rule	4916809749	barrier_without_clear_denial
ignored_node_rule	4916809755	barrier_without_clear_denial
ignored_node_rule	4916809774	barrier_without_clear_denial
ignored_node_rule	4916809775	barrier_without_clear_denial
ignored_node_rule	4918420740	barrier_without_clear_denial
ignored_node_rule	4920566660	barrier_without_clear_denial
ignored_node_rule	4935194955	barrier_without_clear_denial
ignored_node_rule	4935195290	barrier_without_clear_denial
ignored_node_rule	4957983722	barrier_without_clear_denial
ignored_node_rule	4957983727	barrier_without_clear_denial
ignored_node_rule	4960162849	barrier_without_clear_denial
ignored_node_rule	4968626369	barrier_without_clear_denial
ignored_node_rule	4968626370	barrier_without_clear_denial
ignored_node_rule	4988024482	barrier_without_clear_denial
ignored_node_rule	5004959259	barrier_without_clear_denial
ignored_node_rule	5030139069	barrier_without_clear_denial
ignored_node_rule	5030139070	barrier_without_clear_denial
ignored_node_rule	5030139103	barrier_without_clear_denial
ignored_node_rule	5030139123	barrier_without_clear_denial
ignored_node_rule	5030139136	barrier_without_clear_denial
ignored_node_rule	5030139138	barrier_without_clear_denial
ignored_node_rule	5072342268	barrier_without_clear_denial
ignored_node_rule	5072342269	barrier_without_clear_denial
ignored_node_rule	5075065025	barrier_without_clear_denial
ignored_node_rule	5104926205	barrier_without_clear_denial
ignored_node_rule	5105216861	barrier_without_clear_denial
ignored_node_rule	5105216862	barrier_without_clear_denial
ignored_node_rule	5110639720	barrier_without_clear_denial
ignored_node_rule	5110646347	barrier_without_clear_denial
ignored_node_rule	5110646390	barrier_without_clear_denial
ignored_node_rule	5129892278	barrier_without_clear_denial
ignored_node_rule	5160319354	barrier_without_clear_denial
blocked_node	5170757873	car_passage_denied
blocked_node	5208786839	car_passage_denied
ignored_node_rule	5220390479	barrier_without_clear_denial
blocked_node	5220390514	car_passage_denied
ignored_node_rule	5221818071	barrier_without_clear_denial
ignored_node_rule	5224107319	barrier_without_clear_denial
ignored_node_rule	5257075103	barrier_without_clear_denial
ignored_node_rule	5257075113	barrier_without_clear_denial
ignored_node_rule	5257128010	barrier_without_clear_denial
ignored_node_rule	5257144073	barrier_without_clear_denial
ignored_node_rule	5257144074	barrier_without_clear_denial
ignored_node_rule	5257156132	barrier_without_clear_denial
ignored_node_rule	5257156133	barrier_without_clear_denial
ignored_node_rule	5257912388	barrier_without_clear_denial
ignored_node_rule	5260056198	barrier_without_clear_denial
ignored_node_rule	5260056200	barrier_without_clear_denial
ignored_node_rule	5260056201	barrier_without_clear_denial
ignored_node_rule	5260056202	barrier_without_clear_denial
ignored_node_rule	5260056203	barrier_without_clear_denial
ignored_node_rule	5260056204	barrier_without_clear_denial
ignored_node_rule	5260056205	barrier_without_clear_denial
ignored_node_rule	5260056206	barrier_without_clear_denial
ignored_node_rule	5260056213	barrier_without_clear_denial
ignored_node_rule	5260056448	barrier_without_clear_denial
ignored_node_rule	5260077578	barrier_without_clear_denial
blocked_node	5265810386	car_passage_denied
blocked_node	5265856737	car_passage_denied
ignored_node_rule	5265856780	barrier_without_clear_denial
ignored_node_rule	5266152935	barrier_without_clear_denial
ignored_node_rule	5266983976	barrier_without_clear_denial
ignored_node_rule	5271225483	barrier_without_clear_denial
ignored_node_rule	5271729249	barrier_without_clear_denial
ignored_node_rule	5271729250	barrier_without_clear_denial
ignored_node_rule	5271729251	barrier_without_clear_denial
ignored_node_rule	5271729252	barrier_without_clear_denial
ignored_node_rule	5271729253	barrier_without_clear_denial
ignored_node_rule	5271729254	barrier_without_clear_denial
ignored_node_rule	5271729255	barrier_without_clear_denial
ignored_node_rule	5283832441	barrier_without_clear_denial
ignored_node_rule	5290836285	barrier_without_clear_denial
ignored_node_rule	5290836308	barrier_without_clear_denial
ignored_node_rule	5291804119	barrier_without_clear_denial
ignored_node_rule	5294398221	barrier_without_clear_denial
ignored_node_rule	5299131115	barrier_without_clear_denial
ignored_node_rule	5303987255	barrier_without_clear_denial
ignored_node_rule	5311497629	barrier_without_clear_denial
ignored_node_rule	5316237529	barrier_without_clear_denial
ignored_node_rule	5316286554	barrier_without_clear_denial
ignored_node_rule	5318149332	barrier_without_clear_denial
ignored_node_rule	5318149386	barrier_without_clear_denial
ignored_node_rule	5318149523	barrier_without_clear_denial
ignored_node_rule	5321149141	barrier_without_clear_denial
ignored_node_rule	5323807902	barrier_without_clear_denial
ignored_node_rule	5325353540	barrier_without_clear_denial
ignored_node_rule	5328483685	barrier_without_clear_denial
ignored_node_rule	5338499736	barrier_without_clear_denial
ignored_node_rule	5360378898	barrier_without_clear_denial
ignored_node_rule	5371749088	barrier_without_clear_denial
ignored_node_rule	5371964089	barrier_without_clear_denial
ignored_node_rule	5395106386	barrier_without_clear_denial
ignored_node_rule	5406793620	barrier_without_clear_denial
ignored_node_rule	5421543197	barrier_without_clear_denial
ignored_node_rule	5422566226	barrier_without_clear_denial
ignored_node_rule	5443301869	barrier_without_clear_denial
blocked_node	5476859502	car_passage_denied
blocked_node	5484607802	car_passage_denied
ignored_node_rule	5485670907	barrier_without_clear_denial
ignored_node_rule	5505732333	barrier_without_clear_denial
ignored_node_rule	5520426675	barrier_without_clear_denial
ignored_node_rule	5520426676	barrier_without_clear_denial
ignored_node_rule	5524184638	barrier_without_clear_denial
ignored_node_rule	5524184639	barrier_without_clear_denial
ignored_node_rule	5534980741	barrier_without_clear_denial
blocked_node	5549312536	car_passage_denied
ignored_node_rule	5549312537	barrier_without_clear_denial
ignored_node_rule	5549312538	barrier_without_clear_denial
blocked_node	5549312544	car_passage_denied
blocked_node	5549312546	car_passage_denied
blocked_node	5549312551	car_passage_denied
ignored_node_rule	5549312607	barrier_without_clear_denial
blocked_node	5549312608	car_passage_denied
ignored_node_rule	5549312754	barrier_without_clear_denial
ignored_node_rule	5554377739	barrier_without_clear_denial
ignored_node_rule	5574101476	barrier_without_clear_denial
ignored_node_rule	5599220160	barrier_without_clear_denial
ignored_node_rule	5615225329	barrier_without_clear_denial
blocked_node	5623875039	car_passage_denied
ignored_node_rule	5630748632	barrier_without_clear_denial
ignored_node_rule	5630871514	barrier_without_clear_denial
ignored_node_rule	5630871515	barrier_without_clear_denial
ignored_node_rule	5640182158	barrier_without_clear_denial
ignored_node_rule	5640182159	barrier_without_clear_denial
ignored_node_rule	5682122936	barrier_without_clear_denial
ignored_node_rule	5706326041	barrier_without_clear_denial
ignored_node_rule	5706326059	barrier_without_clear_denial
blocked_node	5720242053	car_passage_denied
ignored_node_rule	5720581914	barrier_without_clear_denial
ignored_node_rule	5748727268	barrier_without_clear_denial
ignored_node_rule	5749123545	barrier_without_clear_denial
ignored_node_rule	5750035643	barrier_without_clear_denial
ignored_node_rule	5750035677	barrier_without_clear_denial
ignored_node_rule	5750035774	barrier_without_clear_denial
ignored_node_rule	5750035840	barrier_without_clear_denial
ignored_node_rule	5750035878	barrier_without_clear_denial
ignored_node_rule	5750035909	barrier_without_clear_denial
ignored_node_rule	5750035923	barrier_without_clear_denial
ignored_node_rule	5750035943	barrier_without_clear_denial
ignored_node_rule	5750035961	barrier_without_clear_denial
ignored_node_rule	5750035994	barrier_without_clear_denial
ignored_node_rule	5750036019	barrier_without_clear_denial
ignored_node_rule	5750036152	barrier_without_clear_denial
ignored_node_rule	5750036218	barrier_without_clear_denial
blocked_node	5754386164	car_passage_denied
ignored_node_rule	5756085243	barrier_without_clear_denial
ignored_node_rule	5757954559	barrier_without_clear_denial
ignored_node_rule	5761152201	barrier_without_clear_denial
ignored_node_rule	5761628768	barrier_without_clear_denial
ignored_node_rule	5761628769	barrier_without_clear_denial
ignored_node_rule	5767950239	barrier_without_clear_denial
ignored_node_rule	5789579445	barrier_without_clear_denial
ignored_node_rule	5791860724	barrier_without_clear_denial
ignored_node_rule	5791860731	barrier_without_clear_denial
blocked_node	5796287257	car_passage_denied
blocked_node	5796287259	car_passage_denied
ignored_node_rule	5799952872	barrier_without_clear_denial
blocked_node	5800888049	car_passage_denied
blocked_node	5800890556	car_passage_denied
blocked_node	5800890557	car_passage_denied
ignored_node_rule	5803794167	barrier_without_clear_denial
ignored_node_rule	5803943185	barrier_without_clear_denial
ignored_node_rule	5803943266	barrier_without_clear_denial
ignored_node_rule	5818220971	barrier_without_clear_denial
ignored_node_rule	5824749260	barrier_without_clear_denial
ignored_node_rule	5835465654	barrier_without_clear_denial
blocked_node	5836268263	car_passage_denied
ignored_node_rule	5836268268	barrier_without_clear_denial
ignored_node_rule	5836268273	barrier_without_clear_denial
ignored_node_rule	5842989979	barrier_without_clear_denial
ignored_node_rule	5842990290	barrier_without_clear_denial
ignored_node_rule	5842990294	barrier_without_clear_denial
ignored_node_rule	5918121059	barrier_without_clear_denial
ignored_node_rule	5918121072	barrier_without_clear_denial
ignored_node_rule	5940082115	barrier_without_clear_denial
ignored_node_rule	5950941032	barrier_without_clear_denial
blocked_node	5966793487	car_passage_denied
blocked_node	5966793488	car_passage_denied
blocked_node	5966793489	car_passage_denied
blocked_node	5966793493	car_passage_denied
blocked_node	5966793494	car_passage_denied
blocked_node	5966793495	car_passage_denied
blocked_node	5966793496	car_passage_denied
blocked_node	5966793497	car_passage_denied
blocked_node	5966793498	car_passage_denied
ignored_node_rule	5966793501	barrier_without_clear_denial
blocked_node	5971355979	car_passage_denied
ignored_node_rule	5979636355	barrier_without_clear_denial
blocked_node	5983575182	car_passage_denied
blocked_node	5983575183	car_passage_denied
blocked_node	5983575184	car_passage_denied
blocked_node	5983575285	car_passage_denied
blocked_node	5983575286	car_passage_denied
blocked_node	5983575287	car_passage_denied
blocked_node	5983575289	car_passage_denied
blocked_node	5983575290	car_passage_denied
blocked_node	5983575291	car_passage_denied
blocked_node	5984861329	car_passage_denied
blocked_node	5984861330	car_passage_denied
blocked_node	5984861331	car_passage_denied
ignored_node_rule	5990247770	barrier_without_clear_denial
ignored_node_rule	5993560012	barrier_without_clear_denial
ignored_node_rule	6001807806	barrier_without_clear_denial
ignored_node_rule	6001807807	barrier_without_clear_denial
ignored_node_rule	6001808042	barrier_without_clear_denial
ignored_node_rule	6001808073	barrier_without_clear_denial
ignored_node_rule	6021150442	barrier_without_clear_denial
ignored_node_rule	6021150464	barrier_without_clear_denial
ignored_node_rule	6021150477	barrier_without_clear_denial
ignored_node_rule	6027178138	barrier_without_clear_denial
ignored_node_rule	6027178156	barrier_without_clear_denial
ignored_node_rule	6036715737	barrier_without_clear_denial
ignored_node_rule	6045977459	barrier_without_clear_denial
ignored_node_rule	6139807378	barrier_without_clear_denial
blocked_node	6156780130	car_passage_denied
ignored_node_rule	6169946753	barrier_without_clear_denial
blocked_node	6202833313	car_passage_denied
ignored_node_rule	6202833315	barrier_without_clear_denial
ignored_node_rule	6220350720	barrier_without_clear_denial
ignored_node_rule	6220350723	barrier_without_clear_denial
ignored_node_rule	6237605849	barrier_without_clear_denial
ignored_node_rule	6243842094	barrier_without_clear_denial
ignored_node_rule	6247357381	barrier_without_clear_denial
blocked_node	6247495927	car_passage_denied
blocked_node	6247495928	car_passage_denied
blocked_node	6247495929	car_passage_denied
blocked_node	6247495930	car_passage_denied
blocked_node	6247495931	car_passage_denied
blocked_node	6247495940	car_passage_denied
blocked_node	6247495941	car_passage_denied
ignored_node_rule	6255737457	barrier_without_clear_denial
ignored_node_rule	6263361004	barrier_without_clear_denial
ignored_node_rule	6263361005	barrier_without_clear_denial
ignored_node_rule	6268365961	barrier_without_clear_denial
ignored_node_rule	6268365980	barrier_without_clear_denial
ignored_node_rule	6268366284	barrier_without_clear_denial
ignored_node_rule	6268366300	barrier_without_clear_denial
ignored_node_rule	6268366378	barrier_without_clear_denial
ignored_node_rule	6271015632	barrier_without_clear_denial
ignored_node_rule	6281157450	barrier_without_clear_denial
ignored_node_rule	6281157451	barrier_without_clear_denial
ignored_node_rule	6281160539	barrier_without_clear_denial
ignored_node_rule	6284007744	barrier_without_clear_denial
blocked_node	6284009504	car_passage_denied
ignored_node_rule	6342410609	barrier_without_clear_denial
ignored_node_rule	6357873803	barrier_without_clear_denial
ignored_node_rule	6360539691	barrier_without_clear_denial
ignored_node_rule	6360539692	barrier_without_clear_denial
ignored_node_rule	6370371431	barrier_without_clear_denial
ignored_node_rule	6384944846	barrier_without_clear_denial
blocked_node	6386982607	car_passage_denied
blocked_node	6386982608	car_passage_denied
blocked_node	6386982609	car_passage_denied
blocked_node	6386982610	car_passage_denied
ignored_node_rule	6387095100	barrier_without_clear_denial
ignored_node_rule	6387095101	barrier_without_clear_denial
ignored_node_rule	6393972191	barrier_without_clear_denial
ignored_node_rule	6397616928	barrier_without_clear_denial
ignored_node_rule	6397616929	barrier_without_clear_denial
ignored_node_rule	6406044323	barrier_without_clear_denial
ignored_node_rule	6433491299	barrier_without_clear_denial
ignored_node_rule	6438562659	barrier_without_clear_denial
ignored_node_rule	6438622685	barrier_without_clear_denial
ignored_node_rule	6440410255	barrier_without_clear_denial
ignored_node_rule	6440410260	barrier_without_clear_denial
ignored_node_rule	6440436846	barrier_without_clear_denial
blocked_node	6445427944	car_passage_denied
ignored_node_rule	6451244587	barrier_without_clear_denial
ignored_node_rule	6451705040	barrier_without_clear_denial
blocked_node	6454983006	car_passage_denied
ignored_node_rule	6457105394	barrier_without_clear_denial
ignored_node_rule	6457136170	barrier_without_clear_denial
ignored_node_rule	6457167630	barrier_without_clear_denial
ignored_node_rule	6457169315	barrier_without_clear_denial
ignored_node_rule	6469476230	barrier_without_clear_denial
ignored_node_rule	6475586125	barrier_without_clear_denial
ignored_node_rule	6480106016	barrier_without_clear_denial
ignored_node_rule	6480164434	barrier_without_clear_denial
ignored_node_rule	6480273803	barrier_without_clear_denial
ignored_node_rule	6480398035	barrier_without_clear_denial
ignored_node_rule	6480740402	barrier_without_clear_denial
ignored_node_rule	6483562656	barrier_without_clear_denial
ignored_node_rule	6483642698	barrier_without_clear_denial
ignored_node_rule	6485067896	barrier_without_clear_denial
ignored_node_rule	6485123745	barrier_without_clear_denial
ignored_node_rule	6485149182	barrier_without_clear_denial
ignored_node_rule	6487444068	barrier_without_clear_denial
ignored_node_rule	6487623486	barrier_without_clear_denial
ignored_node_rule	6487681176	barrier_without_clear_denial
ignored_node_rule	6490457657	barrier_without_clear_denial
ignored_node_rule	6490681624	barrier_without_clear_denial
ignored_node_rule	6490684123	barrier_without_clear_denial
ignored_node_rule	6494940074	barrier_without_clear_denial
blocked_node	6494940659	car_passage_denied
ignored_node_rule	6497467546	barrier_without_clear_denial
ignored_node_rule	6497468403	barrier_without_clear_denial
ignored_node_rule	6497584481	barrier_without_clear_denial
ignored_node_rule	6497713512	barrier_without_clear_denial
ignored_node_rule	6512802463	barrier_without_clear_denial
ignored_node_rule	6512802483	barrier_without_clear_denial
ignored_node_rule	6512802785	barrier_without_clear_denial
ignored_node_rule	6512802811	barrier_without_clear_denial
ignored_node_rule	6512802812	barrier_without_clear_denial
blocked_node	6534710596	car_passage_denied
ignored_node_rule	6574262107	barrier_without_clear_denial
blocked_node	6578088022	car_passage_denied
ignored_node_rule	6578094151	barrier_without_clear_denial
ignored_node_rule	6579705264	barrier_without_clear_denial
ignored_node_rule	6596122332	barrier_without_clear_denial
ignored_node_rule	6602971742	barrier_without_clear_denial
ignored_node_rule	6607108099	barrier_without_clear_denial
ignored_node_rule	6609268993	barrier_without_clear_denial
ignored_node_rule	6610389299	barrier_without_clear_denial
ignored_node_rule	6627243084	barrier_without_clear_denial
ignored_node_rule	6627252036	barrier_without_clear_denial
ignored_node_rule	6632971928	barrier_without_clear_denial
ignored_node_rule	6637059820	barrier_without_clear_denial
ignored_node_rule	6637059823	barrier_without_clear_denial
ignored_node_rule	6645549544	barrier_without_clear_denial
ignored_node_rule	6645549546	barrier_without_clear_denial
ignored_node_rule	6645626430	barrier_without_clear_denial
ignored_node_rule	6645627542	barrier_without_clear_denial
ignored_node_rule	6645627543	barrier_without_clear_denial
ignored_node_rule	6645627545	barrier_without_clear_denial
ignored_node_rule	6645627582	barrier_without_clear_denial
ignored_node_rule	6645629342	barrier_without_clear_denial
ignored_node_rule	6645629343	barrier_without_clear_denial
ignored_node_rule	6645673189	barrier_without_clear_denial
ignored_node_rule	6645683743	barrier_without_clear_denial
ignored_node_rule	6645683745	barrier_without_clear_denial
ignored_node_rule	6645683757	barrier_without_clear_denial
ignored_node_rule	6659367010	barrier_without_clear_denial
ignored_node_rule	6659367016	barrier_without_clear_denial
ignored_node_rule	6663509199	barrier_without_clear_denial
ignored_node_rule	6665134223	barrier_without_clear_denial
ignored_node_rule	6665134224	barrier_without_clear_denial
ignored_node_rule	6665134232	barrier_without_clear_denial
ignored_node_rule	6665134241	barrier_without_clear_denial
ignored_node_rule	6665134244	barrier_without_clear_denial
ignored_node_rule	6665134246	barrier_without_clear_denial
ignored_node_rule	6673559418	barrier_without_clear_denial
ignored_node_rule	6673559422	barrier_without_clear_denial
ignored_node_rule	6673559425	barrier_without_clear_denial
ignored_node_rule	6675882241	barrier_without_clear_denial
ignored_node_rule	6675882245	barrier_without_clear_denial
ignored_node_rule	6675882246	barrier_without_clear_denial
ignored_node_rule	6677066666	barrier_without_clear_denial
ignored_node_rule	6677079910	barrier_without_clear_denial
ignored_node_rule	6679542681	barrier_without_clear_denial
ignored_node_rule	6679602698	barrier_without_clear_denial
ignored_node_rule	6679602700	barrier_without_clear_denial
ignored_node_rule	6679602704	barrier_without_clear_denial
ignored_node_rule	6679602706	barrier_without_clear_denial
ignored_node_rule	6679602722	barrier_without_clear_denial
ignored_node_rule	6679609153	barrier_without_clear_denial
blocked_node	6687090856	car_passage_denied
ignored_node_rule	6696700533	barrier_without_clear_denial
blocked_node	6705153841	car_passage_denied
ignored_node_rule	6705153845	barrier_without_clear_denial
ignored_node_rule	6715215905	barrier_without_clear_denial
ignored_node_rule	6715354228	barrier_without_clear_denial
ignored_node_rule	6717876602	barrier_without_clear_denial
ignored_node_rule	6717954219	barrier_without_clear_denial
ignored_node_rule	6726145962	barrier_without_clear_denial
ignored_node_rule	6726145965	barrier_without_clear_denial
ignored_node_rule	6763839635	barrier_without_clear_denial
ignored_node_rule	6769135833	barrier_without_clear_denial
ignored_node_rule	6777740794	barrier_without_clear_denial
ignored_node_rule	6777740795	barrier_without_clear_denial
ignored_node_rule	6777740796	barrier_without_clear_denial
ignored_node_rule	6777740797	barrier_without_clear_denial
blocked_node	6794735353	car_passage_denied
ignored_node_rule	6976690006	barrier_without_clear_denial
ignored_node_rule	7011335785	barrier_without_clear_denial
ignored_node_rule	7031573269	barrier_without_clear_denial
ignored_node_rule	7031573279	barrier_without_clear_denial
ignored_node_rule	7041277700	barrier_without_clear_denial
ignored_node_rule	7041277717	barrier_without_clear_denial
blocked_node	7041544900	car_passage_denied
ignored_node_rule	7041659747	barrier_without_clear_denial
ignored_node_rule	7041675143	barrier_without_clear_denial
ignored_node_rule	7041737597	barrier_without_clear_denial
ignored_node_rule	7049491348	barrier_without_clear_denial
ignored_node_rule	7049491349	barrier_without_clear_denial
ignored_node_rule	7049491352	barrier_without_clear_denial
ignored_node_rule	7062620333	barrier_without_clear_denial
ignored_node_rule	7068925246	barrier_without_clear_denial
ignored_node_rule	7068925247	barrier_without_clear_denial
ignored_node_rule	7085521795	barrier_without_clear_denial
ignored_node_rule	7087979619	barrier_without_clear_denial
blocked_node	7095228304	car_passage_denied
ignored_node_rule	7095228310	barrier_without_clear_denial
ignored_node_rule	7097886705	barrier_without_clear_denial
ignored_node_rule	7097886707	barrier_without_clear_denial
ignored_node_rule	7101916124	barrier_without_clear_denial
blocked_node	7106299080	car_passage_denied
ignored_node_rule	7121587903	barrier_without_clear_denial
ignored_node_rule	7121587904	barrier_without_clear_denial
blocked_node	7125632270	car_passage_denied
blocked_node	7125639884	car_passage_denied
ignored_node_rule	7167660809	barrier_without_clear_denial
ignored_node_rule	7168221165	barrier_without_clear_denial
blocked_node	7168221307	car_passage_denied
ignored_node_rule	7168221308	barrier_without_clear_denial
ignored_node_rule	7168266967	barrier_without_clear_denial
ignored_node_rule	7176684813	barrier_without_clear_denial
ignored_node_rule	7193252560	barrier_without_clear_denial
ignored_node_rule	7193268473	barrier_without_clear_denial
ignored_node_rule	7193281898	barrier_without_clear_denial
ignored_node_rule	7210872211	barrier_without_clear_denial
ignored_node_rule	7210872215	barrier_without_clear_denial
ignored_node_rule	7226624791	barrier_without_clear_denial
ignored_node_rule	7245953135	barrier_without_clear_denial
ignored_node_rule	7246189806	barrier_without_clear_denial
ignored_node_rule	7252283283	barrier_without_clear_denial
ignored_node_rule	7293357283	barrier_without_clear_denial
ignored_node_rule	7301736113	barrier_without_clear_denial
ignored_node_rule	7376009501	barrier_without_clear_denial
ignored_node_rule	7483551550	barrier_without_clear_denial
ignored_node_rule	7483551558	barrier_without_clear_denial
ignored_node_rule	7517357216	barrier_without_clear_denial
blocked_node	7523711203	car_passage_denied
blocked_node	7523711204	car_passage_denied
ignored_node_rule	7527831705	barrier_without_clear_denial
ignored_node_rule	7527831708	barrier_without_clear_denial
blocked_node	7532247495	car_passage_denied
blocked_node	7532919268	car_passage_denied
blocked_node	7532919269	car_passage_denied
blocked_node	7532919276	car_passage_denied
blocked_node	7532919279	car_passage_denied
blocked_node	7532971285	car_passage_denied
blocked_node	7532971290	car_passage_denied
blocked_node	7532971295	car_passage_denied
ignored_node_rule	7542900046	barrier_without_clear_denial
ignored_node_rule	7542900047	barrier_without_clear_denial
ignored_node_rule	7544098550	barrier_without_clear_denial
ignored_node_rule	7546763367	barrier_without_clear_denial
blocked_node	7576417681	car_passage_denied
ignored_node_rule	7579710690	barrier_without_clear_denial
ignored_node_rule	7579710704	barrier_without_clear_denial
ignored_node_rule	7579710707	barrier_without_clear_denial
ignored_node_rule	7579710719	barrier_without_clear_denial
ignored_node_rule	7588099964	barrier_without_clear_denial
blocked_node	7599709244	car_passage_denied
blocked_node	7599719762	car_passage_denied
blocked_node	7599719775	car_passage_denied
ignored_node_rule	7600624094	barrier_without_clear_denial
ignored_node_rule	7600624095	barrier_without_clear_denial
ignored_node_rule	7601701812	barrier_without_clear_denial
ignored_node_rule	7601718290	barrier_without_clear_denial
ignored_node_rule	7601721469	barrier_without_clear_denial
ignored_node_rule	7607455955	barrier_without_clear_denial
ignored_node_rule	7607455970	barrier_without_clear_denial
ignored_node_rule	7607455979	barrier_without_clear_denial
ignored_node_rule	7607455982	barrier_without_clear_denial
ignored_node_rule	7610595763	barrier_without_clear_denial
ignored_node_rule	7617559874	barrier_without_clear_denial
ignored_node_rule	7617572220	barrier_without_clear_denial
ignored_node_rule	7619327702	barrier_without_clear_denial
ignored_node_rule	7619327730	barrier_without_clear_denial
ignored_node_rule	7619327731	barrier_without_clear_denial
ignored_node_rule	7625713708	barrier_without_clear_denial
ignored_node_rule	7625713711	barrier_without_clear_denial
ignored_node_rule	7625713714	barrier_without_clear_denial
ignored_node_rule	7633936880	barrier_without_clear_denial
ignored_node_rule	7639571249	barrier_without_clear_denial
ignored_node_rule	7639578972	barrier_without_clear_denial
ignored_node_rule	7655164027	barrier_without_clear_denial
ignored_node_rule	7676556629	barrier_without_clear_denial
ignored_node_rule	7677102090	barrier_without_clear_denial
ignored_node_rule	7677102121	barrier_without_clear_denial
ignored_node_rule	7677264072	barrier_without_clear_denial
blocked_node	7677264076	car_passage_denied
ignored_node_rule	7677568504	barrier_without_clear_denial
ignored_node_rule	7707411969	barrier_without_clear_denial
ignored_node_rule	7707436407	barrier_without_clear_denial
ignored_node_rule	7707436508	barrier_without_clear_denial
ignored_node_rule	7707436592	barrier_without_clear_denial
ignored_node_rule	7707436611	barrier_without_clear_denial
ignored_node_rule	7707436613	barrier_without_clear_denial
ignored_node_rule	7765365854	barrier_without_clear_denial
ignored_node_rule	7796839756	barrier_without_clear_denial
blocked_node	7804711164	car_passage_denied
ignored_node_rule	7819021902	barrier_without_clear_denial
ignored_node_rule	7819021903	barrier_without_clear_denial
ignored_node_rule	7819021909	barrier_without_clear_denial
ignored_node_rule	7852232308	barrier_without_clear_denial
ignored_node_rule	7856240864	barrier_without_clear_denial
ignored_node_rule	7856240868	barrier_without_clear_denial
ignored_node_rule	7877656365	barrier_without_clear_denial
blocked_node	7887422308	car_passage_denied
ignored_node_rule	7897038481	barrier_without_clear_denial
ignored_node_rule	7900810045	barrier_without_clear_denial
ignored_node_rule	7900812704	barrier_without_clear_denial
ignored_node_rule	7900812742	barrier_without_clear_denial
ignored_node_rule	7905592003	barrier_without_clear_denial
ignored_node_rule	7905592006	barrier_without_clear_denial
ignored_node_rule	7905604196	barrier_without_clear_denial
ignored_node_rule	7936144200	barrier_without_clear_denial
ignored_node_rule	7947324952	barrier_without_clear_denial
ignored_node_rule	7947324953	barrier_without_clear_denial
ignored_node_rule	7968011521	barrier_without_clear_denial
ignored_node_rule	7979785946	barrier_without_clear_denial
ignored_node_rule	7981145727	barrier_without_clear_denial
ignored_node_rule	7983631007	barrier_without_clear_denial
ignored_node_rule	7983631008	barrier_without_clear_denial
ignored_node_rule	7983631009	barrier_without_clear_denial
ignored_node_rule	7983631010	barrier_without_clear_denial
ignored_node_rule	7983631011	barrier_without_clear_denial
blocked_node	7994945070	car_passage_denied
blocked_node	7994945071	car_passage_denied
ignored_node_rule	8013288298	barrier_without_clear_denial
ignored_node_rule	8013288306	barrier_without_clear_denial
ignored_node_rule	8039746576	barrier_without_clear_denial
ignored_node_rule	8039746577	barrier_without_clear_denial
ignored_node_rule	8039746578	barrier_without_clear_denial
blocked_node	8062825512	car_passage_denied
ignored_node_rule	8070769177	barrier_without_clear_denial
ignored_node_rule	8070769178	barrier_without_clear_denial
ignored_node_rule	8071406365	barrier_without_clear_denial
ignored_node_rule	8086463012	barrier_without_clear_denial
ignored_node_rule	8086583709	barrier_without_clear_denial
ignored_node_rule	8086952906	barrier_without_clear_denial
ignored_node_rule	8086956124	barrier_without_clear_denial
ignored_node_rule	8086956235	barrier_without_clear_denial
ignored_node_rule	8100282610	barrier_without_clear_denial
ignored_node_rule	8100282611	barrier_without_clear_denial
ignored_node_rule	8100282612	barrier_without_clear_denial
ignored_node_rule	8100282613	barrier_without_clear_denial
ignored_node_rule	8116548371	barrier_without_clear_denial
ignored_node_rule	8116548381	barrier_without_clear_denial
ignored_node_rule	8118609623	barrier_without_clear_denial
ignored_node_rule	8118609624	barrier_without_clear_denial
ignored_node_rule	8118609625	barrier_without_clear_denial
ignored_node_rule	8118609626	barrier_without_clear_denial
ignored_node_rule	8118609627	barrier_without_clear_denial
ignored_node_rule	8123591166	barrier_without_clear_denial
ignored_node_rule	8141603259	barrier_without_clear_denial
ignored_node_rule	8141603260	barrier_without_clear_denial
ignored_node_rule	8141603261	barrier_without_clear_denial
ignored_node_rule	8141603273	barrier_without_clear_denial
ignored_node_rule	8141603274	barrier_without_clear_denial
ignored_node_rule	8141603275	barrier_without_clear_denial
ignored_node_rule	8141603276	barrier_without_clear_denial
ignored_node_rule	8144373842	barrier_without_clear_denial
ignored_node_rule	8185369166	barrier_without_clear_denial
ignored_node_rule	8185369167	barrier_without_clear_denial
ignored_node_rule	8189270093	barrier_without_clear_denial
ignored_node_rule	8219236214	barrier_without_clear_denial
ignored_node_rule	8222249012	barrier_without_clear_denial
ignored_node_rule	8222249013	barrier_without_clear_denial
ignored_node_rule	8222249014	barrier_without_clear_denial
ignored_node_rule	8222249015	barrier_without_clear_denial
ignored_node_rule	8243187181	barrier_without_clear_denial
ignored_node_rule	8244451478	barrier_without_clear_denial
ignored_node_rule	8244451479	barrier_without_clear_denial
ignored_node_rule	8244451480	barrier_without_clear_denial
ignored_node_rule	8244451481	barrier_without_clear_denial
ignored_node_rule	8273045272	barrier_without_clear_denial
ignored_node_rule	8280252343	barrier_without_clear_denial
ignored_node_rule	8280252344	barrier_without_clear_denial
ignored_node_rule	8301398777	barrier_without_clear_denial
blocked_node	8317996181	car_passage_denied
ignored_node_rule	8333771424	barrier_without_clear_denial
ignored_node_rule	8343485051	barrier_without_clear_denial
ignored_node_rule	8348275727	barrier_without_clear_denial
ignored_node_rule	8371766892	barrier_without_clear_denial
ignored_node_rule	8376423659	barrier_without_clear_denial
ignored_node_rule	8382751960	barrier_without_clear_denial
ignored_node_rule	8385802683	barrier_without_clear_denial
ignored_node_rule	8394283976	barrier_without_clear_denial
ignored_node_rule	8433338576	barrier_without_clear_denial
ignored_node_rule	8437816497	barrier_without_clear_denial
ignored_node_rule	8437816504	barrier_without_clear_denial
ignored_node_rule	8451529160	barrier_without_clear_denial
ignored_node_rule	8453937672	barrier_without_clear_denial
ignored_node_rule	8453962031	barrier_without_clear_denial
ignored_node_rule	8453975653	barrier_without_clear_denial
ignored_node_rule	8455698146	barrier_without_clear_denial
ignored_node_rule	8459790624	barrier_without_clear_denial
ignored_node_rule	8459790650	barrier_without_clear_denial
ignored_node_rule	8459790651	barrier_without_clear_denial
ignored_node_rule	8486671812	barrier_without_clear_denial
ignored_node_rule	8488732328	barrier_without_clear_denial
ignored_node_rule	8488867989	barrier_without_clear_denial
blocked_node	8489910519	car_passage_denied
ignored_node_rule	8499797284	barrier_without_clear_denial
ignored_node_rule	8509163845	barrier_without_clear_denial
ignored_node_rule	8532153255	barrier_without_clear_denial
ignored_node_rule	8532169158	barrier_without_clear_denial
ignored_node_rule	8555998757	barrier_without_clear_denial
ignored_node_rule	8555998764	barrier_without_clear_denial
ignored_node_rule	8555998765	barrier_without_clear_denial
ignored_node_rule	8568095707	barrier_without_clear_denial
blocked_node	8568162300	car_passage_denied
ignored_node_rule	8568162301	barrier_without_clear_denial
ignored_node_rule	8568203473	barrier_without_clear_denial
ignored_node_rule	8568203474	barrier_without_clear_denial
ignored_node_rule	8568858728	barrier_without_clear_denial
ignored_node_rule	8568858841	barrier_without_clear_denial
ignored_node_rule	8568858842	barrier_without_clear_denial
ignored_node_rule	8568858843	barrier_without_clear_denial
ignored_node_rule	8568858844	barrier_without_clear_denial
ignored_node_rule	8573592293	barrier_without_clear_denial
ignored_node_rule	8574227717	barrier_without_clear_denial
ignored_node_rule	8624535335	barrier_without_clear_denial
ignored_node_rule	8653510628	barrier_without_clear_denial
ignored_node_rule	8653510629	barrier_without_clear_denial
ignored_node_rule	8653510630	barrier_without_clear_denial
ignored_node_rule	8653510631	barrier_without_clear_denial
ignored_node_rule	8653510632	barrier_without_clear_denial
ignored_node_rule	8653510633	barrier_without_clear_denial
ignored_node_rule	8666411249	barrier_without_clear_denial
blocked_node	8679906863	car_passage_denied
ignored_node_rule	8679906899	barrier_without_clear_denial
ignored_node_rule	8727059731	barrier_without_clear_denial
ignored_node_rule	8727059737	barrier_without_clear_denial
ignored_node_rule	8727059738	barrier_without_clear_denial
ignored_node_rule	8727059739	barrier_without_clear_denial
ignored_node_rule	8727059740	barrier_without_clear_denial
ignored_node_rule	8749605874	barrier_without_clear_denial
ignored_node_rule	8749605895	barrier_without_clear_denial
ignored_node_rule	8749605896	barrier_without_clear_denial
blocked_node	8761358838	car_passage_denied
ignored_node_rule	8867200917	barrier_without_clear_denial
ignored_node_rule	8867202717	barrier_without_clear_denial
ignored_node_rule	8867671278	barrier_without_clear_denial
ignored_node_rule	8867671279	barrier_without_clear_denial
ignored_node_rule	8900434826	barrier_without_clear_denial
ignored_node_rule	9008972112	barrier_without_clear_denial
ignored_node_rule	9012872269	barrier_without_clear_denial
ignored_node_rule	9012898370	barrier_without_clear_denial
ignored_node_rule	9013378361	barrier_without_clear_denial
ignored_node_rule	9013378362	barrier_without_clear_denial
ignored_node_rule	9013378363	barrier_without_clear_denial
ignored_node_rule	9013378365	barrier_without_clear_denial
ignored_node_rule	9013378366	barrier_without_clear_denial
ignored_node_rule	9013405171	barrier_without_clear_denial
ignored_node_rule	9013405173	barrier_without_clear_denial
ignored_node_rule	9013405174	barrier_without_clear_denial
ignored_node_rule	9013405176	barrier_without_clear_denial
ignored_node_rule	9013405177	barrier_without_clear_denial
ignored_node_rule	9014809754	barrier_without_clear_denial
ignored_node_rule	9014809762	barrier_without_clear_denial
ignored_node_rule	9019207046	barrier_without_clear_denial
ignored_node_rule	9019207048	barrier_without_clear_denial
ignored_node_rule	9019207049	barrier_without_clear_denial
ignored_node_rule	9019207050	barrier_without_clear_denial
ignored_node_rule	9019207218	barrier_without_clear_denial
ignored_node_rule	9019207219	barrier_without_clear_denial
ignored_node_rule	9019207221	barrier_without_clear_denial
ignored_node_rule	9019207223	barrier_without_clear_denial
ignored_node_rule	9019207224	barrier_without_clear_denial
ignored_node_rule	9019207225	barrier_without_clear_denial
ignored_node_rule	9019270519	barrier_without_clear_denial
ignored_node_rule	9019270521	barrier_without_clear_denial
ignored_node_rule	9019270522	barrier_without_clear_denial
ignored_node_rule	9019270523	barrier_without_clear_denial
ignored_node_rule	9019270525	barrier_without_clear_denial
ignored_node_rule	9019270527	barrier_without_clear_denial
ignored_node_rule	9026007345	barrier_without_clear_denial
ignored_node_rule	9026007348	barrier_without_clear_denial
ignored_node_rule	9037258011	barrier_without_clear_denial
ignored_node_rule	9037258012	barrier_without_clear_denial
ignored_node_rule	9049863412	barrier_without_clear_denial
ignored_node_rule	9049863413	barrier_without_clear_denial
ignored_node_rule	9062007222	barrier_without_clear_denial
ignored_node_rule	9062007223	barrier_without_clear_denial
ignored_node_rule	9075285899	barrier_without_clear_denial
ignored_node_rule	9110938832	barrier_without_clear_denial
ignored_node_rule	9110938833	barrier_without_clear_denial
ignored_node_rule	9112296405	barrier_without_clear_denial
ignored_node_rule	9115597626	barrier_without_clear_denial
ignored_node_rule	9115597627	barrier_without_clear_denial
ignored_node_rule	9115597634	barrier_without_clear_denial
ignored_node_rule	9115597647	barrier_without_clear_denial
ignored_node_rule	9115661010	barrier_without_clear_denial
ignored_node_rule	9144885658	barrier_without_clear_denial
ignored_node_rule	9195439363	barrier_without_clear_denial
ignored_node_rule	9195439364	barrier_without_clear_denial
ignored_node_rule	9214740285	barrier_without_clear_denial
ignored_node_rule	9214740286	barrier_without_clear_denial
ignored_node_rule	9214740287	barrier_without_clear_denial
ignored_node_rule	9214740312	barrier_without_clear_denial
ignored_node_rule	9239298312	barrier_without_clear_denial
ignored_node_rule	9239298313	barrier_without_clear_denial
ignored_node_rule	9239376030	barrier_without_clear_denial
ignored_node_rule	9265926976	barrier_without_clear_denial
blocked_node	9271773860	car_passage_denied
blocked_node	9284754245	car_passage_denied
ignored_node_rule	9293751154	barrier_without_clear_denial
ignored_node_rule	9293751155	barrier_without_clear_denial
ignored_node_rule	9293751156	barrier_without_clear_denial
ignored_node_rule	9293751157	barrier_without_clear_denial
blocked_node	9298517911	car_passage_denied
ignored_node_rule	9300018025	barrier_without_clear_denial
ignored_node_rule	9308080830	barrier_without_clear_denial
ignored_node_rule	9308080831	barrier_without_clear_denial
blocked_node	9341135201	car_passage_denied
blocked_node	9341135215	car_passage_denied
ignored_node_rule	9341737461	barrier_without_clear_denial
ignored_node_rule	9344083064	barrier_without_clear_denial
ignored_node_rule	9344083067	barrier_without_clear_denial
ignored_node_rule	9344083083	barrier_without_clear_denial
ignored_node_rule	9344083084	barrier_without_clear_denial
ignored_node_rule	9344083085	barrier_without_clear_denial
ignored_node_rule	9344083086	barrier_without_clear_denial
ignored_node_rule	9344083095	barrier_without_clear_denial
ignored_node_rule	9344083102	barrier_without_clear_denial
ignored_node_rule	9355684921	barrier_without_clear_denial
ignored_node_rule	9445581165	barrier_without_clear_denial
ignored_node_rule	9445581181	barrier_without_clear_denial
ignored_node_rule	9446254473	barrier_without_clear_denial
ignored_node_rule	9460385409	barrier_without_clear_denial
ignored_node_rule	9467510401	barrier_without_clear_denial
ignored_node_rule	9483618386	barrier_without_clear_denial
ignored_node_rule	9483618415	barrier_without_clear_denial
ignored_node_rule	9533782444	barrier_without_clear_denial
ignored_node_rule	9534964680	barrier_without_clear_denial
ignored_node_rule	9534964701	barrier_without_clear_denial
ignored_node_rule	9609292470	barrier_without_clear_denial
ignored_node_rule	9609292491	barrier_without_clear_denial
ignored_node_rule	9609468531	barrier_without_clear_denial
ignored_node_rule	9609468576	barrier_without_clear_denial
ignored_node_rule	9610818582	barrier_without_clear_denial
ignored_node_rule	9621002478	barrier_without_clear_denial
ignored_node_rule	9623430980	barrier_without_clear_denial
ignored_node_rule	9623430981	barrier_without_clear_denial
ignored_node_rule	9623456683	barrier_without_clear_denial
ignored_node_rule	9623456688	barrier_without_clear_denial
ignored_node_rule	9625315904	barrier_without_clear_denial
blocked_node	9625998660	car_passage_denied
blocked_node	9625998714	car_passage_denied
blocked_node	9632500724	car_passage_denied
ignored_node_rule	9632500739	barrier_without_clear_denial
ignored_node_rule	9632500740	barrier_without_clear_denial
ignored_node_rule	9653105510	barrier_without_clear_denial
ignored_node_rule	9653669206	barrier_without_clear_denial
ignored_node_rule	9676354950	barrier_without_clear_denial
blocked_node	9687608853	car_passage_denied
blocked_node	9687608918	car_passage_denied
ignored_node_rule	9691296159	barrier_without_clear_denial
ignored_node_rule	9691296160	barrier_without_clear_denial
ignored_node_rule	9691296163	barrier_without_clear_denial
ignored_node_rule	9691296164	barrier_without_clear_denial
ignored_node_rule	9691296171	barrier_without_clear_denial
ignored_node_rule	9691296172	barrier_without_clear_denial
blocked_node	9701302571	car_passage_denied
blocked_node	9702640904	car_passage_denied
blocked_node	9702640905	car_passage_denied
blocked_node	9702658969	car_passage_denied
blocked_node	9702658970	car_passage_denied
ignored_node_rule	9711448850	barrier_without_clear_denial
ignored_node_rule	9717312627	barrier_without_clear_denial
ignored_node_rule	9720456437	barrier_without_clear_denial
ignored_node_rule	9726733762	barrier_without_clear_denial
blocked_node	9729597574	car_passage_denied
blocked_node	9729597575	car_passage_denied
blocked_node	9729597576	car_passage_denied
blocked_node	9729597577	car_passage_denied
blocked_node	9729597578	car_passage_denied
blocked_node	9729597579	car_passage_denied
ignored_node_rule	9731423279	barrier_without_clear_denial
blocked_node	9734417430	car_passage_denied
blocked_node	9734417431	car_passage_denied
blocked_node	9735011532	car_passage_denied
ignored_node_rule	9739604419	barrier_without_clear_denial
ignored_node_rule	9739604428	barrier_without_clear_denial
ignored_node_rule	9739604429	barrier_without_clear_denial
ignored_node_rule	9740341292	barrier_without_clear_denial
ignored_node_rule	9740341293	barrier_without_clear_denial
ignored_node_rule	9740341306	barrier_without_clear_denial
blocked_node	9750722967	car_passage_denied
blocked_node	9750722968	car_passage_denied
ignored_node_rule	9776882915	barrier_without_clear_denial
ignored_node_rule	9776882916	barrier_without_clear_denial
ignored_node_rule	9776882970	barrier_without_clear_denial
ignored_node_rule	9776882971	barrier_without_clear_denial
ignored_node_rule	9776882981	barrier_without_clear_denial
ignored_node_rule	9776882997	barrier_without_clear_denial
ignored_node_rule	9795959763	barrier_without_clear_denial
blocked_node	9808076977	car_passage_denied
blocked_node	9808076978	car_passage_denied
blocked_node	9814594895	car_passage_denied
blocked_node	9814594896	car_passage_denied
blocked_node	9814594897	car_passage_denied
blocked_node	9814594898	car_passage_denied
blocked_node	9814594899	car_passage_denied
blocked_node	9814594900	car_passage_denied
blocked_node	9814594901	car_passage_denied
blocked_node	9814594902	car_passage_denied
blocked_node	9814594903	car_passage_denied
blocked_node	9814594904	car_passage_denied
blocked_node	9814594905	car_passage_denied
blocked_node	9814594906	car_passage_denied
blocked_node	9814594907	car_passage_denied
blocked_node	9814594908	car_passage_denied
blocked_node	9814594909	car_passage_denied
blocked_node	9814594910	car_passage_denied
blocked_node	9814594911	car_passage_denied
ignored_node_rule	9816697235	barrier_without_clear_denial
ignored_node_rule	9816697236	barrier_without_clear_denial
ignored_node_rule	9816697237	barrier_without_clear_denial
ignored_node_rule	9816697238	barrier_without_clear_denial
ignored_node_rule	9816697239	barrier_without_clear_denial
ignored_node_rule	9816697240	barrier_without_clear_denial
ignored_node_rule	9816697241	barrier_without_clear_denial
ignored_node_rule	9816697242	barrier_without_clear_denial
ignored_node_rule	9816697243	barrier_without_clear_denial
ignored_node_rule	9816697244	barrier_without_clear_denial
ignored_node_rule	9816697245	barrier_without_clear_denial
ignored_node_rule	9816697246	barrier_without_clear_denial
ignored_node_rule	9816697247	barrier_without_clear_denial
ignored_node_rule	9816697248	barrier_without_clear_denial
ignored_node_rule	9816697249	barrier_without_clear_denial
ignored_node_rule	9816697250	barrier_without_clear_denial
ignored_node_rule	9816697251	barrier_without_clear_denial
ignored_node_rule	9816697252	barrier_without_clear_denial
blocked_node	9816702028	car_passage_denied
ignored_node_rule	9821577063	barrier_without_clear_denial
blocked_node	9822008784	car_passage_denied
ignored_node_rule	9890373503	barrier_without_clear_denial
ignored_node_rule	9890373504	barrier_without_clear_denial
ignored_node_rule	9891168550	barrier_without_clear_denial
ignored_node_rule	9891168551	barrier_without_clear_denial
ignored_node_rule	9891543468	barrier_without_clear_denial
ignored_node_rule	9891543482	barrier_without_clear_denial
ignored_node_rule	9891543483	barrier_without_clear_denial
ignored_node_rule	9891543484	barrier_without_clear_denial
ignored_node_rule	9891543485	barrier_without_clear_denial
ignored_node_rule	9891543491	barrier_without_clear_denial
ignored_node_rule	9891543492	barrier_without_clear_denial
ignored_node_rule	9891543494	barrier_without_clear_denial
ignored_node_rule	9891543495	barrier_without_clear_denial
ignored_node_rule	9891543497	barrier_without_clear_denial
ignored_node_rule	9891543500	barrier_without_clear_denial
ignored_node_rule	9891581224	barrier_without_clear_denial
ignored_node_rule	9891581238	barrier_without_clear_denial
ignored_node_rule	9891988078	barrier_without_clear_denial
ignored_node_rule	9891988079	barrier_without_clear_denial
ignored_node_rule	9891988082	barrier_without_clear_denial
ignored_node_rule	9891988083	barrier_without_clear_denial
ignored_node_rule	9891988084	barrier_without_clear_denial
ignored_node_rule	9891988085	barrier_without_clear_denial
ignored_node_rule	9891988086	barrier_without_clear_denial
ignored_node_rule	9891988087	barrier_without_clear_denial
ignored_node_rule	9891988088	barrier_without_clear_denial
ignored_node_rule	9891988089	barrier_without_clear_denial
ignored_node_rule	9891988090	barrier_without_clear_denial
ignored_node_rule	9891988091	barrier_without_clear_denial
ignored_node_rule	9891988100	barrier_without_clear_denial
ignored_node_rule	9893039443	barrier_without_clear_denial
ignored_node_rule	9893039445	barrier_without_clear_denial
ignored_node_rule	9893039450	barrier_without_clear_denial
ignored_node_rule	9893039451	barrier_without_clear_denial
ignored_node_rule	9893039454	barrier_without_clear_denial
blocked_node	9894677986	car_passage_denied
blocked_node	9896839882	car_passage_denied
ignored_node_rule	9899330385	barrier_without_clear_denial
ignored_node_rule	9899330386	barrier_without_clear_denial
ignored_node_rule	9899330407	barrier_without_clear_denial
ignored_node_rule	9899330408	barrier_without_clear_denial
ignored_node_rule	9915106448	barrier_without_clear_denial
ignored_node_rule	9925220591	barrier_without_clear_denial
ignored_node_rule	9926740413	barrier_without_clear_denial
ignored_node_rule	9927101751	barrier_without_clear_denial
ignored_node_rule	9927101752	barrier_without_clear_denial
ignored_node_rule	9927101753	barrier_without_clear_denial
ignored_node_rule	9927441205	barrier_without_clear_denial
blocked_node	9927944585	car_passage_denied
blocked_node	9927944586	car_passage_denied
blocked_node	9927944587	car_passage_denied
ignored_node_rule	9929185500	barrier_without_clear_denial
ignored_node_rule	9929185501	barrier_without_clear_denial
ignored_node_rule	9932120843	barrier_without_clear_denial
ignored_node_rule	9932120844	barrier_without_clear_denial
ignored_node_rule	9935096218	barrier_without_clear_denial
ignored_node_rule	9935096220	barrier_without_clear_denial
ignored_node_rule	9935096225	barrier_without_clear_denial
ignored_node_rule	9935096229	barrier_without_clear_denial
ignored_node_rule	9935096233	barrier_without_clear_denial
ignored_node_rule	9937120904	barrier_without_clear_denial
ignored_node_rule	9937135036	barrier_without_clear_denial
ignored_node_rule	9937135038	barrier_without_clear_denial
ignored_node_rule	9938355992	barrier_without_clear_denial
blocked_node	9942222787	car_passage_denied
ignored_node_rule	9954020349	barrier_without_clear_denial
ignored_node_rule	9963004366	barrier_without_clear_denial
ignored_node_rule	9966099874	barrier_without_clear_denial
ignored_node_rule	9966103620	barrier_without_clear_denial
ignored_node_rule	9966103646	barrier_without_clear_denial
ignored_node_rule	9967257178	barrier_without_clear_denial
ignored_node_rule	9967257179	barrier_without_clear_denial
ignored_node_rule	9970162902	barrier_without_clear_denial
blocked_node	9987494199	car_passage_denied
ignored_node_rule	9993029196	barrier_without_clear_denial
ignored_node_rule	9993129263	barrier_without_clear_denial
ignored_node_rule	9994432321	barrier_without_clear_denial
ignored_node_rule	9994432322	barrier_without_clear_denial
ignored_node_rule	10013215978	barrier_without_clear_denial
ignored_node_rule	10026329448	barrier_without_clear_denial
ignored_node_rule	10026329450	barrier_without_clear_denial
ignored_node_rule	10042313343	barrier_without_clear_denial
ignored_node_rule	10058763061	barrier_without_clear_denial
ignored_node_rule	10095465621	barrier_without_clear_denial
blocked_node	10103111278	car_passage_denied
ignored_node_rule	10120458953	barrier_without_clear_denial
ignored_node_rule	10120639331	barrier_without_clear_denial
ignored_node_rule	10120639356	barrier_without_clear_denial
ignored_node_rule	10142102501	barrier_without_clear_denial
ignored_node_rule	10142105948	barrier_without_clear_denial
ignored_node_rule	10149061660	barrier_without_clear_denial
ignored_node_rule	10159262019	barrier_without_clear_denial
blocked_node	10161802963	car_passage_denied
ignored_node_rule	10173013612	barrier_without_clear_denial
ignored_node_rule	10175150430	barrier_without_clear_denial
ignored_node_rule	10175150439	barrier_without_clear_denial
ignored_node_rule	10175150450	barrier_without_clear_denial
ignored_node_rule	10185882702	barrier_without_clear_denial
ignored_node_rule	10185882704	barrier_without_clear_denial
ignored_node_rule	10196231672	barrier_without_clear_denial
ignored_node_rule	10196231673	barrier_without_clear_denial
ignored_node_rule	10197162482	barrier_without_clear_denial
ignored_node_rule	10197162483	barrier_without_clear_denial
blocked_node	10201853776	car_passage_denied
blocked_node	10211469408	car_passage_denied
ignored_node_rule	10211469411	barrier_without_clear_denial
ignored_node_rule	10215050129	barrier_without_clear_denial
ignored_node_rule	10215050189	barrier_without_clear_denial
ignored_node_rule	10225621134	barrier_without_clear_denial
ignored_node_rule	10225621135	barrier_without_clear_denial
ignored_node_rule	10235890418	barrier_without_clear_denial
ignored_node_rule	10253202286	barrier_without_clear_denial
blocked_node	10269623967	car_passage_denied
blocked_node	10272461672	car_passage_denied
ignored_node_rule	10283000729	barrier_without_clear_denial
ignored_node_rule	10283000730	barrier_without_clear_denial
ignored_node_rule	10283000731	barrier_without_clear_denial
ignored_node_rule	10283000732	barrier_without_clear_denial
ignored_node_rule	10283000734	barrier_without_clear_denial
ignored_node_rule	10283000735	barrier_without_clear_denial
ignored_node_rule	10283000844	barrier_without_clear_denial
ignored_node_rule	10283000845	barrier_without_clear_denial
ignored_node_rule	10283000854	barrier_without_clear_denial
ignored_node_rule	10283000873	barrier_without_clear_denial
ignored_node_rule	10294539238	barrier_without_clear_denial
ignored_node_rule	10316011980	barrier_without_clear_denial
ignored_node_rule	10547920937	barrier_without_clear_denial
ignored_node_rule	10548306812	barrier_without_clear_denial
ignored_node_rule	10548306816	barrier_without_clear_denial
ignored_node_rule	10566625263	barrier_without_clear_denial
ignored_node_rule	10566625264	barrier_without_clear_denial
blocked_node	10567980970	car_passage_denied
blocked_node	10567981005	car_passage_denied
blocked_node	10581083706	car_passage_denied
ignored_node_rule	10680987546	barrier_without_clear_denial
ignored_node_rule	10685699865	barrier_without_clear_denial
ignored_node_rule	10685699881	barrier_without_clear_denial
ignored_node_rule	10685699884	barrier_without_clear_denial
ignored_node_rule	10685699886	barrier_without_clear_denial
ignored_node_rule	10687491872	barrier_without_clear_denial
blocked_node	10689687939	car_passage_denied
ignored_node_rule	10704043607	barrier_without_clear_denial
ignored_node_rule	10705706620	barrier_without_clear_denial
ignored_node_rule	10705706625	barrier_without_clear_denial
blocked_node	10720528660	car_passage_denied
ignored_node_rule	10733108573	barrier_without_clear_denial
ignored_node_rule	10733108574	barrier_without_clear_denial
ignored_node_rule	10733108575	barrier_without_clear_denial
ignored_node_rule	10733108576	barrier_without_clear_denial
ignored_node_rule	10733108577	barrier_without_clear_denial
ignored_node_rule	10733108578	barrier_without_clear_denial
ignored_node_rule	10733108579	barrier_without_clear_denial
ignored_node_rule	10733108580	barrier_without_clear_denial
ignored_node_rule	10773341349	barrier_without_clear_denial
ignored_node_rule	10773341350	barrier_without_clear_denial
blocked_node	10800478481	car_passage_denied
ignored_node_rule	10816188064	barrier_without_clear_denial
ignored_node_rule	10829592350	barrier_without_clear_denial
ignored_node_rule	10844106237	barrier_without_clear_denial
ignored_node_rule	10844106291	barrier_without_clear_denial
ignored_node_rule	10870417441	barrier_without_clear_denial
ignored_node_rule	10870427153	barrier_without_clear_denial
ignored_node_rule	10870427166	barrier_without_clear_denial
ignored_node_rule	10870427169	barrier_without_clear_denial
ignored_node_rule	10870427170	barrier_without_clear_denial
ignored_node_rule	10870427172	barrier_without_clear_denial
ignored_node_rule	10870506138	barrier_without_clear_denial
ignored_node_rule	10870506139	barrier_without_clear_denial
ignored_node_rule	10870506140	barrier_without_clear_denial
ignored_node_rule	10870506141	barrier_without_clear_denial
ignored_node_rule	10870506142	barrier_without_clear_denial
ignored_node_rule	10870506143	barrier_without_clear_denial
ignored_node_rule	10870506144	barrier_without_clear_denial
ignored_node_rule	10870515038	barrier_without_clear_denial
ignored_node_rule	10870515039	barrier_without_clear_denial
ignored_node_rule	10870515041	barrier_without_clear_denial
ignored_node_rule	10870515045	barrier_without_clear_denial
ignored_node_rule	10870515047	barrier_without_clear_denial
ignored_node_rule	10870515052	barrier_without_clear_denial
ignored_node_rule	10870515053	barrier_without_clear_denial
ignored_node_rule	10870544207	barrier_without_clear_denial
ignored_node_rule	10870544209	barrier_without_clear_denial
ignored_node_rule	10870544210	barrier_without_clear_denial
ignored_node_rule	10870544213	barrier_without_clear_denial
ignored_node_rule	10870544215	barrier_without_clear_denial
ignored_node_rule	10870544221	barrier_without_clear_denial
ignored_node_rule	10870544226	barrier_without_clear_denial
ignored_node_rule	10870544234	barrier_without_clear_denial
ignored_node_rule	10870544236	barrier_without_clear_denial
ignored_node_rule	10870544239	barrier_without_clear_denial
ignored_node_rule	10870544241	barrier_without_clear_denial
ignored_node_rule	10870544251	barrier_without_clear_denial
ignored_node_rule	10870544252	barrier_without_clear_denial
ignored_node_rule	10870544254	barrier_without_clear_denial
ignored_node_rule	10870544255	barrier_without_clear_denial
ignored_node_rule	10870544257	barrier_without_clear_denial
ignored_node_rule	10870544258	barrier_without_clear_denial
ignored_node_rule	10870544260	barrier_without_clear_denial
ignored_node_rule	10870544350	barrier_without_clear_denial
ignored_node_rule	10870544351	barrier_without_clear_denial
ignored_node_rule	10870544352	barrier_without_clear_denial
ignored_node_rule	10870544353	barrier_without_clear_denial
ignored_node_rule	10870544354	barrier_without_clear_denial
ignored_node_rule	10870544355	barrier_without_clear_denial
ignored_node_rule	10870544356	barrier_without_clear_denial
ignored_node_rule	10870544357	barrier_without_clear_denial
ignored_node_rule	10870544360	barrier_without_clear_denial
ignored_node_rule	10870544361	barrier_without_clear_denial
ignored_node_rule	10870544365	barrier_without_clear_denial
ignored_node_rule	10870544369	barrier_without_clear_denial
ignored_node_rule	10870551233	barrier_without_clear_denial
ignored_node_rule	10870551235	barrier_without_clear_denial
ignored_node_rule	10870551236	barrier_without_clear_denial
ignored_node_rule	10870551238	barrier_without_clear_denial
ignored_node_rule	10870551288	barrier_without_clear_denial
ignored_node_rule	10870551290	barrier_without_clear_denial
ignored_node_rule	10870551292	barrier_without_clear_denial
ignored_node_rule	10870551294	barrier_without_clear_denial
ignored_node_rule	10870551295	barrier_without_clear_denial
ignored_node_rule	10870551296	barrier_without_clear_denial
ignored_node_rule	10870551298	barrier_without_clear_denial
ignored_node_rule	10870551300	barrier_without_clear_denial
ignored_node_rule	10872398846	barrier_without_clear_denial
ignored_node_rule	10872398848	barrier_without_clear_denial
ignored_node_rule	10872398853	barrier_without_clear_denial
ignored_node_rule	10872507150	barrier_without_clear_denial
ignored_node_rule	10872507152	barrier_without_clear_denial
ignored_node_rule	10872507153	barrier_without_clear_denial
ignored_node_rule	10872507158	barrier_without_clear_denial
ignored_node_rule	10872507160	barrier_without_clear_denial
ignored_node_rule	10872523440	barrier_without_clear_denial
ignored_node_rule	10872525364	barrier_without_clear_denial
ignored_node_rule	10872526782	barrier_without_clear_denial
ignored_node_rule	10872532379	barrier_without_clear_denial
ignored_node_rule	10872532381	barrier_without_clear_denial
ignored_node_rule	10872532382	barrier_without_clear_denial
ignored_node_rule	10872532391	barrier_without_clear_denial
ignored_node_rule	10909382929	barrier_without_clear_denial
ignored_node_rule	10909382959	barrier_without_clear_denial
ignored_node_rule	10949155365	barrier_without_clear_denial
ignored_node_rule	10951405291	barrier_without_clear_denial
ignored_node_rule	10956675298	barrier_without_clear_denial
ignored_node_rule	10960666057	barrier_without_clear_denial
ignored_node_rule	10960666063	barrier_without_clear_denial
ignored_node_rule	10961022699	barrier_without_clear_denial
ignored_node_rule	10961022700	barrier_without_clear_denial
ignored_node_rule	10961032980	barrier_without_clear_denial
ignored_node_rule	10969324563	barrier_without_clear_denial
ignored_node_rule	10969324564	barrier_without_clear_denial
ignored_node_rule	10969324566	barrier_without_clear_denial
blocked_node	10973397041	car_passage_denied
ignored_node_rule	10974501519	barrier_without_clear_denial
ignored_node_rule	10974501522	barrier_without_clear_denial
ignored_node_rule	10974501530	barrier_without_clear_denial
ignored_node_rule	10974501531	barrier_without_clear_denial
blocked_node	10977186563	car_passage_denied
ignored_node_rule	10978277822	barrier_without_clear_denial
ignored_node_rule	10978595186	barrier_without_clear_denial
ignored_node_rule	10978595193	barrier_without_clear_denial
ignored_node_rule	10984349647	barrier_without_clear_denial
ignored_node_rule	10984349649	barrier_without_clear_denial
ignored_node_rule	10984349656	barrier_without_clear_denial
ignored_node_rule	11017152447	barrier_without_clear_denial
ignored_node_rule	11017152450	barrier_without_clear_denial
ignored_node_rule	11017152459	barrier_without_clear_denial
ignored_node_rule	11017152468	barrier_without_clear_denial
ignored_node_rule	11031602176	barrier_without_clear_denial
ignored_node_rule	11031602192	barrier_without_clear_denial
ignored_node_rule	11031897475	barrier_without_clear_denial
ignored_node_rule	11033859853	barrier_without_clear_denial
ignored_node_rule	11033859855	barrier_without_clear_denial
ignored_node_rule	11033859857	barrier_without_clear_denial
ignored_node_rule	11033859859	barrier_without_clear_denial
blocked_node	11033859861	car_passage_denied
ignored_node_rule	11037629719	barrier_without_clear_denial
ignored_node_rule	11037629722	barrier_without_clear_denial
ignored_node_rule	11037629724	barrier_without_clear_denial
ignored_node_rule	11037629726	barrier_without_clear_denial
ignored_node_rule	11037629728	barrier_without_clear_denial
ignored_node_rule	11037629730	barrier_without_clear_denial
ignored_node_rule	11045781193	barrier_without_clear_denial
blocked_node	11056092013	car_passage_denied
ignored_node_rule	11056092014	barrier_without_clear_denial
ignored_node_rule	11056092015	barrier_without_clear_denial
ignored_node_rule	11056092016	barrier_without_clear_denial
ignored_node_rule	11056092017	barrier_without_clear_denial
ignored_node_rule	11056092018	barrier_without_clear_denial
ignored_node_rule	11056092019	barrier_without_clear_denial
ignored_node_rule	11056092020	barrier_without_clear_denial
blocked_node	11056092021	car_passage_denied
blocked_node	11056092022	car_passage_denied
ignored_node_rule	11056092023	barrier_without_clear_denial
ignored_node_rule	11056092024	barrier_without_clear_denial
ignored_node_rule	11056092025	barrier_without_clear_denial
ignored_node_rule	11056092026	barrier_without_clear_denial
ignored_node_rule	11067026549	barrier_without_clear_denial
ignored_node_rule	11070574779	barrier_without_clear_denial
ignored_node_rule	11080675312	barrier_without_clear_denial
ignored_node_rule	11091003966	barrier_without_clear_denial
ignored_node_rule	11092585531	barrier_without_clear_denial
ignored_node_rule	11092585562	barrier_without_clear_denial
ignored_node_rule	11092879430	barrier_without_clear_denial
ignored_node_rule	11092879440	barrier_without_clear_denial
ignored_node_rule	11092879443	barrier_without_clear_denial
ignored_node_rule	11092879446	barrier_without_clear_denial
ignored_node_rule	11092879448	barrier_without_clear_denial
ignored_node_rule	11092879449	barrier_without_clear_denial
ignored_node_rule	11092879450	barrier_without_clear_denial
ignored_node_rule	11092879454	barrier_without_clear_denial
ignored_node_rule	11092879466	barrier_without_clear_denial
ignored_node_rule	11092879469	barrier_without_clear_denial
ignored_node_rule	11092879485	barrier_without_clear_denial
ignored_node_rule	11092879491	barrier_without_clear_denial
ignored_node_rule	11092879495	barrier_without_clear_denial
ignored_node_rule	11092879496	barrier_without_clear_denial
ignored_node_rule	11092879499	barrier_without_clear_denial
ignored_node_rule	11092884809	barrier_without_clear_denial
ignored_node_rule	11092884813	barrier_without_clear_denial
ignored_node_rule	11097562921	barrier_without_clear_denial
ignored_node_rule	11097562923	barrier_without_clear_denial
ignored_node_rule	11097562924	barrier_without_clear_denial
ignored_node_rule	11097562925	barrier_without_clear_denial
ignored_node_rule	11101395146	barrier_without_clear_denial
ignored_node_rule	11101395147	barrier_without_clear_denial
blocked_node	11107118021	car_passage_denied
blocked_node	11107118022	car_passage_denied
blocked_node	11107118023	car_passage_denied
blocked_node	11107118024	car_passage_denied
blocked_node	11107118025	car_passage_denied
ignored_node_rule	11108094896	barrier_without_clear_denial
ignored_node_rule	11108269513	barrier_without_clear_denial
ignored_node_rule	11108269514	barrier_without_clear_denial
ignored_node_rule	11108269564	barrier_without_clear_denial
ignored_node_rule	11110267609	barrier_without_clear_denial
ignored_node_rule	11110267610	barrier_without_clear_denial
ignored_node_rule	11110268158	barrier_without_clear_denial
ignored_node_rule	11110268159	barrier_without_clear_denial
ignored_node_rule	11111000320	barrier_without_clear_denial
ignored_node_rule	11111000329	barrier_without_clear_denial
ignored_node_rule	11111214403	barrier_without_clear_denial
ignored_node_rule	11111267713	barrier_without_clear_denial
ignored_node_rule	11111267714	barrier_without_clear_denial
ignored_node_rule	11111267716	barrier_without_clear_denial
ignored_node_rule	11111267717	barrier_without_clear_denial
ignored_node_rule	11111267721	barrier_without_clear_denial
ignored_node_rule	11111267722	barrier_without_clear_denial
ignored_node_rule	11111267728	barrier_without_clear_denial
ignored_node_rule	11111267742	barrier_without_clear_denial
ignored_node_rule	11114750370	barrier_without_clear_denial
ignored_node_rule	11114750383	barrier_without_clear_denial
ignored_node_rule	11114750384	barrier_without_clear_denial
ignored_node_rule	11114750386	barrier_without_clear_denial
ignored_node_rule	11114750388	barrier_without_clear_denial
ignored_node_rule	11114750389	barrier_without_clear_denial
ignored_node_rule	11114750390	barrier_without_clear_denial
ignored_node_rule	11114750395	barrier_without_clear_denial
ignored_node_rule	11114750396	barrier_without_clear_denial
ignored_node_rule	11116265935	barrier_without_clear_denial
ignored_node_rule	11116265937	barrier_without_clear_denial
ignored_node_rule	11116265942	barrier_without_clear_denial
ignored_node_rule	11116265956	barrier_without_clear_denial
ignored_node_rule	11116265959	barrier_without_clear_denial
ignored_node_rule	11116265970	barrier_without_clear_denial
ignored_node_rule	11116265972	barrier_without_clear_denial
ignored_node_rule	11116265973	barrier_without_clear_denial
ignored_node_rule	11116265975	barrier_without_clear_denial
ignored_node_rule	11123177226	barrier_without_clear_denial
ignored_node_rule	11123177227	barrier_without_clear_denial
ignored_node_rule	11123177228	barrier_without_clear_denial
ignored_node_rule	11139376901	barrier_without_clear_denial
ignored_node_rule	11139376902	barrier_without_clear_denial
ignored_node_rule	11139376904	barrier_without_clear_denial
ignored_node_rule	11139418705	barrier_without_clear_denial
ignored_node_rule	11139418710	barrier_without_clear_denial
ignored_node_rule	11139418711	barrier_without_clear_denial
ignored_node_rule	11139418717	barrier_without_clear_denial
ignored_node_rule	11139418718	barrier_without_clear_denial
ignored_node_rule	11139418720	barrier_without_clear_denial
ignored_node_rule	11139418721	barrier_without_clear_denial
ignored_node_rule	11140924237	barrier_without_clear_denial
ignored_node_rule	11140924242	barrier_without_clear_denial
ignored_node_rule	11147959865	barrier_without_clear_denial
ignored_node_rule	11147959866	barrier_without_clear_denial
ignored_node_rule	11147959902	barrier_without_clear_denial
ignored_node_rule	11147959903	barrier_without_clear_denial
ignored_node_rule	11147967818	barrier_without_clear_denial
ignored_node_rule	11147967820	barrier_without_clear_denial
ignored_node_rule	11147967849	barrier_without_clear_denial
ignored_node_rule	11147967850	barrier_without_clear_denial
ignored_node_rule	11147967857	barrier_without_clear_denial
ignored_node_rule	11147967858	barrier_without_clear_denial
ignored_node_rule	11147967861	barrier_without_clear_denial
ignored_node_rule	11147967862	barrier_without_clear_denial
ignored_node_rule	11147967868	barrier_without_clear_denial
ignored_node_rule	11148159983	barrier_without_clear_denial
ignored_node_rule	11148159984	barrier_without_clear_denial
ignored_node_rule	11148159986	barrier_without_clear_denial
ignored_node_rule	11148159987	barrier_without_clear_denial
ignored_node_rule	11148159994	barrier_without_clear_denial
ignored_node_rule	11148159995	barrier_without_clear_denial
ignored_node_rule	11148159998	barrier_without_clear_denial
ignored_node_rule	11148160000	barrier_without_clear_denial
ignored_node_rule	11148173006	barrier_without_clear_denial
ignored_node_rule	11148173008	barrier_without_clear_denial
ignored_node_rule	11148173010	barrier_without_clear_denial
ignored_node_rule	11148173017	barrier_without_clear_denial
ignored_node_rule	11148173018	barrier_without_clear_denial
ignored_node_rule	11148173019	barrier_without_clear_denial
ignored_node_rule	11148173021	barrier_without_clear_denial
ignored_node_rule	11148173022	barrier_without_clear_denial
ignored_node_rule	11148173023	barrier_without_clear_denial
ignored_node_rule	11148173025	barrier_without_clear_denial
ignored_node_rule	11148173029	barrier_without_clear_denial
ignored_node_rule	11148173042	barrier_without_clear_denial
ignored_node_rule	11148173043	barrier_without_clear_denial
ignored_node_rule	11148173045	barrier_without_clear_denial
ignored_node_rule	11148173048	barrier_without_clear_denial
ignored_node_rule	11148173053	barrier_without_clear_denial
ignored_node_rule	11148173065	barrier_without_clear_denial
ignored_node_rule	11148173069	barrier_without_clear_denial
ignored_node_rule	11148173071	barrier_without_clear_denial
ignored_node_rule	11148173072	barrier_without_clear_denial
ignored_node_rule	11148173082	barrier_without_clear_denial
ignored_node_rule	11148173083	barrier_without_clear_denial
ignored_node_rule	11148233406	barrier_without_clear_denial
ignored_node_rule	11148233409	barrier_without_clear_denial
ignored_node_rule	11148233412	barrier_without_clear_denial
ignored_node_rule	11148233413	barrier_without_clear_denial
ignored_node_rule	11148233418	barrier_without_clear_denial
ignored_node_rule	11148233419	barrier_without_clear_denial
ignored_node_rule	11148233420	barrier_without_clear_denial
ignored_node_rule	11148233422	barrier_without_clear_denial
ignored_node_rule	11148233425	barrier_without_clear_denial
ignored_node_rule	11148233438	barrier_without_clear_denial
ignored_node_rule	11148233445	barrier_without_clear_denial
ignored_node_rule	11148233446	barrier_without_clear_denial
ignored_node_rule	11148263606	barrier_without_clear_denial
ignored_node_rule	11148263607	barrier_without_clear_denial
ignored_node_rule	11148263618	barrier_without_clear_denial
ignored_node_rule	11148263619	barrier_without_clear_denial
ignored_node_rule	11148263622	barrier_without_clear_denial
ignored_node_rule	11148263623	barrier_without_clear_denial
ignored_node_rule	11148263624	barrier_without_clear_denial
ignored_node_rule	11148263631	barrier_without_clear_denial
ignored_node_rule	11148263634	barrier_without_clear_denial
ignored_node_rule	11148263659	barrier_without_clear_denial
ignored_node_rule	11148263660	barrier_without_clear_denial
ignored_node_rule	11148263662	barrier_without_clear_denial
ignored_node_rule	11148263663	barrier_without_clear_denial
ignored_node_rule	11152191780	barrier_without_clear_denial
ignored_node_rule	11152191783	barrier_without_clear_denial
ignored_node_rule	11152670192	barrier_without_clear_denial
ignored_node_rule	11152670194	barrier_without_clear_denial
ignored_node_rule	11152670199	barrier_without_clear_denial
ignored_node_rule	11152670203	barrier_without_clear_denial
ignored_node_rule	11152687805	barrier_without_clear_denial
ignored_node_rule	11152687806	barrier_without_clear_denial
ignored_node_rule	11152757074	barrier_without_clear_denial
ignored_node_rule	11152757080	barrier_without_clear_denial
ignored_node_rule	11152757082	barrier_without_clear_denial
ignored_node_rule	11152757083	barrier_without_clear_denial
ignored_node_rule	11152757084	barrier_without_clear_denial
ignored_node_rule	11154239232	barrier_without_clear_denial
ignored_node_rule	11154239233	barrier_without_clear_denial
ignored_node_rule	11154239234	barrier_without_clear_denial
ignored_node_rule	11154239235	barrier_without_clear_denial
ignored_node_rule	11154239236	barrier_without_clear_denial
ignored_node_rule	11154239237	barrier_without_clear_denial
ignored_node_rule	11155922868	barrier_without_clear_denial
ignored_node_rule	11155922869	barrier_without_clear_denial
ignored_node_rule	11155922871	barrier_without_clear_denial
ignored_node_rule	11155922872	barrier_without_clear_denial
ignored_node_rule	11155922874	barrier_without_clear_denial
ignored_node_rule	11155922875	barrier_without_clear_denial
ignored_node_rule	11155922877	barrier_without_clear_denial
ignored_node_rule	11155922878	barrier_without_clear_denial
ignored_node_rule	11155922879	barrier_without_clear_denial
ignored_node_rule	11155922880	barrier_without_clear_denial
ignored_node_rule	11155922881	barrier_without_clear_denial
blocked_node	11164125404	car_passage_denied
blocked_node	11164318472	car_passage_denied
blocked_node	11164318474	car_passage_denied
ignored_node_rule	11167431036	barrier_without_clear_denial
ignored_node_rule	11167431037	barrier_without_clear_denial
ignored_node_rule	11167431038	barrier_without_clear_denial
ignored_node_rule	11167431039	barrier_without_clear_denial
ignored_node_rule	11167431041	barrier_without_clear_denial
ignored_node_rule	11167431044	barrier_without_clear_denial
ignored_node_rule	11167431045	barrier_without_clear_denial
ignored_node_rule	11167431100	barrier_without_clear_denial
ignored_node_rule	11167460406	barrier_without_clear_denial
ignored_node_rule	11170069444	barrier_without_clear_denial
ignored_node_rule	11170069446	barrier_without_clear_denial
ignored_node_rule	11170069447	barrier_without_clear_denial
ignored_node_rule	11170069448	barrier_without_clear_denial
ignored_node_rule	11170069449	barrier_without_clear_denial
ignored_node_rule	11170069451	barrier_without_clear_denial
ignored_node_rule	11170069455	barrier_without_clear_denial
ignored_node_rule	11170069457	barrier_without_clear_denial
ignored_node_rule	11172013664	barrier_without_clear_denial
ignored_node_rule	11172013665	barrier_without_clear_denial
ignored_node_rule	11176855034	barrier_without_clear_denial
ignored_node_rule	11176857337	barrier_without_clear_denial
ignored_node_rule	11176857346	barrier_without_clear_denial
ignored_node_rule	11176857347	barrier_without_clear_denial
ignored_node_rule	11176857367	barrier_without_clear_denial
ignored_node_rule	11176857368	barrier_without_clear_denial
ignored_node_rule	11176857370	barrier_without_clear_denial
ignored_node_rule	11176857371	barrier_without_clear_denial
ignored_node_rule	11176857372	barrier_without_clear_denial
ignored_node_rule	11176857376	barrier_without_clear_denial
ignored_node_rule	11176857378	barrier_without_clear_denial
ignored_node_rule	11176857382	barrier_without_clear_denial
ignored_node_rule	11176857390	barrier_without_clear_denial
ignored_node_rule	11176857391	barrier_without_clear_denial
ignored_node_rule	11176857397	barrier_without_clear_denial
ignored_node_rule	11176857399	barrier_without_clear_denial
ignored_node_rule	11176857403	barrier_without_clear_denial
ignored_node_rule	11176857406	barrier_without_clear_denial
ignored_node_rule	11176857407	barrier_without_clear_denial
ignored_node_rule	11178919218	barrier_without_clear_denial
ignored_node_rule	11178919221	barrier_without_clear_denial
ignored_node_rule	11178919222	barrier_without_clear_denial
ignored_node_rule	11178919230	barrier_without_clear_denial
ignored_node_rule	11178919232	barrier_without_clear_denial
ignored_node_rule	11178919233	barrier_without_clear_denial
ignored_node_rule	11178919235	barrier_without_clear_denial
ignored_node_rule	11178919537	barrier_without_clear_denial
ignored_node_rule	11178919544	barrier_without_clear_denial
ignored_node_rule	11178919550	barrier_without_clear_denial
ignored_node_rule	11178919553	barrier_without_clear_denial
ignored_node_rule	11178919554	barrier_without_clear_denial
ignored_node_rule	11178919560	barrier_without_clear_denial
ignored_node_rule	11178919561	barrier_without_clear_denial
ignored_node_rule	11178969053	barrier_without_clear_denial
ignored_node_rule	11178969058	barrier_without_clear_denial
ignored_node_rule	11178969059	barrier_without_clear_denial
ignored_node_rule	11178969062	barrier_without_clear_denial
ignored_node_rule	11179772033	barrier_without_clear_denial
blocked_node	11185952464	car_passage_denied
ignored_node_rule	11197113532	barrier_without_clear_denial
ignored_node_rule	11201848727	barrier_without_clear_denial
ignored_node_rule	11201848728	barrier_without_clear_denial
ignored_node_rule	11201848729	barrier_without_clear_denial
ignored_node_rule	11201848730	barrier_without_clear_denial
ignored_node_rule	11201848731	barrier_without_clear_denial
ignored_node_rule	11201848732	barrier_without_clear_denial
ignored_node_rule	11201848734	barrier_without_clear_denial
ignored_node_rule	11201848735	barrier_without_clear_denial
ignored_node_rule	11201879806	barrier_without_clear_denial
ignored_node_rule	11201880437	barrier_without_clear_denial
ignored_node_rule	11201880438	barrier_without_clear_denial
ignored_node_rule	11202852324	barrier_without_clear_denial
ignored_node_rule	11202894929	barrier_without_clear_denial
ignored_node_rule	11202943787	barrier_without_clear_denial
ignored_node_rule	11202943788	barrier_without_clear_denial
ignored_node_rule	11203001808	barrier_without_clear_denial
ignored_node_rule	11203001811	barrier_without_clear_denial
ignored_node_rule	11203001812	barrier_without_clear_denial
ignored_node_rule	11203052953	barrier_without_clear_denial
ignored_node_rule	11203052954	barrier_without_clear_denial
ignored_node_rule	11203052958	barrier_without_clear_denial
ignored_node_rule	11203052959	barrier_without_clear_denial
ignored_node_rule	11203052962	barrier_without_clear_denial
ignored_node_rule	11203052963	barrier_without_clear_denial
ignored_node_rule	11203083977	barrier_without_clear_denial
ignored_node_rule	11203083978	barrier_without_clear_denial
ignored_node_rule	11203083981	barrier_without_clear_denial
ignored_node_rule	11203083982	barrier_without_clear_denial
ignored_node_rule	11203083985	barrier_without_clear_denial
ignored_node_rule	11203083986	barrier_without_clear_denial
ignored_node_rule	11204976911	barrier_without_clear_denial
ignored_node_rule	11204976928	barrier_without_clear_denial
ignored_node_rule	11209914849	barrier_without_clear_denial
ignored_node_rule	11209914850	barrier_without_clear_denial
ignored_node_rule	11209914853	barrier_without_clear_denial
ignored_node_rule	11209914854	barrier_without_clear_denial
ignored_node_rule	11209914855	barrier_without_clear_denial
ignored_node_rule	11209914856	barrier_without_clear_denial
ignored_node_rule	11209914860	barrier_without_clear_denial
ignored_node_rule	11209914861	barrier_without_clear_denial
ignored_node_rule	11209914863	barrier_without_clear_denial
ignored_node_rule	11209914864	barrier_without_clear_denial
ignored_node_rule	11215816984	barrier_without_clear_denial
ignored_node_rule	11215816985	barrier_without_clear_denial
ignored_node_rule	11225387917	barrier_without_clear_denial
ignored_node_rule	11225387919	barrier_without_clear_denial
ignored_node_rule	11225407061	barrier_without_clear_denial
ignored_node_rule	11225407062	barrier_without_clear_denial
ignored_node_rule	11225407066	barrier_without_clear_denial
ignored_node_rule	11225407067	barrier_without_clear_denial
ignored_node_rule	11225407070	barrier_without_clear_denial
ignored_node_rule	11225407071	barrier_without_clear_denial
ignored_node_rule	11228575685	barrier_without_clear_denial
ignored_node_rule	11228575712	barrier_without_clear_denial
ignored_node_rule	11228575747	barrier_without_clear_denial
ignored_node_rule	11229097940	barrier_without_clear_denial
ignored_node_rule	11230567153	barrier_without_clear_denial
ignored_node_rule	11230567163	barrier_without_clear_denial
ignored_node_rule	11230567164	barrier_without_clear_denial
ignored_node_rule	11230567170	barrier_without_clear_denial
ignored_node_rule	11230567175	barrier_without_clear_denial
ignored_node_rule	11230567177	barrier_without_clear_denial
ignored_node_rule	11230567179	barrier_without_clear_denial
ignored_node_rule	11230567181	barrier_without_clear_denial
ignored_node_rule	11230567182	barrier_without_clear_denial
ignored_node_rule	11230567184	barrier_without_clear_denial
ignored_node_rule	11230567185	barrier_without_clear_denial
ignored_node_rule	11230567189	barrier_without_clear_denial
ignored_node_rule	11230567202	barrier_without_clear_denial
ignored_node_rule	11230567203	barrier_without_clear_denial
ignored_node_rule	11230567218	barrier_without_clear_denial
ignored_node_rule	11230567222	barrier_without_clear_denial
ignored_node_rule	11230567223	barrier_without_clear_denial
ignored_node_rule	11230567226	barrier_without_clear_denial
ignored_node_rule	11230567227	barrier_without_clear_denial
ignored_node_rule	11230567241	barrier_without_clear_denial
ignored_node_rule	11230567245	barrier_without_clear_denial
ignored_node_rule	11230567246	barrier_without_clear_denial
ignored_node_rule	11230567248	barrier_without_clear_denial
ignored_node_rule	11230567249	barrier_without_clear_denial
ignored_node_rule	11230567254	barrier_without_clear_denial
ignored_node_rule	11231208166	barrier_without_clear_denial
ignored_node_rule	11231208171	barrier_without_clear_denial
ignored_node_rule	11231208183	barrier_without_clear_denial
ignored_node_rule	11231208185	barrier_without_clear_denial
ignored_node_rule	11231208186	barrier_without_clear_denial
ignored_node_rule	11231208190	barrier_without_clear_denial
ignored_node_rule	11231208192	barrier_without_clear_denial
ignored_node_rule	11231208199	barrier_without_clear_denial
ignored_node_rule	11231208200	barrier_without_clear_denial
ignored_node_rule	11231208211	barrier_without_clear_denial
ignored_node_rule	11231208212	barrier_without_clear_denial
ignored_node_rule	11236756563	barrier_without_clear_denial
ignored_node_rule	11236756577	barrier_without_clear_denial
ignored_node_rule	11236756626	barrier_without_clear_denial
ignored_node_rule	11250402819	barrier_without_clear_denial
ignored_node_rule	11250404266	barrier_without_clear_denial
ignored_node_rule	11271008663	barrier_without_clear_denial
ignored_node_rule	11271008666	barrier_without_clear_denial
ignored_node_rule	11271086293	barrier_without_clear_denial
blocked_node	11271477717	car_passage_denied
ignored_node_rule	11277508938	barrier_without_clear_denial
ignored_node_rule	11277508939	barrier_without_clear_denial
ignored_node_rule	11277508940	barrier_without_clear_denial
ignored_node_rule	11277508941	barrier_without_clear_denial
ignored_node_rule	11290118838	barrier_without_clear_denial
ignored_node_rule	11290118862	barrier_without_clear_denial
ignored_node_rule	11290284696	barrier_without_clear_denial
ignored_node_rule	11290284697	barrier_without_clear_denial
ignored_node_rule	11297082574	barrier_without_clear_denial
ignored_node_rule	11297082577	barrier_without_clear_denial
ignored_node_rule	11297082580	barrier_without_clear_denial
ignored_node_rule	11297082583	barrier_without_clear_denial
ignored_node_rule	11297082586	barrier_without_clear_denial
ignored_node_rule	11297082589	barrier_without_clear_denial
ignored_node_rule	11297082593	barrier_without_clear_denial
ignored_node_rule	11297082597	barrier_without_clear_denial
ignored_node_rule	11297082600	barrier_without_clear_denial
ignored_node_rule	11297082603	barrier_without_clear_denial
ignored_node_rule	11297082604	barrier_without_clear_denial
ignored_node_rule	11297082607	barrier_without_clear_denial
ignored_node_rule	11297082611	barrier_without_clear_denial
ignored_node_rule	11297082614	barrier_without_clear_denial
ignored_node_rule	11299287059	barrier_without_clear_denial
ignored_node_rule	11299287063	barrier_without_clear_denial
ignored_node_rule	11299287064	barrier_without_clear_denial
ignored_node_rule	11299287067	barrier_without_clear_denial
ignored_node_rule	11299358370	barrier_without_clear_denial
ignored_node_rule	11299358371	barrier_without_clear_denial
ignored_node_rule	11301565304	barrier_without_clear_denial
blocked_node	11311042224	car_passage_denied
ignored_node_rule	11313804777	barrier_without_clear_denial
ignored_node_rule	11322675423	barrier_without_clear_denial
ignored_node_rule	11322675483	barrier_without_clear_denial
ignored_node_rule	11327757392	barrier_without_clear_denial
ignored_node_rule	11327757393	barrier_without_clear_denial
ignored_node_rule	11327757395	barrier_without_clear_denial
ignored_node_rule	11327757397	barrier_without_clear_denial
ignored_node_rule	11327757403	barrier_without_clear_denial
ignored_node_rule	11331348021	barrier_without_clear_denial
ignored_node_rule	11331348028	barrier_without_clear_denial
ignored_node_rule	11331348029	barrier_without_clear_denial
ignored_node_rule	11331348036	barrier_without_clear_denial
ignored_node_rule	11331348037	barrier_without_clear_denial
ignored_node_rule	11332008095	barrier_without_clear_denial
ignored_node_rule	11332008096	barrier_without_clear_denial
ignored_node_rule	11332008100	barrier_without_clear_denial
ignored_node_rule	11335404510	barrier_without_clear_denial
ignored_node_rule	11366032313	barrier_without_clear_denial
ignored_node_rule	11366033477	barrier_without_clear_denial
blocked_node	11366254087	car_passage_denied
ignored_node_rule	11366279173	barrier_without_clear_denial
ignored_node_rule	11367551214	barrier_without_clear_denial
ignored_node_rule	11369770115	barrier_without_clear_denial
ignored_node_rule	11377202639	barrier_without_clear_denial
ignored_node_rule	11410851702	barrier_without_clear_denial
ignored_node_rule	11418728528	barrier_without_clear_denial
ignored_node_rule	11418728531	barrier_without_clear_denial
ignored_node_rule	11418728546	barrier_without_clear_denial
ignored_node_rule	11431861600	barrier_without_clear_denial
ignored_node_rule	11431861623	barrier_without_clear_denial
ignored_node_rule	11432129896	barrier_without_clear_denial
ignored_node_rule	11432129897	barrier_without_clear_denial
ignored_node_rule	11462389017	barrier_without_clear_denial
ignored_node_rule	11462447642	barrier_without_clear_denial
ignored_node_rule	11462447643	barrier_without_clear_denial
blocked_node	11469139764	car_passage_denied
blocked_node	11469139765	car_passage_denied
ignored_node_rule	11513346770	barrier_without_clear_denial
ignored_node_rule	11515602944	barrier_without_clear_denial
ignored_node_rule	11521951200	barrier_without_clear_denial
ignored_node_rule	11523352545	barrier_without_clear_denial
ignored_node_rule	11523352546	barrier_without_clear_denial
ignored_node_rule	11523352551	barrier_without_clear_denial
ignored_node_rule	11526317246	barrier_without_clear_denial
ignored_node_rule	11526317247	barrier_without_clear_denial
ignored_node_rule	11526317255	barrier_without_clear_denial
ignored_node_rule	11526317256	barrier_without_clear_denial
ignored_node_rule	11526383081	barrier_without_clear_denial
ignored_node_rule	11531708757	barrier_without_clear_denial
blocked_node	11581098963	car_passage_denied
ignored_node_rule	11581313833	barrier_without_clear_denial
ignored_node_rule	11581333561	barrier_without_clear_denial
ignored_node_rule	11581821069	barrier_without_clear_denial
ignored_node_rule	11581821078	barrier_without_clear_denial
ignored_node_rule	11591793096	barrier_without_clear_denial
ignored_node_rule	11602334177	barrier_without_clear_denial
ignored_node_rule	11612973764	barrier_without_clear_denial
ignored_node_rule	11613005496	barrier_without_clear_denial
ignored_node_rule	11613005530	barrier_without_clear_denial
ignored_node_rule	11613005531	barrier_without_clear_denial
ignored_node_rule	11613005558	barrier_without_clear_denial
ignored_node_rule	11613005561	barrier_without_clear_denial
ignored_node_rule	11613005562	barrier_without_clear_denial
ignored_node_rule	11613005566	barrier_without_clear_denial
ignored_node_rule	11613005595	barrier_without_clear_denial
ignored_node_rule	11613005605	barrier_without_clear_denial
ignored_node_rule	11613058983	barrier_without_clear_denial
ignored_node_rule	11613222003	barrier_without_clear_denial
ignored_node_rule	11613222061	barrier_without_clear_denial
ignored_node_rule	11613222188	barrier_without_clear_denial
ignored_node_rule	11613222198	barrier_without_clear_denial
ignored_node_rule	11613222257	barrier_without_clear_denial
ignored_node_rule	11613222271	barrier_without_clear_denial
ignored_node_rule	11613222323	barrier_without_clear_denial
ignored_node_rule	11613222327	barrier_without_clear_denial
ignored_node_rule	11613222330	barrier_without_clear_denial
ignored_node_rule	11613222331	barrier_without_clear_denial
ignored_node_rule	11613222332	barrier_without_clear_denial
ignored_node_rule	11613222333	barrier_without_clear_denial
ignored_node_rule	11613222335	barrier_without_clear_denial
ignored_node_rule	11613222337	barrier_without_clear_denial
ignored_node_rule	11613222338	barrier_without_clear_denial
ignored_node_rule	11613222339	barrier_without_clear_denial
ignored_node_rule	11613222341	barrier_without_clear_denial
ignored_node_rule	11613350758	barrier_without_clear_denial
ignored_node_rule	11613357772	barrier_without_clear_denial
ignored_node_rule	11613357802	barrier_without_clear_denial
ignored_node_rule	11613357851	barrier_without_clear_denial
ignored_node_rule	11613357852	barrier_without_clear_denial
ignored_node_rule	11613357862	barrier_without_clear_denial
ignored_node_rule	11613357873	barrier_without_clear_denial
ignored_node_rule	11613357876	barrier_without_clear_denial
ignored_node_rule	11613357878	barrier_without_clear_denial
ignored_node_rule	11613357880	barrier_without_clear_denial
ignored_node_rule	11613357882	barrier_without_clear_denial
ignored_node_rule	11613357883	barrier_without_clear_denial
ignored_node_rule	11613357899	barrier_without_clear_denial
ignored_node_rule	11613357917	barrier_without_clear_denial
ignored_node_rule	11613357918	barrier_without_clear_denial
ignored_node_rule	11613357927	barrier_without_clear_denial
ignored_node_rule	11613357939	barrier_without_clear_denial
ignored_node_rule	11613357940	barrier_without_clear_denial
ignored_node_rule	11613408650	barrier_without_clear_denial
ignored_node_rule	11613408655	barrier_without_clear_denial
ignored_node_rule	11613408656	barrier_without_clear_denial
ignored_node_rule	11618465214	barrier_without_clear_denial
ignored_node_rule	11618465231	barrier_without_clear_denial
ignored_node_rule	11618465235	barrier_without_clear_denial
ignored_node_rule	11618465240	barrier_without_clear_denial
ignored_node_rule	11618465243	barrier_without_clear_denial
ignored_node_rule	11618465259	barrier_without_clear_denial
ignored_node_rule	11618465313	barrier_without_clear_denial
ignored_node_rule	11618465319	barrier_without_clear_denial
ignored_node_rule	11618681230	barrier_without_clear_denial
ignored_node_rule	11618681238	barrier_without_clear_denial
ignored_node_rule	11618681259	barrier_without_clear_denial
ignored_node_rule	11618681260	barrier_without_clear_denial
ignored_node_rule	11622433680	barrier_without_clear_denial
ignored_node_rule	11628648992	barrier_without_clear_denial
ignored_node_rule	11628648993	barrier_without_clear_denial
ignored_node_rule	11630240880	barrier_without_clear_denial
ignored_node_rule	11633315889	barrier_without_clear_denial
ignored_node_rule	11633347392	barrier_without_clear_denial
ignored_node_rule	11633757690	barrier_without_clear_denial
ignored_node_rule	11633757804	barrier_without_clear_denial
blocked_node	11633874698	car_passage_denied
ignored_node_rule	11634018693	barrier_without_clear_denial
ignored_node_rule	11636545160	barrier_without_clear_denial
ignored_node_rule	11636592378	barrier_without_clear_denial
ignored_node_rule	11636607474	barrier_without_clear_denial
ignored_node_rule	11636607489	barrier_without_clear_denial
ignored_node_rule	11636607509	barrier_without_clear_denial
ignored_node_rule	11636607510	barrier_without_clear_denial
ignored_node_rule	11636607511	barrier_without_clear_denial
ignored_node_rule	11636607512	barrier_without_clear_denial
ignored_node_rule	11636607513	barrier_without_clear_denial
ignored_node_rule	11636607521	barrier_without_clear_denial
ignored_node_rule	11636607522	barrier_without_clear_denial
ignored_node_rule	11636625164	barrier_without_clear_denial
ignored_node_rule	11636625165	barrier_without_clear_denial
ignored_node_rule	11636625166	barrier_without_clear_denial
ignored_node_rule	11636625682	barrier_without_clear_denial
ignored_node_rule	11636625719	barrier_without_clear_denial
ignored_node_rule	11636625720	barrier_without_clear_denial
ignored_node_rule	11636745995	barrier_without_clear_denial
ignored_node_rule	11636768314	barrier_without_clear_denial
ignored_node_rule	11636768319	barrier_without_clear_denial
ignored_node_rule	11636784335	barrier_without_clear_denial
ignored_node_rule	11637187088	barrier_without_clear_denial
ignored_node_rule	11637187109	barrier_without_clear_denial
ignored_node_rule	11637187117	barrier_without_clear_denial
ignored_node_rule	11637187141	barrier_without_clear_denial
ignored_node_rule	11637201255	barrier_without_clear_denial
ignored_node_rule	11637277601	barrier_without_clear_denial
ignored_node_rule	11637414170	barrier_without_clear_denial
ignored_node_rule	11637414176	barrier_without_clear_denial
ignored_node_rule	11637467722	barrier_without_clear_denial
ignored_node_rule	11637467751	barrier_without_clear_denial
ignored_node_rule	11637467752	barrier_without_clear_denial
ignored_node_rule	11637467758	barrier_without_clear_denial
ignored_node_rule	11637467851	barrier_without_clear_denial
ignored_node_rule	11637467859	barrier_without_clear_denial
ignored_node_rule	11640832069	barrier_without_clear_denial
ignored_node_rule	11640832070	barrier_without_clear_denial
ignored_node_rule	11640832142	barrier_without_clear_denial
ignored_node_rule	11640832166	barrier_without_clear_denial
ignored_node_rule	11641021623	barrier_without_clear_denial
ignored_node_rule	11641021624	barrier_without_clear_denial
ignored_node_rule	11641036178	barrier_without_clear_denial
ignored_node_rule	11641036179	barrier_without_clear_denial
ignored_node_rule	11641036210	barrier_without_clear_denial
ignored_node_rule	11641036215	barrier_without_clear_denial
ignored_node_rule	11641036254	barrier_without_clear_denial
ignored_node_rule	11641036255	barrier_without_clear_denial
ignored_node_rule	11645265596	barrier_without_clear_denial
ignored_node_rule	11645265607	barrier_without_clear_denial
ignored_node_rule	11645265644	barrier_without_clear_denial
ignored_node_rule	11645371323	barrier_without_clear_denial
ignored_node_rule	11645436058	barrier_without_clear_denial
ignored_node_rule	11645581173	barrier_without_clear_denial
ignored_node_rule	11656165630	barrier_without_clear_denial
ignored_node_rule	11661534451	barrier_without_clear_denial
ignored_node_rule	11665005260	barrier_without_clear_denial
ignored_node_rule	11665005264	barrier_without_clear_denial
ignored_node_rule	11665076837	barrier_without_clear_denial
ignored_node_rule	11665076838	barrier_without_clear_denial
ignored_node_rule	11665076839	barrier_without_clear_denial
ignored_node_rule	11665076855	barrier_without_clear_denial
ignored_node_rule	11665076860	barrier_without_clear_denial
ignored_node_rule	11665076861	barrier_without_clear_denial
ignored_node_rule	11665076868	barrier_without_clear_denial
ignored_node_rule	11665100877	barrier_without_clear_denial
ignored_node_rule	11665100878	barrier_without_clear_denial
ignored_node_rule	11665100917	barrier_without_clear_denial
ignored_node_rule	11665100918	barrier_without_clear_denial
ignored_node_rule	11665100919	barrier_without_clear_denial
ignored_node_rule	11665100920	barrier_without_clear_denial
ignored_node_rule	11665100943	barrier_without_clear_denial
ignored_node_rule	11665100959	barrier_without_clear_denial
ignored_node_rule	11665100960	barrier_without_clear_denial
ignored_node_rule	11665100961	barrier_without_clear_denial
ignored_node_rule	11665100989	barrier_without_clear_denial
ignored_node_rule	11665152930	barrier_without_clear_denial
ignored_node_rule	11665152996	barrier_without_clear_denial
ignored_node_rule	11665152997	barrier_without_clear_denial
ignored_node_rule	11665153021	barrier_without_clear_denial
ignored_node_rule	11665153031	barrier_without_clear_denial
ignored_node_rule	11665153039	barrier_without_clear_denial
ignored_node_rule	11665153041	barrier_without_clear_denial
ignored_node_rule	11665153044	barrier_without_clear_denial
ignored_node_rule	11665153046	barrier_without_clear_denial
ignored_node_rule	11665153047	barrier_without_clear_denial
ignored_node_rule	11665153048	barrier_without_clear_denial
ignored_node_rule	11665174595	barrier_without_clear_denial
ignored_node_rule	11665174598	barrier_without_clear_denial
ignored_node_rule	11665174599	barrier_without_clear_denial
ignored_node_rule	11665174600	barrier_without_clear_denial
ignored_node_rule	11665174609	barrier_without_clear_denial
ignored_node_rule	11665176475	barrier_without_clear_denial
ignored_node_rule	11665176480	barrier_without_clear_denial
ignored_node_rule	11665268452	barrier_without_clear_denial
ignored_node_rule	11665275777	barrier_without_clear_denial
ignored_node_rule	11665275817	barrier_without_clear_denial
ignored_node_rule	11665275910	barrier_without_clear_denial
ignored_node_rule	11665275916	barrier_without_clear_denial
ignored_node_rule	11665275928	barrier_without_clear_denial
ignored_node_rule	11665275938	barrier_without_clear_denial
ignored_node_rule	11665275939	barrier_without_clear_denial
ignored_node_rule	11665275941	barrier_without_clear_denial
ignored_node_rule	11665309679	barrier_without_clear_denial
ignored_node_rule	11665309696	barrier_without_clear_denial
ignored_node_rule	11665309698	barrier_without_clear_denial
ignored_node_rule	11665309703	barrier_without_clear_denial
ignored_node_rule	11665309704	barrier_without_clear_denial
ignored_node_rule	11665309714	barrier_without_clear_denial
ignored_node_rule	11665309715	barrier_without_clear_denial
ignored_node_rule	11665309716	barrier_without_clear_denial
ignored_node_rule	11669022940	barrier_without_clear_denial
ignored_node_rule	11669022942	barrier_without_clear_denial
ignored_node_rule	11669022944	barrier_without_clear_denial
ignored_node_rule	11669022956	barrier_without_clear_denial
ignored_node_rule	11669022958	barrier_without_clear_denial
ignored_node_rule	11669070201	barrier_without_clear_denial
ignored_node_rule	11669070214	barrier_without_clear_denial
ignored_node_rule	11669070215	barrier_without_clear_denial
ignored_node_rule	11669070264	barrier_without_clear_denial
ignored_node_rule	11669070278	barrier_without_clear_denial
ignored_node_rule	11669070285	barrier_without_clear_denial
ignored_node_rule	11669143334	barrier_without_clear_denial
ignored_node_rule	11669147106	barrier_without_clear_denial
ignored_node_rule	11669147115	barrier_without_clear_denial
ignored_node_rule	11669147117	barrier_without_clear_denial
ignored_node_rule	11669147118	barrier_without_clear_denial
ignored_node_rule	11669147120	barrier_without_clear_denial
ignored_node_rule	11669147126	barrier_without_clear_denial
ignored_node_rule	11669147127	barrier_without_clear_denial
ignored_node_rule	11669147129	barrier_without_clear_denial
ignored_node_rule	11669147130	barrier_without_clear_denial
ignored_node_rule	11672410140	barrier_without_clear_denial
ignored_node_rule	11672410151	barrier_without_clear_denial
ignored_node_rule	11672489649	barrier_without_clear_denial
ignored_node_rule	11676490664	barrier_without_clear_denial
ignored_node_rule	11676700353	barrier_without_clear_denial
ignored_node_rule	11676701386	barrier_without_clear_denial
ignored_node_rule	11676701404	barrier_without_clear_denial
ignored_node_rule	11680969272	barrier_without_clear_denial
ignored_node_rule	11681307002	barrier_without_clear_denial
ignored_node_rule	11681307027	barrier_without_clear_denial
ignored_node_rule	11681339226	barrier_without_clear_denial
ignored_node_rule	11681520607	barrier_without_clear_denial
ignored_node_rule	11681654654	barrier_without_clear_denial
ignored_node_rule	11683470023	barrier_without_clear_denial
ignored_node_rule	11683470024	barrier_without_clear_denial
ignored_node_rule	11683493114	barrier_without_clear_denial
ignored_node_rule	11684359187	barrier_without_clear_denial
ignored_node_rule	11684359190	barrier_without_clear_denial
ignored_node_rule	11684359205	barrier_without_clear_denial
ignored_node_rule	11684359210	barrier_without_clear_denial
ignored_node_rule	11684359261	barrier_without_clear_denial
ignored_node_rule	11684359265	barrier_without_clear_denial
ignored_node_rule	11684492305	barrier_without_clear_denial
ignored_node_rule	11684492306	barrier_without_clear_denial
ignored_node_rule	11684492307	barrier_without_clear_denial
ignored_node_rule	11684492308	barrier_without_clear_denial
ignored_node_rule	11684524584	barrier_without_clear_denial
ignored_node_rule	11684607046	barrier_without_clear_denial
ignored_node_rule	11684685270	barrier_without_clear_denial
ignored_node_rule	11684685304	barrier_without_clear_denial
ignored_node_rule	11686490405	barrier_without_clear_denial
ignored_node_rule	11686668176	barrier_without_clear_denial
ignored_node_rule	11686676366	barrier_without_clear_denial
ignored_node_rule	11686762590	barrier_without_clear_denial
ignored_node_rule	11686762649	barrier_without_clear_denial
ignored_node_rule	11687028983	barrier_without_clear_denial
ignored_node_rule	11687028996	barrier_without_clear_denial
ignored_node_rule	11687029018	barrier_without_clear_denial
ignored_node_rule	11687212656	barrier_without_clear_denial
ignored_node_rule	11687212657	barrier_without_clear_denial
ignored_node_rule	11687212658	barrier_without_clear_denial
ignored_node_rule	11687230090	barrier_without_clear_denial
ignored_node_rule	11687230091	barrier_without_clear_denial
ignored_node_rule	11687230094	barrier_without_clear_denial
ignored_node_rule	11687230106	barrier_without_clear_denial
ignored_node_rule	11687240689	barrier_without_clear_denial
ignored_node_rule	11687240711	barrier_without_clear_denial
ignored_node_rule	11687240712	barrier_without_clear_denial
ignored_node_rule	11687240713	barrier_without_clear_denial
ignored_node_rule	11687240714	barrier_without_clear_denial
ignored_node_rule	11687329851	barrier_without_clear_denial
ignored_node_rule	11687329852	barrier_without_clear_denial
ignored_node_rule	11687329866	barrier_without_clear_denial
ignored_node_rule	11687597883	barrier_without_clear_denial
ignored_node_rule	11687613219	barrier_without_clear_denial
ignored_node_rule	11687613224	barrier_without_clear_denial
ignored_node_rule	11687613236	barrier_without_clear_denial
ignored_node_rule	11687613237	barrier_without_clear_denial
ignored_node_rule	11687613238	barrier_without_clear_denial
ignored_node_rule	11687696704	barrier_without_clear_denial
ignored_node_rule	11687696708	barrier_without_clear_denial
ignored_node_rule	11687707138	barrier_without_clear_denial
ignored_node_rule	11687707139	barrier_without_clear_denial
blocked_node	11687771474	car_passage_denied
ignored_node_rule	11690650631	barrier_without_clear_denial
ignored_node_rule	11690650638	barrier_without_clear_denial
ignored_node_rule	11690650639	barrier_without_clear_denial
ignored_node_rule	11690650640	barrier_without_clear_denial
ignored_node_rule	11690650641	barrier_without_clear_denial
ignored_node_rule	11690676076	barrier_without_clear_denial
ignored_node_rule	11690850877	barrier_without_clear_denial
ignored_node_rule	11690850878	barrier_without_clear_denial
ignored_node_rule	11690850879	barrier_without_clear_denial
ignored_node_rule	11690850883	barrier_without_clear_denial
ignored_node_rule	11690850885	barrier_without_clear_denial
ignored_node_rule	11690850921	barrier_without_clear_denial
ignored_node_rule	11690850923	barrier_without_clear_denial
ignored_node_rule	11690850931	barrier_without_clear_denial
ignored_node_rule	11690916920	barrier_without_clear_denial
ignored_node_rule	11690916922	barrier_without_clear_denial
ignored_node_rule	11690916941	barrier_without_clear_denial
ignored_node_rule	11700763918	barrier_without_clear_denial
ignored_node_rule	11700763933	barrier_without_clear_denial
ignored_node_rule	11700775238	barrier_without_clear_denial
ignored_node_rule	11704091640	barrier_without_clear_denial
ignored_node_rule	11704091641	barrier_without_clear_denial
ignored_node_rule	11707779099	barrier_without_clear_denial
ignored_node_rule	11707779134	barrier_without_clear_denial
ignored_node_rule	11707902543	barrier_without_clear_denial
ignored_node_rule	11707914917	barrier_without_clear_denial
ignored_node_rule	11707914919	barrier_without_clear_denial
ignored_node_rule	11707914937	barrier_without_clear_denial
ignored_node_rule	11708396416	barrier_without_clear_denial
ignored_node_rule	11716541060	barrier_without_clear_denial
ignored_node_rule	11716541061	barrier_without_clear_denial
ignored_node_rule	11716551470	barrier_without_clear_denial
ignored_node_rule	11735873222	barrier_without_clear_denial
ignored_node_rule	11735873229	barrier_without_clear_denial
ignored_node_rule	11736140459	barrier_without_clear_denial
ignored_node_rule	11736140462	barrier_without_clear_denial
ignored_node_rule	11736140466	barrier_without_clear_denial
ignored_node_rule	11736140467	barrier_without_clear_denial
ignored_node_rule	11736142675	barrier_without_clear_denial
ignored_node_rule	11736142676	barrier_without_clear_denial
ignored_node_rule	11736142677	barrier_without_clear_denial
ignored_node_rule	11736155270	barrier_without_clear_denial
ignored_node_rule	11736155271	barrier_without_clear_denial
ignored_node_rule	11738034000	barrier_without_clear_denial
ignored_node_rule	11738034001	barrier_without_clear_denial
ignored_node_rule	11738034002	barrier_without_clear_denial
ignored_node_rule	11738034006	barrier_without_clear_denial
ignored_node_rule	11738034007	barrier_without_clear_denial
ignored_node_rule	11738034008	barrier_without_clear_denial
ignored_node_rule	11738034009	barrier_without_clear_denial
ignored_node_rule	11738034010	barrier_without_clear_denial
ignored_node_rule	11738034011	barrier_without_clear_denial
ignored_node_rule	11738034013	barrier_without_clear_denial
ignored_node_rule	11738077228	barrier_without_clear_denial
ignored_node_rule	11738077229	barrier_without_clear_denial
ignored_node_rule	11738077231	barrier_without_clear_denial
ignored_node_rule	11738077232	barrier_without_clear_denial
ignored_node_rule	11738077233	barrier_without_clear_denial
ignored_node_rule	11738077234	barrier_without_clear_denial
ignored_node_rule	11738077266	barrier_without_clear_denial
ignored_node_rule	11738081670	barrier_without_clear_denial
ignored_node_rule	11738155901	barrier_without_clear_denial
ignored_node_rule	11749808652	barrier_without_clear_denial
ignored_node_rule	11749808653	barrier_without_clear_denial
ignored_node_rule	11750180598	barrier_without_clear_denial
ignored_node_rule	11755361341	barrier_without_clear_denial
ignored_node_rule	11757547385	barrier_without_clear_denial
ignored_node_rule	11773548414	barrier_without_clear_denial
ignored_node_rule	11773548415	barrier_without_clear_denial
blocked_node	11780388601	car_passage_denied
ignored_node_rule	11780388615	barrier_without_clear_denial
ignored_node_rule	11787154922	barrier_without_clear_denial
ignored_node_rule	11789253981	barrier_without_clear_denial
ignored_node_rule	11789253982	barrier_without_clear_denial
ignored_node_rule	11789253984	barrier_without_clear_denial
ignored_node_rule	11789253986	barrier_without_clear_denial
ignored_node_rule	11789253992	barrier_without_clear_denial
ignored_node_rule	11789254015	barrier_without_clear_denial
blocked_node	11792856828	car_passage_denied
ignored_node_rule	11795303838	barrier_without_clear_denial
blocked_node	11800688721	car_passage_denied
ignored_node_rule	11800688765	barrier_without_clear_denial
ignored_node_rule	11800701969	barrier_without_clear_denial
ignored_node_rule	11800701972	barrier_without_clear_denial
ignored_node_rule	11812907668	barrier_without_clear_denial
blocked_node	11813366177	car_passage_denied
blocked_node	11813366217	car_passage_denied
ignored_node_rule	11817464019	barrier_without_clear_denial
ignored_node_rule	11817464020	barrier_without_clear_denial
ignored_node_rule	11817464022	barrier_without_clear_denial
ignored_node_rule	11817464026	barrier_without_clear_denial
blocked_node	11821418282	car_passage_denied
ignored_node_rule	11821418325	barrier_without_clear_denial
blocked_node	11821418360	car_passage_denied
ignored_node_rule	11824404931	barrier_without_clear_denial
ignored_node_rule	11824434564	barrier_without_clear_denial
ignored_node_rule	11824434649	barrier_without_clear_denial
blocked_node	11824434711	car_passage_denied
blocked_node	11824434727	car_passage_denied
ignored_node_rule	11824434742	barrier_without_clear_denial
ignored_node_rule	11824434777	barrier_without_clear_denial
blocked_node	11824434781	car_passage_denied
ignored_node_rule	11829764680	barrier_without_clear_denial
ignored_node_rule	11829781069	barrier_without_clear_denial
ignored_node_rule	11829781088	barrier_without_clear_denial
ignored_node_rule	11829781126	barrier_without_clear_denial
ignored_node_rule	11844341731	barrier_without_clear_denial
ignored_node_rule	11844341732	barrier_without_clear_denial
ignored_node_rule	11844341734	barrier_without_clear_denial
ignored_node_rule	11844508752	barrier_without_clear_denial
ignored_node_rule	11844508839	barrier_without_clear_denial
ignored_node_rule	11847339180	barrier_without_clear_denial
ignored_node_rule	11850350705	barrier_without_clear_denial
ignored_node_rule	11850399150	barrier_without_clear_denial
ignored_node_rule	11850399159	barrier_without_clear_denial
ignored_node_rule	11850475055	barrier_without_clear_denial
ignored_node_rule	11854209925	barrier_without_clear_denial
ignored_node_rule	11913757332	barrier_without_clear_denial
ignored_node_rule	11917888551	barrier_without_clear_denial
ignored_node_rule	11921097210	barrier_without_clear_denial
ignored_node_rule	11921097211	barrier_without_clear_denial
ignored_node_rule	11941548294	barrier_without_clear_denial
ignored_node_rule	11947790477	barrier_without_clear_denial
ignored_node_rule	11958121149	barrier_without_clear_denial
ignored_node_rule	11958121150	barrier_without_clear_denial
ignored_node_rule	12048971545	barrier_without_clear_denial
ignored_node_rule	12048971549	barrier_without_clear_denial
ignored_node_rule	12061668141	barrier_without_clear_denial
ignored_node_rule	12066706921	barrier_without_clear_denial
ignored_node_rule	12066706929	barrier_without_clear_denial
ignored_node_rule	12066706944	barrier_without_clear_denial
ignored_node_rule	12068137520	barrier_without_clear_denial
ignored_node_rule	12090124718	barrier_without_clear_denial
ignored_node_rule	12090202738	barrier_without_clear_denial
ignored_node_rule	12090202739	barrier_without_clear_denial
ignored_node_rule	12094479570	barrier_without_clear_denial
ignored_node_rule	12094627446	barrier_without_clear_denial
ignored_node_rule	12096986187	barrier_without_clear_denial
ignored_node_rule	12096986189	barrier_without_clear_denial
ignored_node_rule	12096986192	barrier_without_clear_denial
ignored_node_rule	12100691309	barrier_without_clear_denial
ignored_node_rule	12116343383	barrier_without_clear_denial
ignored_node_rule	12120242223	barrier_without_clear_denial
ignored_node_rule	12120242224	barrier_without_clear_denial
ignored_node_rule	12120242225	barrier_without_clear_denial
ignored_node_rule	12120242226	barrier_without_clear_denial
ignored_node_rule	12127551018	barrier_without_clear_denial
ignored_node_rule	12135099198	barrier_without_clear_denial
ignored_node_rule	12135157513	barrier_without_clear_denial
ignored_node_rule	12135157521	barrier_without_clear_denial
ignored_node_rule	12135157525	barrier_without_clear_denial
ignored_node_rule	12135157534	barrier_without_clear_denial
ignored_node_rule	12135157535	barrier_without_clear_denial
blocked_node	12137333842	car_passage_denied
blocked_node	12137333843	car_passage_denied
blocked_node	12137333972	car_passage_denied
blocked_node	12137333973	car_passage_denied
ignored_node_rule	12138925209	barrier_without_clear_denial
ignored_node_rule	12141196397	barrier_without_clear_denial
ignored_node_rule	12141196398	barrier_without_clear_denial
ignored_node_rule	12141196399	barrier_without_clear_denial
ignored_node_rule	12141232509	barrier_without_clear_denial
ignored_node_rule	12141232510	barrier_without_clear_denial
ignored_node_rule	12141232512	barrier_without_clear_denial
ignored_node_rule	12141232514	barrier_without_clear_denial
ignored_node_rule	12141232516	barrier_without_clear_denial
ignored_node_rule	12141232517	barrier_without_clear_denial
ignored_node_rule	12141232518	barrier_without_clear_denial
ignored_node_rule	12141232519	barrier_without_clear_denial
ignored_node_rule	12141232520	barrier_without_clear_denial
ignored_node_rule	12141232524	barrier_without_clear_denial
ignored_node_rule	12141232525	barrier_without_clear_denial
ignored_node_rule	12141232527	barrier_without_clear_denial
ignored_node_rule	12141232528	barrier_without_clear_denial
ignored_node_rule	12141232530	barrier_without_clear_denial
ignored_node_rule	12141232531	barrier_without_clear_denial
ignored_node_rule	12141232533	barrier_without_clear_denial
ignored_node_rule	12141232534	barrier_without_clear_denial
ignored_node_rule	12141232536	barrier_without_clear_denial
ignored_node_rule	12141232537	barrier_without_clear_denial
ignored_node_rule	12141232541	barrier_without_clear_denial
ignored_node_rule	12141232542	barrier_without_clear_denial
ignored_node_rule	12141232545	barrier_without_clear_denial
ignored_node_rule	12141232546	barrier_without_clear_denial
ignored_node_rule	12141232549	barrier_without_clear_denial
ignored_node_rule	12141232550	barrier_without_clear_denial
ignored_node_rule	12141232552	barrier_without_clear_denial
ignored_node_rule	12141232554	barrier_without_clear_denial
ignored_node_rule	12141232556	barrier_without_clear_denial
ignored_node_rule	12141232558	barrier_without_clear_denial
ignored_node_rule	12141232562	barrier_without_clear_denial
ignored_node_rule	12141232563	barrier_without_clear_denial
ignored_node_rule	12141232564	barrier_without_clear_denial
ignored_node_rule	12141232567	barrier_without_clear_denial
ignored_node_rule	12142185069	barrier_without_clear_denial
ignored_node_rule	12142185070	barrier_without_clear_denial
ignored_node_rule	12142185071	barrier_without_clear_denial
ignored_node_rule	12142185073	barrier_without_clear_denial
ignored_node_rule	12142242144	barrier_without_clear_denial
ignored_node_rule	12142242145	barrier_without_clear_denial
ignored_node_rule	12142242146	barrier_without_clear_denial
ignored_node_rule	12142242147	barrier_without_clear_denial
ignored_node_rule	12142242149	barrier_without_clear_denial
ignored_node_rule	12142242150	barrier_without_clear_denial
ignored_node_rule	12142242154	barrier_without_clear_denial
ignored_node_rule	12142242170	barrier_without_clear_denial
ignored_node_rule	12142242171	barrier_without_clear_denial
ignored_node_rule	12142242175	barrier_without_clear_denial
ignored_node_rule	12142242178	barrier_without_clear_denial
ignored_node_rule	12142242189	barrier_without_clear_denial
ignored_node_rule	12142242192	barrier_without_clear_denial
ignored_node_rule	12142242195	barrier_without_clear_denial
ignored_node_rule	12142242197	barrier_without_clear_denial
ignored_node_rule	12142242198	barrier_without_clear_denial
ignored_node_rule	12142681067	barrier_without_clear_denial
ignored_node_rule	12142681068	barrier_without_clear_denial
ignored_node_rule	12142687314	barrier_without_clear_denial
ignored_node_rule	12142687315	barrier_without_clear_denial
ignored_node_rule	12142687316	barrier_without_clear_denial
ignored_node_rule	12142687317	barrier_without_clear_denial
ignored_node_rule	12144195441	barrier_without_clear_denial
ignored_node_rule	12145342630	barrier_without_clear_denial
ignored_node_rule	12145342631	barrier_without_clear_denial
ignored_node_rule	12145635900	barrier_without_clear_denial
ignored_node_rule	12149683760	barrier_without_clear_denial
ignored_node_rule	12149683800	barrier_without_clear_denial
ignored_node_rule	12149687296	barrier_without_clear_denial
ignored_node_rule	12149687305	barrier_without_clear_denial
ignored_node_rule	12149687401	barrier_without_clear_denial
ignored_node_rule	12159069494	barrier_without_clear_denial
ignored_node_rule	12159069545	barrier_without_clear_denial
ignored_node_rule	12159100872	barrier_without_clear_denial
ignored_node_rule	12159100893	barrier_without_clear_denial
ignored_node_rule	12159106929	barrier_without_clear_denial
blocked_node	12161356048	car_passage_denied
blocked_node	12161356053	car_passage_denied
blocked_node	12161356060	car_passage_denied
ignored_node_rule	12164747179	barrier_without_clear_denial
ignored_node_rule	12164747184	barrier_without_clear_denial
ignored_node_rule	12164747188	barrier_without_clear_denial
ignored_node_rule	12164747198	barrier_without_clear_denial
ignored_node_rule	12164797708	barrier_without_clear_denial
ignored_node_rule	12164797730	barrier_without_clear_denial
ignored_node_rule	12164797731	barrier_without_clear_denial
ignored_node_rule	12164797735	barrier_without_clear_denial
ignored_node_rule	12164797736	barrier_without_clear_denial
ignored_node_rule	12164797738	barrier_without_clear_denial
ignored_node_rule	12164797739	barrier_without_clear_denial
ignored_node_rule	12164797742	barrier_without_clear_denial
ignored_node_rule	12164797745	barrier_without_clear_denial
ignored_node_rule	12164797749	barrier_without_clear_denial
ignored_node_rule	12164797756	barrier_without_clear_denial
ignored_node_rule	12164797767	barrier_without_clear_denial
ignored_node_rule	12164797768	barrier_without_clear_denial
ignored_node_rule	12164797794	barrier_without_clear_denial
ignored_node_rule	12164797802	barrier_without_clear_denial
ignored_node_rule	12164797810	barrier_without_clear_denial
ignored_node_rule	12165735907	barrier_without_clear_denial
ignored_node_rule	12165735908	barrier_without_clear_denial
ignored_node_rule	12165735910	barrier_without_clear_denial
ignored_node_rule	12165735935	barrier_without_clear_denial
ignored_node_rule	12165735936	barrier_without_clear_denial
ignored_node_rule	12165735984	barrier_without_clear_denial
ignored_node_rule	12165735986	barrier_without_clear_denial
ignored_node_rule	12165735989	barrier_without_clear_denial
ignored_node_rule	12165735996	barrier_without_clear_denial
ignored_node_rule	12165735997	barrier_without_clear_denial
ignored_node_rule	12165736000	barrier_without_clear_denial
ignored_node_rule	12165736001	barrier_without_clear_denial
ignored_node_rule	12165736003	barrier_without_clear_denial
ignored_node_rule	12165736005	barrier_without_clear_denial
ignored_node_rule	12165736014	barrier_without_clear_denial
ignored_node_rule	12165736030	barrier_without_clear_denial
ignored_node_rule	12165736031	barrier_without_clear_denial
ignored_node_rule	12171142559	barrier_without_clear_denial
ignored_node_rule	12175990259	barrier_without_clear_denial
ignored_node_rule	12175990260	barrier_without_clear_denial
ignored_node_rule	12175990261	barrier_without_clear_denial
ignored_node_rule	12181385159	barrier_without_clear_denial
ignored_node_rule	12181385191	barrier_without_clear_denial
ignored_node_rule	12181385192	barrier_without_clear_denial
blocked_node	12192539822	car_passage_denied
ignored_node_rule	12192539833	barrier_without_clear_denial
ignored_node_rule	12192539904	barrier_without_clear_denial
blocked_node	12192540040	car_passage_denied
blocked_node	12192540091	car_passage_denied
ignored_node_rule	12192540095	barrier_without_clear_denial
ignored_node_rule	12192540131	barrier_without_clear_denial
blocked_node	12192540213	car_passage_denied
ignored_node_rule	12192540246	barrier_without_clear_denial
ignored_node_rule	12193674150	barrier_without_clear_denial
ignored_node_rule	12193674312	barrier_without_clear_denial
ignored_node_rule	12194641064	barrier_without_clear_denial
ignored_node_rule	12194641065	barrier_without_clear_denial
ignored_node_rule	12206384437	barrier_without_clear_denial
ignored_node_rule	12206384439	barrier_without_clear_denial
ignored_node_rule	12206389568	barrier_without_clear_denial
ignored_node_rule	12206389571	barrier_without_clear_denial
ignored_node_rule	12208523398	barrier_without_clear_denial
ignored_node_rule	12208523400	barrier_without_clear_denial
ignored_node_rule	12208534503	barrier_without_clear_denial
ignored_node_rule	12208534510	barrier_without_clear_denial
ignored_node_rule	12208534511	barrier_without_clear_denial
ignored_node_rule	12208534515	barrier_without_clear_denial
ignored_node_rule	12208534518	barrier_without_clear_denial
ignored_node_rule	12208534519	barrier_without_clear_denial
ignored_node_rule	12208534523	barrier_without_clear_denial
ignored_node_rule	12211916309	barrier_without_clear_denial
ignored_node_rule	12223548859	barrier_without_clear_denial
ignored_node_rule	12230826524	barrier_without_clear_denial
ignored_node_rule	12235108063	barrier_without_clear_denial
ignored_node_rule	12235108074	barrier_without_clear_denial
ignored_node_rule	12235108075	barrier_without_clear_denial
ignored_node_rule	12235108077	barrier_without_clear_denial
ignored_node_rule	12272816055	barrier_without_clear_denial
ignored_node_rule	12300544329	barrier_without_clear_denial
ignored_node_rule	12300545601	barrier_without_clear_denial
ignored_node_rule	12329965077	barrier_without_clear_denial
ignored_node_rule	12364236705	barrier_without_clear_denial
ignored_node_rule	12374373032	barrier_without_clear_denial
ignored_node_rule	12376237592	barrier_without_clear_denial
ignored_node_rule	12378524714	barrier_without_clear_denial
ignored_node_rule	12389319540	barrier_without_clear_denial
ignored_node_rule	12389366125	barrier_without_clear_denial
ignored_node_rule	12389366146	barrier_without_clear_denial
ignored_node_rule	12389366147	barrier_without_clear_denial
ignored_node_rule	12389366173	barrier_without_clear_denial
ignored_node_rule	12389366214	barrier_without_clear_denial
ignored_node_rule	12389366283	barrier_without_clear_denial
ignored_node_rule	12389366284	barrier_without_clear_denial
ignored_node_rule	12389366372	barrier_without_clear_denial
ignored_node_rule	12389366384	barrier_without_clear_denial
ignored_node_rule	12389366385	barrier_without_clear_denial
ignored_node_rule	12389415128	barrier_without_clear_denial
ignored_node_rule	12389415145	barrier_without_clear_denial
ignored_node_rule	12389415189	barrier_without_clear_denial
ignored_node_rule	12389415205	barrier_without_clear_denial
ignored_node_rule	12389415206	barrier_without_clear_denial
ignored_node_rule	12389415207	barrier_without_clear_denial
ignored_node_rule	12390432061	barrier_without_clear_denial
ignored_node_rule	12390432112	barrier_without_clear_denial
ignored_node_rule	12390432127	barrier_without_clear_denial
ignored_node_rule	12390432156	barrier_without_clear_denial
ignored_node_rule	12390432226	barrier_without_clear_denial
ignored_node_rule	12390432309	barrier_without_clear_denial
ignored_node_rule	12390432324	barrier_without_clear_denial
ignored_node_rule	12390432350	barrier_without_clear_denial
ignored_node_rule	12390432358	barrier_without_clear_denial
ignored_node_rule	12390432359	barrier_without_clear_denial
ignored_node_rule	12390432393	barrier_without_clear_denial
ignored_node_rule	12390432394	barrier_without_clear_denial
ignored_node_rule	12390432399	barrier_without_clear_denial
ignored_node_rule	12390432412	barrier_without_clear_denial
ignored_node_rule	12390432414	barrier_without_clear_denial
ignored_node_rule	12390432416	barrier_without_clear_denial
ignored_node_rule	12392878604	barrier_without_clear_denial
ignored_node_rule	12392966605	barrier_without_clear_denial
ignored_node_rule	12392966607	barrier_without_clear_denial
ignored_node_rule	12392966608	barrier_without_clear_denial
ignored_node_rule	12392966612	barrier_without_clear_denial
ignored_node_rule	12392966624	barrier_without_clear_denial
ignored_node_rule	12392966635	barrier_without_clear_denial
ignored_node_rule	12392966649	barrier_without_clear_denial
ignored_node_rule	12393170339	barrier_without_clear_denial
ignored_node_rule	12393170470	barrier_without_clear_denial
ignored_node_rule	12393170625	barrier_without_clear_denial
ignored_node_rule	12393170654	barrier_without_clear_denial
ignored_node_rule	12393170736	barrier_without_clear_denial
ignored_node_rule	12393170764	barrier_without_clear_denial
ignored_node_rule	12393170905	barrier_without_clear_denial
ignored_node_rule	12393170909	barrier_without_clear_denial
ignored_node_rule	12393171039	barrier_without_clear_denial
ignored_node_rule	12393171086	barrier_without_clear_denial
ignored_node_rule	12393171130	barrier_without_clear_denial
ignored_node_rule	12393171191	barrier_without_clear_denial
ignored_node_rule	12393171240	barrier_without_clear_denial
ignored_node_rule	12393171241	barrier_without_clear_denial
ignored_node_rule	12393171273	barrier_without_clear_denial
ignored_node_rule	12393171287	barrier_without_clear_denial
ignored_node_rule	12393171304	barrier_without_clear_denial
ignored_node_rule	12393171368	barrier_without_clear_denial
ignored_node_rule	12393171377	barrier_without_clear_denial
ignored_node_rule	12393171378	barrier_without_clear_denial
ignored_node_rule	12393171407	barrier_without_clear_denial
ignored_node_rule	12393171469	barrier_without_clear_denial
ignored_node_rule	12393171470	barrier_without_clear_denial
ignored_node_rule	12393171552	barrier_without_clear_denial
ignored_node_rule	12393171553	barrier_without_clear_denial
ignored_node_rule	12421070315	barrier_without_clear_denial
ignored_node_rule	12421070347	barrier_without_clear_denial
ignored_node_rule	12421070397	barrier_without_clear_denial
ignored_node_rule	12421070411	barrier_without_clear_denial
ignored_node_rule	12429048575	barrier_without_clear_denial
ignored_node_rule	12429048578	barrier_without_clear_denial
ignored_node_rule	12463089933	barrier_without_clear_denial
ignored_node_rule	12463089934	barrier_without_clear_denial
ignored_node_rule	12466409339	barrier_without_clear_denial
ignored_node_rule	12470582365	barrier_without_clear_denial
ignored_node_rule	12470685616	barrier_without_clear_denial
ignored_node_rule	12484207403	barrier_without_clear_denial
ignored_node_rule	12484207414	barrier_without_clear_denial
ignored_node_rule	12495684554	barrier_without_clear_denial
ignored_node_rule	12495684568	barrier_without_clear_denial
ignored_node_rule	12495684569	barrier_without_clear_denial
ignored_node_rule	12495684570	barrier_without_clear_denial
ignored_node_rule	12495684571	barrier_without_clear_denial
ignored_node_rule	12495684574	barrier_without_clear_denial
ignored_node_rule	12495684575	barrier_without_clear_denial
ignored_node_rule	12496062787	barrier_without_clear_denial
ignored_node_rule	12517674849	barrier_without_clear_denial
ignored_node_rule	12523281919	barrier_without_clear_denial
ignored_node_rule	12523281920	barrier_without_clear_denial
ignored_node_rule	12523281921	barrier_without_clear_denial
ignored_node_rule	12523281922	barrier_without_clear_denial
ignored_node_rule	12533489417	barrier_without_clear_denial
ignored_node_rule	12533489605	barrier_without_clear_denial
ignored_node_rule	12533522267	barrier_without_clear_denial
ignored_node_rule	12537416758	barrier_without_clear_denial
ignored_node_rule	12538797114	barrier_without_clear_denial
ignored_node_rule	12538986763	barrier_without_clear_denial
blocked_node	12538986764	car_passage_denied
ignored_node_rule	12539252914	barrier_without_clear_denial
ignored_node_rule	12539252940	barrier_without_clear_denial
ignored_node_rule	12539252941	barrier_without_clear_denial
ignored_node_rule	12545735570	barrier_without_clear_denial
blocked_node	12556669196	car_passage_denied
ignored_node_rule	12557349871	barrier_without_clear_denial
blocked_node	12557349872	car_passage_denied
blocked_node	12557471878	car_passage_denied
blocked_node	12557471896	car_passage_denied
blocked_node	12557505738	car_passage_denied
ignored_node_rule	12557694659	barrier_without_clear_denial
ignored_node_rule	12557694660	barrier_without_clear_denial
ignored_node_rule	12559645688	barrier_without_clear_denial
ignored_node_rule	12573512200	barrier_without_clear_denial
ignored_node_rule	12573512901	barrier_without_clear_denial
ignored_node_rule	12573512902	barrier_without_clear_denial
ignored_node_rule	12573566065	barrier_without_clear_denial
blocked_node	12573658313	car_passage_denied
ignored_node_rule	12577115360	barrier_without_clear_denial
blocked_node	12577119122	car_passage_denied
blocked_node	12577119148	car_passage_denied
ignored_node_rule	12577130568	barrier_without_clear_denial
ignored_node_rule	12582127467	barrier_without_clear_denial
blocked_node	12587331992	car_passage_denied
blocked_node	12607200176	car_passage_denied
blocked_node	12607200253	car_passage_denied
ignored_node_rule	12695809130	barrier_without_clear_denial
ignored_node_rule	12809837527	barrier_without_clear_denial
blocked_node	12809859891	car_passage_denied
blocked_node	12809867512	car_passage_denied
ignored_node_rule	12810775181	barrier_without_clear_denial
ignored_node_rule	12815124554	barrier_without_clear_denial
ignored_node_rule	12816428941	barrier_without_clear_denial
ignored_node_rule	12816428947	barrier_without_clear_denial
ignored_node_rule	12816428955	barrier_without_clear_denial
ignored_node_rule	12816428965	barrier_without_clear_denial
ignored_node_rule	12816428984	barrier_without_clear_denial
ignored_node_rule	12816428986	barrier_without_clear_denial
blocked_node	12816429069	car_passage_denied
ignored_node_rule	12837041205	barrier_without_clear_denial
ignored_node_rule	12837041212	barrier_without_clear_denial
ignored_node_rule	12860475164	barrier_without_clear_denial
ignored_node_rule	12865988768	barrier_without_clear_denial
ignored_node_rule	12865988769	barrier_without_clear_denial
ignored_node_rule	12874837073	barrier_without_clear_denial
ignored_node_rule	12894141082	barrier_without_clear_denial
ignored_node_rule	12894155223	barrier_without_clear_denial
ignored_node_rule	12909020646	barrier_without_clear_denial
ignored_node_rule	12909020667	barrier_without_clear_denial
ignored_node_rule	12909020672	barrier_without_clear_denial
ignored_node_rule	12948843557	barrier_without_clear_denial
ignored_node_rule	12948966171	barrier_without_clear_denial
ignored_node_rule	12951103686	barrier_without_clear_denial
blocked_node	12953637298	car_passage_denied
ignored_node_rule	12954291181	barrier_without_clear_denial
ignored_node_rule	12954291182	barrier_without_clear_denial
ignored_node_rule	12954291204	barrier_without_clear_denial
ignored_node_rule	12954291205	barrier_without_clear_denial
ignored_node_rule	12987328107	barrier_without_clear_denial
ignored_node_rule	12987328108	barrier_without_clear_denial
ignored_node_rule	12989117056	barrier_without_clear_denial
ignored_node_rule	12989117057	barrier_without_clear_denial
ignored_node_rule	12989117058	barrier_without_clear_denial
ignored_node_rule	12989117059	barrier_without_clear_denial
blocked_node	12989993322	car_passage_denied
blocked_node	12989993323	car_passage_denied
blocked_node	12989993324	car_passage_denied
blocked_node	12989993325	car_passage_denied
blocked_node	12989993326	car_passage_denied
blocked_node	12989993327	car_passage_denied
blocked_node	12989993328	car_passage_denied
blocked_node	12989993329	car_passage_denied
blocked_node	12989993330	car_passage_denied
blocked_node	12989993331	car_passage_denied
blocked_node	12989993332	car_passage_denied
blocked_node	12989993335	car_passage_denied
blocked_node	12989993336	car_passage_denied
blocked_node	12989993337	car_passage_denied
blocked_node	12989993338	car_passage_denied
blocked_node	12989993339	car_passage_denied
blocked_node	12989993340	car_passage_denied
blocked_node	12989993341	car_passage_denied
blocked_node	12989993342	car_passage_denied
blocked_node	12989993343	car_passage_denied
blocked_node	12989993344	car_passage_denied
ignored_node_rule	12991035585	barrier_without_clear_denial
ignored_node_rule	12992779365	barrier_without_clear_denial
ignored_node_rule	12992793088	barrier_without_clear_denial
ignored_node_rule	12993136191	barrier_without_clear_denial
ignored_node_rule	12993656666	barrier_without_clear_denial
ignored_node_rule	12993656697	barrier_without_clear_denial
ignored_node_rule	12993835018	barrier_without_clear_denial
ignored_node_rule	12994830759	barrier_without_clear_denial
ignored_node_rule	12994830763	barrier_without_clear_denial
ignored_node_rule	12994830764	barrier_without_clear_denial
ignored_node_rule	12996865360	barrier_without_clear_denial
ignored_node_rule	12996865363	barrier_without_clear_denial
ignored_node_rule	12996961673	barrier_without_clear_denial
ignored_node_rule	12997246017	barrier_without_clear_denial
ignored_node_rule	12997286811	barrier_without_clear_denial
ignored_node_rule	12997325771	barrier_without_clear_denial
ignored_node_rule	12997325778	barrier_without_clear_denial
ignored_node_rule	12999528078	barrier_without_clear_denial
ignored_node_rule	13003585565	barrier_without_clear_denial
ignored_node_rule	13005817939	barrier_without_clear_denial
blocked_node	13011700275	car_passage_denied
blocked_node	13011700276	car_passage_denied
ignored_node_rule	13016597882	barrier_without_clear_denial
ignored_node_rule	13016597885	barrier_without_clear_denial
ignored_node_rule	13019344042	barrier_without_clear_denial
ignored_node_rule	13025954614	barrier_without_clear_denial
ignored_node_rule	13025954615	barrier_without_clear_denial
ignored_node_rule	13025954616	barrier_without_clear_denial
ignored_node_rule	13025954617	barrier_without_clear_denial
ignored_node_rule	13031795560	barrier_without_clear_denial
ignored_node_rule	13031795561	barrier_without_clear_denial
blocked_node	13049367039	car_passage_denied
ignored_node_rule	13052880957	barrier_without_clear_denial
blocked_node	13056479070	car_passage_denied
ignored_node_rule	13061059694	barrier_without_clear_denial
ignored_node_rule	13061368656	barrier_without_clear_denial
ignored_node_rule	13061368662	barrier_without_clear_denial
ignored_node_rule	13063126652	barrier_without_clear_denial
ignored_node_rule	13070252084	barrier_without_clear_denial
ignored_node_rule	13072594847	barrier_without_clear_denial
ignored_node_rule	13100522354	barrier_without_clear_denial
ignored_node_rule	13108076194	barrier_without_clear_denial
ignored_node_rule	13108131004	barrier_without_clear_denial
ignored_node_rule	13108131060	barrier_without_clear_denial
ignored_node_rule	13108131061	barrier_without_clear_denial
ignored_node_rule	13108132367	barrier_without_clear_denial
blocked_node	13108132383	car_passage_denied
ignored_node_rule	13108132389	barrier_without_clear_denial
ignored_node_rule	13108184904	barrier_without_clear_denial
ignored_node_rule	13109056564	barrier_without_clear_denial
ignored_node_rule	13109056565	barrier_without_clear_denial
ignored_node_rule	13121546822	barrier_without_clear_denial
ignored_node_rule	13121546902	barrier_without_clear_denial
ignored_node_rule	13121546903	barrier_without_clear_denial
ignored_node_rule	13140987533	barrier_without_clear_denial
ignored_node_rule	13140987539	barrier_without_clear_denial
blocked_node	13152002323	car_passage_denied
ignored_node_rule	13157391383	barrier_without_clear_denial
ignored_node_rule	13157436318	barrier_without_clear_denial
ignored_node_rule	13159017927	barrier_without_clear_denial
ignored_node_rule	13159017928	barrier_without_clear_denial
ignored_node_rule	13159093816	barrier_without_clear_denial
ignored_node_rule	13160674619	barrier_without_clear_denial
ignored_node_rule	13160674620	barrier_without_clear_denial
ignored_node_rule	13160674628	barrier_without_clear_denial
ignored_node_rule	13160674631	barrier_without_clear_denial
ignored_node_rule	13160674632	barrier_without_clear_denial
ignored_node_rule	13173868024	barrier_without_clear_denial
ignored_node_rule	13173868032	barrier_without_clear_denial
ignored_node_rule	13173868066	barrier_without_clear_denial
ignored_node_rule	13173868071	barrier_without_clear_denial
ignored_node_rule	13173896474	barrier_without_clear_denial
ignored_node_rule	13173915094	barrier_without_clear_denial
ignored_node_rule	13173915153	barrier_without_clear_denial
ignored_node_rule	13176091162	barrier_without_clear_denial
blocked_node	13180498665	car_passage_denied
ignored_node_rule	13180498666	barrier_without_clear_denial
blocked_node	13182148884	car_passage_denied
ignored_node_rule	13185291824	barrier_without_clear_denial
ignored_node_rule	13201308603	barrier_without_clear_denial
ignored_node_rule	13201308604	barrier_without_clear_denial
ignored_node_rule	13201308605	barrier_without_clear_denial
ignored_node_rule	13201308606	barrier_without_clear_denial
ignored_node_rule	13201308651	barrier_without_clear_denial
blocked_node	13201308675	car_passage_denied
blocked_node	13201308771	car_passage_denied
blocked_node	13201308795	car_passage_denied
ignored_node_rule	13201308897	barrier_without_clear_denial
ignored_node_rule	13201308898	barrier_without_clear_denial
ignored_node_rule	13201308899	barrier_without_clear_denial
ignored_node_rule	13201308900	barrier_without_clear_denial
ignored_node_rule	13201308905	barrier_without_clear_denial
ignored_node_rule	13201308906	barrier_without_clear_denial
ignored_node_rule	13201308913	barrier_without_clear_denial
ignored_node_rule	13201308914	barrier_without_clear_denial
ignored_node_rule	13201308934	barrier_without_clear_denial
ignored_node_rule	13201308935	barrier_without_clear_denial
ignored_node_rule	13201308938	barrier_without_clear_denial
ignored_node_rule	13201308939	barrier_without_clear_denial
ignored_node_rule	13201308944	barrier_without_clear_denial
ignored_node_rule	13201308947	barrier_without_clear_denial
ignored_node_rule	13201308948	barrier_without_clear_denial
ignored_node_rule	13201308950	barrier_without_clear_denial
ignored_node_rule	13201308951	barrier_without_clear_denial
ignored_node_rule	13201308952	barrier_without_clear_denial
ignored_node_rule	13201308953	barrier_without_clear_denial
ignored_node_rule	13201308955	barrier_without_clear_denial
ignored_node_rule	13201308956	barrier_without_clear_denial
ignored_node_rule	13201308957	barrier_without_clear_denial
ignored_node_rule	13201308959	barrier_without_clear_denial
ignored_node_rule	13201308960	barrier_without_clear_denial
ignored_node_rule	13201308962	barrier_without_clear_denial
ignored_node_rule	13201308963	barrier_without_clear_denial
ignored_node_rule	13201308964	barrier_without_clear_denial
ignored_node_rule	13201308965	barrier_without_clear_denial
ignored_node_rule	13201308971	barrier_without_clear_denial
ignored_node_rule	13201308972	barrier_without_clear_denial
ignored_node_rule	13201308976	barrier_without_clear_denial
ignored_node_rule	13201308977	barrier_without_clear_denial
ignored_node_rule	13201308979	barrier_without_clear_denial
ignored_node_rule	13201308980	barrier_without_clear_denial
ignored_node_rule	13201308982	barrier_without_clear_denial
ignored_node_rule	13201308983	barrier_without_clear_denial
ignored_node_rule	13201308986	barrier_without_clear_denial
ignored_node_rule	13201308987	barrier_without_clear_denial
ignored_node_rule	13201308990	barrier_without_clear_denial
ignored_node_rule	13201308991	barrier_without_clear_denial
ignored_node_rule	13201308993	barrier_without_clear_denial
ignored_node_rule	13201308994	barrier_without_clear_denial
ignored_node_rule	13204309492	barrier_without_clear_denial
ignored_node_rule	13204343787	barrier_without_clear_denial
ignored_node_rule	13204424173	barrier_without_clear_denial
ignored_node_rule	13204424193	barrier_without_clear_denial
ignored_node_rule	13204476768	barrier_without_clear_denial
ignored_node_rule	13204476769	barrier_without_clear_denial
ignored_node_rule	13207312213	barrier_without_clear_denial
ignored_node_rule	13208084494	barrier_without_clear_denial
ignored_node_rule	13208084495	barrier_without_clear_denial
ignored_node_rule	13208084496	barrier_without_clear_denial
ignored_node_rule	13208093741	barrier_without_clear_denial
ignored_node_rule	13208093763	barrier_without_clear_denial
ignored_node_rule	13208093764	barrier_without_clear_denial
ignored_node_rule	13208093773	barrier_without_clear_denial
ignored_node_rule	13208093776	barrier_without_clear_denial
ignored_node_rule	13208093783	barrier_without_clear_denial
ignored_node_rule	13208475717	barrier_without_clear_denial
ignored_node_rule	13208475721	barrier_without_clear_denial
ignored_node_rule	13208475722	barrier_without_clear_denial
ignored_node_rule	13208475738	barrier_without_clear_denial
ignored_node_rule	13208513643	barrier_without_clear_denial
ignored_node_rule	13208513686	barrier_without_clear_denial
ignored_node_rule	13227035959	barrier_without_clear_denial
ignored_node_rule	13227035960	barrier_without_clear_denial
ignored_node_rule	13227035961	barrier_without_clear_denial
ignored_node_rule	13227035968	barrier_without_clear_denial
ignored_node_rule	13227035991	barrier_without_clear_denial
ignored_node_rule	13227035996	barrier_without_clear_denial
ignored_node_rule	13227066505	barrier_without_clear_denial
ignored_node_rule	13227095854	barrier_without_clear_denial
ignored_node_rule	13227095889	barrier_without_clear_denial
ignored_node_rule	13227097302	barrier_without_clear_denial
ignored_node_rule	13227097306	barrier_without_clear_denial
ignored_node_rule	13227161221	barrier_without_clear_denial
ignored_node_rule	13227161297	barrier_without_clear_denial
blocked_node	13227167395	car_passage_denied
ignored_node_rule	13227177066	barrier_without_clear_denial
ignored_node_rule	13227384226	barrier_without_clear_denial
ignored_node_rule	13227650614	barrier_without_clear_denial
ignored_node_rule	13227650615	barrier_without_clear_denial
ignored_node_rule	13228877299	barrier_without_clear_denial
ignored_node_rule	13234086411	barrier_without_clear_denial
ignored_node_rule	13238958016	barrier_without_clear_denial
ignored_node_rule	13241255152	barrier_without_clear_denial
ignored_node_rule	13241255164	barrier_without_clear_denial
ignored_node_rule	13248129586	barrier_without_clear_denial
ignored_node_rule	13248166424	barrier_without_clear_denial
ignored_node_rule	13248166434	barrier_without_clear_denial
ignored_node_rule	13248166435	barrier_without_clear_denial
ignored_node_rule	13248166436	barrier_without_clear_denial
ignored_node_rule	13248166454	barrier_without_clear_denial
ignored_node_rule	13248166456	barrier_without_clear_denial
ignored_node_rule	13248166469	barrier_without_clear_denial
ignored_node_rule	13248166470	barrier_without_clear_denial
ignored_node_rule	13248166613	barrier_without_clear_denial
ignored_node_rule	13248166614	barrier_without_clear_denial
ignored_node_rule	13248166617	barrier_without_clear_denial
ignored_node_rule	13248166618	barrier_without_clear_denial
ignored_node_rule	13248166629	barrier_without_clear_denial
ignored_node_rule	13248166630	barrier_without_clear_denial
ignored_node_rule	13255484930	barrier_without_clear_denial
ignored_node_rule	13255484971	barrier_without_clear_denial
ignored_node_rule	13255484988	barrier_without_clear_denial
ignored_node_rule	13255484993	barrier_without_clear_denial
ignored_node_rule	13255484996	barrier_without_clear_denial
ignored_node_rule	13255548554	barrier_without_clear_denial
ignored_node_rule	13255548558	barrier_without_clear_denial
ignored_node_rule	13256978688	barrier_without_clear_denial
ignored_node_rule	13257043389	barrier_without_clear_denial
ignored_node_rule	13257051409	barrier_without_clear_denial
ignored_node_rule	13257051529	barrier_without_clear_denial
ignored_node_rule	13257093823	barrier_without_clear_denial
ignored_node_rule	13264803591	barrier_without_clear_denial
ignored_node_rule	13272318259	barrier_without_clear_denial
ignored_node_rule	13273227188	barrier_without_clear_denial
ignored_node_rule	13273227195	barrier_without_clear_denial
ignored_node_rule	13273287256	barrier_without_clear_denial
ignored_node_rule	13273287263	barrier_without_clear_denial
ignored_node_rule	13273335650	barrier_without_clear_denial
ignored_node_rule	13279077615	barrier_without_clear_denial
ignored_node_rule	13279694498	barrier_without_clear_denial
ignored_node_rule	13279694500	barrier_without_clear_denial
ignored_node_rule	13279703417	barrier_without_clear_denial
ignored_node_rule	13279703418	barrier_without_clear_denial
ignored_node_rule	13279974155	barrier_without_clear_denial
ignored_node_rule	13286325876	barrier_without_clear_denial
blocked_node	13300864530	car_passage_denied
ignored_node_rule	13305842274	barrier_without_clear_denial
ignored_node_rule	13305842299	barrier_without_clear_denial
ignored_node_rule	13305852710	barrier_without_clear_denial
ignored_node_rule	13327557520	barrier_without_clear_denial
ignored_node_rule	13336713426	barrier_without_clear_denial
ignored_node_rule	13339749586	barrier_without_clear_denial
ignored_node_rule	13339791635	barrier_without_clear_denial
blocked_node	13341810593	car_passage_denied
ignored_node_rule	13357500446	barrier_without_clear_denial
ignored_node_rule	13370914774	barrier_without_clear_denial
ignored_node_rule	13392660166	barrier_without_clear_denial
ignored_node_rule	13403840336	barrier_without_clear_denial
ignored_node_rule	13412688873	barrier_without_clear_denial
blocked_node	13428459947	car_passage_denied
blocked_node	13428459950	car_passage_denied
blocked_node	13428459961	car_passage_denied
blocked_node	13428459969	car_passage_denied
blocked_node	13428459973	car_passage_denied
blocked_node	13428459976	car_passage_denied
blocked_node	13428459995	car_passage_denied
blocked_node	13428468527	car_passage_denied
blocked_node	13428468542	car_passage_denied
blocked_node	13428468544	car_passage_denied
blocked_node	13428468552	car_passage_denied
blocked_node	13428468558	car_passage_denied
ignored_node_rule	13442897664	barrier_without_clear_denial
blocked_node	13442911802	car_passage_denied
ignored_node_rule	13442911846	barrier_without_clear_denial
ignored_node_rule	13442911914	barrier_without_clear_denial
ignored_node_rule	13442911950	barrier_without_clear_denial
ignored_node_rule	13460534184	barrier_without_clear_denial
ignored_node_rule	13461665930	barrier_without_clear_denial
ignored_node_rule	13462456392	barrier_without_clear_denial
ignored_node_rule	13462462888	barrier_without_clear_denial
blocked_node	13463603722	car_passage_denied
blocked_node	13463603724	car_passage_denied
ignored_node_rule	13480993813	barrier_without_clear_denial
ignored_node_rule	13480993825	barrier_without_clear_denial
blocked_node	13481204349	car_passage_denied
ignored_node_rule	13483198772	barrier_without_clear_denial
ignored_node_rule	13483198773	barrier_without_clear_denial
blocked_node	13503100476	car_passage_denied
blocked_node	13503152986	car_passage_denied
blocked_node	13503152987	car_passage_denied
ignored_node_rule	13503326749	barrier_without_clear_denial
ignored_node_rule	13512239087	barrier_without_clear_denial
ignored_node_rule	13522627093	barrier_without_clear_denial
ignored_node_rule	13522627482	barrier_without_clear_denial
ignored_node_rule	13576226369	barrier_without_clear_denial
ignored_node_rule	13583976525	barrier_without_clear_denial
ignored_node_rule	13583976554	barrier_without_clear_denial
ignored_node_rule	13611822758	barrier_without_clear_denial
ignored_node_rule	13617897350	barrier_without_clear_denial
ignored_node_rule	13619546447	barrier_without_clear_denial
ignored_node_rule	13619546448	barrier_without_clear_denial
ignored_node_rule	13639613442	barrier_without_clear_denial
ignored_node_rule	13646979459	barrier_without_clear_denial
blocked_node	13647424907	car_passage_denied
blocked_node	13647424911	car_passage_denied
blocked_node	13647424913	car_passage_denied
blocked_node	13647424914	car_passage_denied
blocked_node	13647424917	car_passage_denied
blocked_node	13647424921	car_passage_denied
ignored_node_rule	13657664083	barrier_without_clear_denial
blocked_node	13669026322	car_passage_denied
blocked_node	13670463195	car_passage_denied
blocked_node	13670540648	car_passage_denied
ignored_node_rule	13670990356	barrier_without_clear_denial
ignored_node_rule	13675095810	barrier_without_clear_denial
blocked_node	13679592244	car_passage_denied
ignored_node_rule	13679614738	barrier_without_clear_denial
ignored_node_rule	13690081882	barrier_without_clear_denial
ignored_node_rule	13694523685	barrier_without_clear_denial
ignored_node_rule	13694806191	barrier_without_clear_denial
ignored_node_rule	13703497565	barrier_without_clear_denial
ignored_node_rule	13703497568	barrier_without_clear_denial
blocked_node	13708695840	car_passage_denied
blocked_node	13708695842	car_passage_denied
ignored_node_rule	13711016368	barrier_without_clear_denial
ignored_node_rule	13711116807	barrier_without_clear_denial
ignored_node_rule	13711216351	barrier_without_clear_denial
ignored_node_rule	13711216352	barrier_without_clear_denial
ignored_node_rule	13711216353	barrier_without_clear_denial
ignored_node_rule	13711216355	barrier_without_clear_denial
ignored_node_rule	13715516067	barrier_without_clear_denial
ignored_node_rule	13715516176	barrier_without_clear_denial
ignored_node_rule	13716634164	barrier_without_clear_denial
ignored_node_rule	13717949924	barrier_without_clear_denial
ignored_node_rule	13720677067	barrier_without_clear_denial
blocked_node	13731554645	car_passage_denied
blocked_node	13731554646	car_passage_denied
blocked_node	13731554647	car_passage_denied
blocked_node	13731554648	car_passage_denied
blocked_node	13731554649	car_passage_denied
blocked_node	13731554650	car_passage_denied
blocked_node	13731554651	car_passage_denied
blocked_node	13731554652	car_passage_denied
blocked_node	13731554653	car_passage_denied
blocked_node	13731756487	car_passage_denied
ignored_node_rule	13741854242	barrier_without_clear_denial
ignored_node_rule	13741854252	barrier_without_clear_denial
ignored_node_rule	13776997008	barrier_without_clear_denial
ignored_node_rule	13780584940	barrier_without_clear_denial
ignored_node_rule	13781369056	barrier_without_clear_denial
ignored_node_rule	13781369077	barrier_without_clear_denial
ignored_node_rule	13781388111	barrier_without_clear_denial
ignored_node_rule	13781388115	barrier_without_clear_denial
ignored_node_rule	13781388138	barrier_without_clear_denial
ignored_node_rule	13790832137	barrier_without_clear_denial
ignored_node_rule	13790832161	barrier_without_clear_denial
ignored_node_rule	13797835565	barrier_without_clear_denial
ignored_node_rule	13801633374	barrier_without_clear_denial
ignored_node_rule	13801633382	barrier_without_clear_denial
ignored_node_rule	13801633391	barrier_without_clear_denial
ignored_node_rule	13801633400	barrier_without_clear_denial
ignored_node_rule	13801675010	barrier_without_clear_denial
ignored_node_rule	13801675020	barrier_without_clear_denial
ignored_node_rule	13801675030	barrier_without_clear_denial
ignored_node_rule	13801675039	barrier_without_clear_denial
ignored_node_rule	13801675112	barrier_without_clear_denial
ignored_node_rule	13801675166	barrier_without_clear_denial
ignored_node_rule	13801675174	barrier_without_clear_denial
ignored_node_rule	13801675192	barrier_without_clear_denial
ignored_node_rule	13801675202	barrier_without_clear_denial
ignored_node_rule	13801675210	barrier_without_clear_denial
ignored_node_rule	13801675219	barrier_without_clear_denial
ignored_node_rule	13801675227	barrier_without_clear_denial
ignored_node_rule	13801675234	barrier_without_clear_denial
ignored_node_rule	13801675367	barrier_without_clear_denial
ignored_node_rule	13801675375	barrier_without_clear_denial
ignored_node_rule	13801675379	barrier_without_clear_denial
ignored_node_rule	13801675405	barrier_without_clear_denial
ignored_node_rule	13801675494	barrier_without_clear_denial
ignored_node_rule	13814706039	barrier_without_clear_denial
ignored_node_rule	13814706040	barrier_without_clear_denial
ignored_node_rule	13814706050	barrier_without_clear_denial
ignored_node_rule	13814706071	barrier_without_clear_denial
ignored_node_rule	13814706181	barrier_without_clear_denial
ignored_node_rule	13814706190	barrier_without_clear_denial
ignored_node_rule	13814706191	barrier_without_clear_denial
ignored_node_rule	13814706210	barrier_without_clear_denial
ignored_node_rule	13814706211	barrier_without_clear_denial
ignored_node_rule	13814706221	barrier_without_clear_denial
ignored_node_rule	13814706228	barrier_without_clear_denial
ignored_node_rule	13815568115	barrier_without_clear_denial
ignored_node_rule	13815568121	barrier_without_clear_denial
ignored_node_rule	13815568126	barrier_without_clear_denial
ignored_node_rule	13815568136	barrier_without_clear_denial
ignored_node_rule	13815568164	barrier_without_clear_denial
ignored_node_rule	13815568172	barrier_without_clear_denial
ignored_node_rule	13815568179	barrier_without_clear_denial
ignored_node_rule	13815568186	barrier_without_clear_denial
ignored_node_rule	13815568191	barrier_without_clear_denial
ignored_node_rule	13815568200	barrier_without_clear_denial
ignored_node_rule	13815570409	barrier_without_clear_denial
ignored_node_rule	13815570424	barrier_without_clear_denial
ignored_node_rule	13815570431	barrier_without_clear_denial
ignored_node_rule	13815570438	barrier_without_clear_denial
ignored_node_rule	13815570443	barrier_without_clear_denial
ignored_node_rule	13815570450	barrier_without_clear_denial
ignored_node_rule	13815570464	barrier_without_clear_denial
ignored_node_rule	13815570473	barrier_without_clear_denial
ignored_node_rule	13815570485	barrier_without_clear_denial
ignored_node_rule	13815570496	barrier_without_clear_denial
ignored_node_rule	13815570505	barrier_without_clear_denial
ignored_node_rule	13815570511	barrier_without_clear_denial
ignored_node_rule	13815570527	barrier_without_clear_denial
ignored_node_rule	13815570542	barrier_without_clear_denial
ignored_node_rule	13815570558	barrier_without_clear_denial
ignored_node_rule	13815570568	barrier_without_clear_denial
ignored_node_rule	13815570577	barrier_without_clear_denial
ignored_node_rule	13815570590	barrier_without_clear_denial
ignored_node_rule	13815570597	barrier_without_clear_denial
ignored_node_rule	13815570606	barrier_without_clear_denial
ignored_node_rule	13815570612	barrier_without_clear_denial
ignored_node_rule	13815570624	barrier_without_clear_denial
ignored_node_rule	13815570631	barrier_without_clear_denial
ignored_node_rule	13815570647	barrier_without_clear_denial
ignored_node_rule	13815570658	barrier_without_clear_denial
ignored_node_rule	13815570667	barrier_without_clear_denial
ignored_node_rule	13815570674	barrier_without_clear_denial
ignored_node_rule	13815570682	barrier_without_clear_denial
ignored_node_rule	13815570689	barrier_without_clear_denial
ignored_node_rule	13815570699	barrier_without_clear_denial
ignored_node_rule	13815570706	barrier_without_clear_denial
ignored_node_rule	13815570713	barrier_without_clear_denial
ignored_node_rule	13815570720	barrier_without_clear_denial
ignored_node_rule	13815570726	barrier_without_clear_denial
ignored_node_rule	13815570734	barrier_without_clear_denial
ignored_node_rule	13815570743	barrier_without_clear_denial
ignored_node_rule	13815570758	barrier_without_clear_denial
ignored_node_rule	13815570814	barrier_without_clear_denial
ignored_node_rule	13815570815	barrier_without_clear_denial
ignored_node_rule	13815570831	barrier_without_clear_denial
ignored_node_rule	13815570842	barrier_without_clear_denial
ignored_node_rule	13815570853	barrier_without_clear_denial
ignored_node_rule	13815570864	barrier_without_clear_denial
ignored_node_rule	13815570870	barrier_without_clear_denial
ignored_node_rule	13815570878	barrier_without_clear_denial
ignored_node_rule	13815570884	barrier_without_clear_denial
ignored_node_rule	13815570892	barrier_without_clear_denial
ignored_node_rule	13815570899	barrier_without_clear_denial
ignored_node_rule	13815570945	barrier_without_clear_denial
ignored_node_rule	13815570952	barrier_without_clear_denial
ignored_node_rule	13815570963	barrier_without_clear_denial
ignored_node_rule	13815570964	barrier_without_clear_denial
ignored_node_rule	13815570969	barrier_without_clear_denial
ignored_node_rule	13815570974	barrier_without_clear_denial
ignored_node_rule	13815570981	barrier_without_clear_denial
ignored_node_rule	13815570982	barrier_without_clear_denial
ignored_node_rule	13815570992	barrier_without_clear_denial
ignored_node_rule	13815570999	barrier_without_clear_denial
ignored_node_rule	13815571013	barrier_without_clear_denial
ignored_node_rule	13815571026	barrier_without_clear_denial
ignored_node_rule	13815571054	barrier_without_clear_denial
ignored_node_rule	13816244784	barrier_without_clear_denial
ignored_node_rule	13816244785	barrier_without_clear_denial
ignored_node_rule	13816244786	barrier_without_clear_denial
ignored_node_rule	13816244787	barrier_without_clear_denial
ignored_node_rule	13816244833	barrier_without_clear_denial
ignored_node_rule	13816244838	barrier_without_clear_denial
ignored_node_rule	13816244904	barrier_without_clear_denial
ignored_node_rule	13838700824	barrier_without_clear_denial
ignored_node_rule	13840273097	barrier_without_clear_denial
ignored_node_rule	13840273102	barrier_without_clear_denial
ignored_node_rule	13840273105	barrier_without_clear_denial
ignored_node_rule	13844721784	barrier_without_clear_denial
ignored_node_rule	13844721785	barrier_without_clear_denial
ignored_node_rule	13891729783	barrier_without_clear_denial
ignored_node_rule	13891729795	barrier_without_clear_denial
ignored_node_rule	13898046816	barrier_without_clear_denial
ignored_node_rule	13898047458	barrier_without_clear_denial
ignored_node_rule	13898047463	barrier_without_clear_denial
ignored_node_rule	13898047473	barrier_without_clear_denial
ignored_node_rule	13898047480	barrier_without_clear_denial
ignored_node_rule	13898047487	barrier_without_clear_denial
ignored_node_rule	13898047503	barrier_without_clear_denial
ignored_node_rule	13898047519	barrier_without_clear_denial
ignored_node_rule	13898047528	barrier_without_clear_denial
ignored_node_rule	13898047558	barrier_without_clear_denial
ignored_node_rule	13898047571	barrier_without_clear_denial
ignored_node_rule	13898047586	barrier_without_clear_denial
ignored_node_rule	13898047587	barrier_without_clear_denial
ignored_node_rule	13898047594	barrier_without_clear_denial
ignored_node_rule	13898047603	barrier_without_clear_denial
ignored_node_rule	13898047610	barrier_without_clear_denial
ignored_node_rule	13898047629	barrier_without_clear_denial
ignored_node_rule	13898047640	barrier_without_clear_denial
ignored_node_rule	13898047647	barrier_without_clear_denial
ignored_node_rule	13898047658	barrier_without_clear_denial
ignored_node_rule	13898047663	barrier_without_clear_denial
ignored_node_rule	13898047670	barrier_without_clear_denial
ignored_node_rule	13898047679	barrier_without_clear_denial
ignored_node_rule	13898047696	barrier_without_clear_denial
ignored_node_rule	13898047702	barrier_without_clear_denial
ignored_node_rule	13898047707	barrier_without_clear_denial
ignored_node_rule	13930496081	barrier_without_clear_denial
ignored_node_rule	13930496082	barrier_without_clear_denial
ignored_node_rule	13930496094	barrier_without_clear_denial
ignored_node_rule	13930519702	barrier_without_clear_denial
ignored_node_rule	13930519711	barrier_without_clear_denial
ignored_node_rule	13930519722	barrier_without_clear_denial
ignored_node_rule	13930519735	barrier_without_clear_denial
ignored_node_rule	13930519745	barrier_without_clear_denial
ignored_node_rule	13930519746	barrier_without_clear_denial
ignored_node_rule	13931530957	barrier_without_clear_denial
ignored_node_rule	13931530962	barrier_without_clear_denial
ignored_node_rule	13931530969	barrier_without_clear_denial
ignored_node_rule	13931530976	barrier_without_clear_denial
ignored_node_rule	13931531000	barrier_without_clear_denial
ignored_node_rule	13931553901	barrier_without_clear_denial
ignored_node_rule	13931553902	barrier_without_clear_denial
ignored_node_rule	13931553903	barrier_without_clear_denial
ignored_node_rule	13931553912	barrier_without_clear_denial
ignored_node_rule	13931553918	barrier_without_clear_denial
ignored_node_rule	13931553923	barrier_without_clear_denial
ignored_node_rule	13931553928	barrier_without_clear_denial
ignored_node_rule	13931553933	barrier_without_clear_denial
ignored_node_rule	13931553938	barrier_without_clear_denial
ignored_node_rule	13931553942	barrier_without_clear_denial
ignored_node_rule	13931553951	barrier_without_clear_denial
ignored_node_rule	13931553957	barrier_without_clear_denial
ignored_node_rule	13931554019	barrier_without_clear_denial
ignored_node_rule	13931554020	barrier_without_clear_denial
ignored_node_rule	13931554102	barrier_without_clear_denial
ignored_node_rule	13931554111	barrier_without_clear_denial
ignored_node_rule	13935209975	barrier_without_clear_denial
ignored_node_rule	13935209984	barrier_without_clear_denial
ignored_node_rule	13935209989	barrier_without_clear_denial
ignored_node_rule	13935209999	barrier_without_clear_denial
ignored_node_rule	13935271908	barrier_without_clear_denial
ignored_node_rule	13935271915	barrier_without_clear_denial
ignored_node_rule	13935271924	barrier_without_clear_denial
ignored_node_rule	13935271933	barrier_without_clear_denial
ignored_node_rule	13935271943	barrier_without_clear_denial
ignored_node_rule	13935271950	barrier_without_clear_denial
ignored_node_rule	13935271955	barrier_without_clear_denial
ignored_node_rule	13935271960	barrier_without_clear_denial
ignored_node_rule	13935271967	barrier_without_clear_denial
ignored_node_rule	13935271974	barrier_without_clear_denial
ignored_node_rule	13935271983	barrier_without_clear_denial
ignored_node_rule	13935271992	barrier_without_clear_denial
ignored_node_rule	13935271999	barrier_without_clear_denial
ignored_node_rule	13935272005	barrier_without_clear_denial
ignored_node_rule	13935272010	barrier_without_clear_denial
ignored_node_rule	13935272015	barrier_without_clear_denial
ignored_node_rule	13935272024	barrier_without_clear_denial
ignored_node_rule	13935272054	barrier_without_clear_denial
ignored_node_rule	13935272059	barrier_without_clear_denial
ignored_node_rule	13935272067	barrier_without_clear_denial
ignored_node_rule	13935272074	barrier_without_clear_denial
ignored_node_rule	13935272081	barrier_without_clear_denial
ignored_node_rule	13935272086	barrier_without_clear_denial
ignored_node_rule	13935272093	barrier_without_clear_denial
ignored_node_rule	13935272099	barrier_without_clear_denial
ignored_node_rule	13935272106	barrier_without_clear_denial
ignored_node_rule	13935272117	barrier_without_clear_denial
ignored_node_rule	13935272125	barrier_without_clear_denial
ignored_node_rule	13935272131	barrier_without_clear_denial
ignored_node_rule	13935272140	barrier_without_clear_denial
ignored_node_rule	13935272148	barrier_without_clear_denial
ignored_node_rule	13935272161	barrier_without_clear_denial
ignored_node_rule	13935272169	barrier_without_clear_denial
ignored_node_rule	13935272188	barrier_without_clear_denial
ignored_node_rule	13935272196	barrier_without_clear_denial
ignored_node_rule	13935272201	barrier_without_clear_denial
ignored_node_rule	13935272208	barrier_without_clear_denial
ignored_node_rule	13935272216	barrier_without_clear_denial
ignored_node_rule	13935272224	barrier_without_clear_denial
ignored_node_rule	13935272229	barrier_without_clear_denial
ignored_node_rule	13935272234	barrier_without_clear_denial
ignored_node_rule	13935272239	barrier_without_clear_denial
ignored_node_rule	13935272246	barrier_without_clear_denial
ignored_node_rule	13935272251	barrier_without_clear_denial
ignored_node_rule	13935272259	barrier_without_clear_denial
ignored_node_rule	13935272266	barrier_without_clear_denial
ignored_node_rule	13935272275	barrier_without_clear_denial
ignored_node_rule	13935272289	barrier_without_clear_denial
ignored_node_rule	13935272322	barrier_without_clear_denial
ignored_node_rule	13935272327	barrier_without_clear_denial
ignored_node_rule	13935272339	barrier_without_clear_denial
ignored_node_rule	13935272344	barrier_without_clear_denial
ignored_node_rule	13935272351	barrier_without_clear_denial
ignored_node_rule	13935272360	barrier_without_clear_denial
ignored_node_rule	13935272369	barrier_without_clear_denial
ignored_node_rule	13935272376	barrier_without_clear_denial
ignored_node_rule	13935272381	barrier_without_clear_denial
ignored_node_rule	13935272390	barrier_without_clear_denial
ignored_node_rule	13935272397	barrier_without_clear_denial
ignored_node_rule	13935272403	barrier_without_clear_denial
ignored_node_rule	13935272410	barrier_without_clear_denial
ignored_node_rule	13935272468	barrier_without_clear_denial
ignored_node_rule	13935272473	barrier_without_clear_denial
ignored_node_rule	13935272478	barrier_without_clear_denial
ignored_node_rule	13935272484	barrier_without_clear_denial
ignored_node_rule	13935272490	barrier_without_clear_denial
ignored_node_rule	13935272503	barrier_without_clear_denial
ignored_node_rule	13935272508	barrier_without_clear_denial
ignored_node_rule	13935272518	barrier_without_clear_denial
ignored_node_rule	13935272525	barrier_without_clear_denial
ignored_node_rule	13935272531	barrier_without_clear_denial
ignored_node_rule	13935272536	barrier_without_clear_denial
ignored_node_rule	13935272541	barrier_without_clear_denial
ignored_node_rule	13935272546	barrier_without_clear_denial
ignored_node_rule	13935272558	barrier_without_clear_denial
ignored_node_rule	13935272564	barrier_without_clear_denial
ignored_node_rule	13935272571	barrier_without_clear_denial
ignored_node_rule	13935272576	barrier_without_clear_denial
ignored_node_rule	13935272581	barrier_without_clear_denial
ignored_node_rule	13935272589	barrier_without_clear_denial
ignored_node_rule	13935272595	barrier_without_clear_denial
ignored_node_rule	13935272605	barrier_without_clear_denial
ignored_node_rule	13935272618	barrier_without_clear_denial
ignored_node_rule	13935272626	barrier_without_clear_denial
ignored_node_rule	13942039958	barrier_without_clear_denial
ignored_node_rule	13942045301	barrier_without_clear_denial
ignored_node_rule	13942045329	barrier_without_clear_denial
ignored_node_rule	13942045340	barrier_without_clear_denial
ignored_node_rule	13942045350	barrier_without_clear_denial
ignored_node_rule	13942045360	barrier_without_clear_denial
ignored_node_rule	13942045367	barrier_without_clear_denial
ignored_node_rule	13942045375	barrier_without_clear_denial
ignored_node_rule	13942045382	barrier_without_clear_denial
ignored_node_rule	13942045389	barrier_without_clear_denial
ignored_node_rule	13942045396	barrier_without_clear_denial
ignored_node_rule	13942045415	barrier_without_clear_denial
ignored_node_rule	13942045416	barrier_without_clear_denial
ignored_node_rule	13942045433	barrier_without_clear_denial
ignored_node_rule	13942045446	barrier_without_clear_denial
ignored_node_rule	13942045453	barrier_without_clear_denial
ignored_node_rule	13942045462	barrier_without_clear_denial
ignored_node_rule	13942045469	barrier_without_clear_denial
ignored_node_rule	13942045488	barrier_without_clear_denial
ignored_node_rule	13942045495	barrier_without_clear_denial
ignored_node_rule	13942045506	barrier_without_clear_denial
ignored_node_rule	13942045511	barrier_without_clear_denial
ignored_node_rule	13942045520	barrier_without_clear_denial
ignored_node_rule	13942045574	barrier_without_clear_denial
ignored_node_rule	13942045581	barrier_without_clear_denial
ignored_node_rule	13942045583	barrier_without_clear_denial
ignored_node_rule	13942045596	barrier_without_clear_denial
ignored_node_rule	13942045623	barrier_without_clear_denial
ignored_node_rule	13942045643	barrier_without_clear_denial
ignored_node_rule	13942045648	barrier_without_clear_denial
ignored_node_rule	13942045737	barrier_without_clear_denial
ignored_node_rule	13942045755	barrier_without_clear_denial
ignored_node_rule	13942045762	barrier_without_clear_denial
ignored_node_rule	13943293717	barrier_without_clear_denial
ignored_node_rule	13943293724	barrier_without_clear_denial
ignored_node_rule	13943293733	barrier_without_clear_denial
ignored_node_rule	13943293741	barrier_without_clear_denial
ignored_node_rule	13943293748	barrier_without_clear_denial
ignored_node_rule	13943293755	barrier_without_clear_denial
ignored_node_rule	13943293766	barrier_without_clear_denial
ignored_node_rule	13943293773	barrier_without_clear_denial
ignored_node_rule	13943293792	barrier_without_clear_denial
ignored_node_rule	13943293799	barrier_without_clear_denial
ignored_node_rule	13943293810	barrier_without_clear_denial
ignored_node_rule	13943293817	barrier_without_clear_denial
ignored_node_rule	13943293830	barrier_without_clear_denial
ignored_node_rule	13943293836	barrier_without_clear_denial
ignored_node_rule	13943293843	barrier_without_clear_denial
ignored_node_rule	13943293850	barrier_without_clear_denial
ignored_node_rule	13943293857	barrier_without_clear_denial
ignored_node_rule	13943293864	barrier_without_clear_denial
ignored_node_rule	13943293869	barrier_without_clear_denial
ignored_node_rule	13943293874	barrier_without_clear_denial
ignored_node_rule	13943293882	barrier_without_clear_denial
ignored_node_rule	13943293887	barrier_without_clear_denial
ignored_node_rule	13943293895	barrier_without_clear_denial
ignored_node_rule	13943293903	barrier_without_clear_denial
ignored_node_rule	13943293908	barrier_without_clear_denial
ignored_node_rule	13943293925	barrier_without_clear_denial
ignored_node_rule	13943293930	barrier_without_clear_denial
ignored_node_rule	13943293945	barrier_without_clear_denial
ignored_node_rule	13943293954	barrier_without_clear_denial
ignored_node_rule	13943293959	barrier_without_clear_denial
ignored_node_rule	13943293968	barrier_without_clear_denial
ignored_node_rule	13943293977	barrier_without_clear_denial
ignored_node_rule	13943293984	barrier_without_clear_denial
ignored_node_rule	13943294007	barrier_without_clear_denial
ignored_node_rule	13943294012	barrier_without_clear_denial
ignored_node_rule	13943294019	barrier_without_clear_denial
ignored_node_rule	13943294034	barrier_without_clear_denial
ignored_node_rule	13943294048	barrier_without_clear_denial
ignored_node_rule	13943294055	barrier_without_clear_denial
ignored_node_rule	13943294062	barrier_without_clear_denial
ignored_node_rule	13943294068	barrier_without_clear_denial
ignored_node_rule	13943294077	barrier_without_clear_denial
ignored_node_rule	13943294082	barrier_without_clear_denial
ignored_node_rule	13943294097	barrier_without_clear_denial
ignored_node_rule	13943294114	barrier_without_clear_denial
ignored_node_rule	13943294125	barrier_without_clear_denial
ignored_node_rule	13943294152	barrier_without_clear_denial
ignored_node_rule	13943294159	barrier_without_clear_denial
ignored_node_rule	13943294166	barrier_without_clear_denial
ignored_node_rule	13943294175	barrier_without_clear_denial
ignored_node_rule	13943294184	barrier_without_clear_denial
ignored_node_rule	13943294193	barrier_without_clear_denial
ignored_node_rule	13943294198	barrier_without_clear_denial
ignored_node_rule	13943294205	barrier_without_clear_denial
ignored_node_rule	13943294210	barrier_without_clear_denial
ignored_node_rule	13943294218	barrier_without_clear_denial
ignored_node_rule	13943294223	barrier_without_clear_denial
ignored_node_rule	13943294228	barrier_without_clear_denial
ignored_node_rule	13943294235	barrier_without_clear_denial
ignored_node_rule	13943294242	barrier_without_clear_denial
ignored_node_rule	13943294253	barrier_without_clear_denial
ignored_node_rule	13943294260	barrier_without_clear_denial
ignored_node_rule	13944515877	barrier_without_clear_denial
ignored_node_rule	13944515893	barrier_without_clear_denial
ignored_node_rule	13944515894	barrier_without_clear_denial
ignored_node_rule	13944515905	barrier_without_clear_denial
ignored_node_rule	13944515912	barrier_without_clear_denial
ignored_node_rule	13944515918	barrier_without_clear_denial
ignored_node_rule	13944515929	barrier_without_clear_denial
ignored_node_rule	13944515943	barrier_without_clear_denial
ignored_node_rule	13944515952	barrier_without_clear_denial
ignored_node_rule	13944515961	barrier_without_clear_denial
ignored_node_rule	13944515970	barrier_without_clear_denial
ignored_node_rule	13944515979	barrier_without_clear_denial
ignored_node_rule	13944515992	barrier_without_clear_denial
ignored_node_rule	13944516000	barrier_without_clear_denial
ignored_node_rule	13944516007	barrier_without_clear_denial
ignored_node_rule	13944516014	barrier_without_clear_denial
ignored_node_rule	13944516019	barrier_without_clear_denial
ignored_node_rule	13944516024	barrier_without_clear_denial
ignored_node_rule	13944516029	barrier_without_clear_denial
ignored_node_rule	13944516038	barrier_without_clear_denial
ignored_node_rule	13944516047	barrier_without_clear_denial
ignored_node_rule	13944516056	barrier_without_clear_denial
ignored_node_rule	13944516067	barrier_without_clear_denial
ignored_node_rule	13944516076	barrier_without_clear_denial
ignored_node_rule	13944516083	barrier_without_clear_denial
ignored_node_rule	13944516088	barrier_without_clear_denial
ignored_node_rule	13944516093	barrier_without_clear_denial
ignored_node_rule	13944516101	barrier_without_clear_denial
ignored_node_rule	13944516108	barrier_without_clear_denial
ignored_node_rule	13944516115	barrier_without_clear_denial
ignored_node_rule	13944516122	barrier_without_clear_denial
ignored_node_rule	13944516129	barrier_without_clear_denial
ignored_node_rule	13944516134	barrier_without_clear_denial
ignored_node_rule	13944516139	barrier_without_clear_denial
ignored_node_rule	13944516148	barrier_without_clear_denial
ignored_node_rule	13944516156	barrier_without_clear_denial
ignored_node_rule	13944516163	barrier_without_clear_denial
ignored_node_rule	13944516170	barrier_without_clear_denial
ignored_node_rule	13944516177	barrier_without_clear_denial
ignored_node_rule	13944516184	barrier_without_clear_denial
ignored_node_rule	13944516189	barrier_without_clear_denial
ignored_node_rule	13944516198	barrier_without_clear_denial
ignored_node_rule	13944516205	barrier_without_clear_denial
ignored_node_rule	13944516210	barrier_without_clear_denial
ignored_node_rule	13944516224	barrier_without_clear_denial
ignored_node_rule	13944516229	barrier_without_clear_denial
ignored_node_rule	13944516234	barrier_without_clear_denial
ignored_node_rule	13944516239	barrier_without_clear_denial
ignored_node_rule	13944516244	barrier_without_clear_denial
ignored_node_rule	13944516249	barrier_without_clear_denial
ignored_node_rule	13944516262	barrier_without_clear_denial
ignored_node_rule	13944516267	barrier_without_clear_denial
ignored_node_rule	13944516276	barrier_without_clear_denial
ignored_node_rule	13944516296	barrier_without_clear_denial
ignored_node_rule	13944516301	barrier_without_clear_denial
ignored_node_rule	13944516308	barrier_without_clear_denial
ignored_node_rule	13944516313	barrier_without_clear_denial
ignored_node_rule	13944516319	barrier_without_clear_denial
ignored_node_rule	13944516328	barrier_without_clear_denial
ignored_node_rule	13944516333	barrier_without_clear_denial
ignored_node_rule	13944516338	barrier_without_clear_denial
ignored_node_rule	13944516343	barrier_without_clear_denial
ignored_node_rule	13944516352	barrier_without_clear_denial
ignored_node_rule	13946743154	barrier_without_clear_denial
ignored_node_rule	13946743155	barrier_without_clear_denial
ignored_node_rule	13947189549	barrier_without_clear_denial
ignored_node_rule	13953051079	barrier_without_clear_denial
ignored_node_rule	13953051118	barrier_without_clear_denial
ignored_node_rule	13953051211	barrier_without_clear_denial
ignored_node_rule	13953051216	barrier_without_clear_denial
ignored_node_rule	13953051221	barrier_without_clear_denial
ignored_node_rule	13953051226	barrier_without_clear_denial
ignored_node_rule	13953051233	barrier_without_clear_denial
ignored_node_rule	13953051238	barrier_without_clear_denial
ignored_node_rule	13953051247	barrier_without_clear_denial
ignored_node_rule	13953051253	barrier_without_clear_denial
ignored_node_rule	13953051264	barrier_without_clear_denial
ignored_node_rule	13953051271	barrier_without_clear_denial
ignored_node_rule	13953051278	barrier_without_clear_denial
ignored_node_rule	13953051285	barrier_without_clear_denial
ignored_node_rule	13953051292	barrier_without_clear_denial
ignored_node_rule	13953051297	barrier_without_clear_denial
ignored_node_rule	13953051306	barrier_without_clear_denial
ignored_node_rule	13953051311	barrier_without_clear_denial
ignored_node_rule	13953051333	barrier_without_clear_denial
ignored_node_rule	13953186762	barrier_without_clear_denial
ignored_node_rule	13953186766	barrier_without_clear_denial
ignored_node_rule	13953603524	barrier_without_clear_denial
ignored_node_rule	13953605428	barrier_without_clear_denial
ignored_node_rule	13953605438	barrier_without_clear_denial
ignored_node_rule	13953605447	barrier_without_clear_denial
ignored_node_rule	13953605454	barrier_without_clear_denial
ignored_node_rule	13953605472	barrier_without_clear_denial
ignored_node_rule	13953605481	barrier_without_clear_denial
ignored_node_rule	13953605488	barrier_without_clear_denial
ignored_node_rule	13953605494	barrier_without_clear_denial
ignored_node_rule	13953605499	barrier_without_clear_denial
ignored_node_rule	13953605513	barrier_without_clear_denial
ignored_node_rule	13953605524	barrier_without_clear_denial
ignored_node_rule	13953605533	barrier_without_clear_denial
ignored_node_rule	13953605540	barrier_without_clear_denial
ignored_node_rule	13953605547	barrier_without_clear_denial
ignored_node_rule	13953605555	barrier_without_clear_denial
ignored_node_rule	13953605560	barrier_without_clear_denial
ignored_node_rule	13953605570	barrier_without_clear_denial
ignored_node_rule	13953605576	barrier_without_clear_denial
ignored_node_rule	13953605582	barrier_without_clear_denial
ignored_node_rule	13953605589	barrier_without_clear_denial
ignored_node_rule	13953605594	barrier_without_clear_denial
ignored_node_rule	13953605605	barrier_without_clear_denial
ignored_node_rule	13953605613	barrier_without_clear_denial
ignored_node_rule	13953605622	barrier_without_clear_denial
ignored_node_rule	13953605631	barrier_without_clear_denial
ignored_node_rule	13953605638	barrier_without_clear_denial
ignored_node_rule	13953605652	barrier_without_clear_denial
ignored_node_rule	13953605662	barrier_without_clear_denial
ignored_node_rule	13953605683	barrier_without_clear_denial
ignored_node_rule	13953605691	barrier_without_clear_denial
ignored_node_rule	13953605698	barrier_without_clear_denial
ignored_node_rule	13955516496	barrier_without_clear_denial
ignored_node_rule	13955554405	barrier_without_clear_denial
ignored_node_rule	13955554414	barrier_without_clear_denial
ignored_node_rule	13955554421	barrier_without_clear_denial
ignored_node_rule	13955554429	barrier_without_clear_denial
ignored_node_rule	13955554434	barrier_without_clear_denial
ignored_node_rule	13955554442	barrier_without_clear_denial
ignored_node_rule	13955554449	barrier_without_clear_denial
ignored_node_rule	13955554457	barrier_without_clear_denial
ignored_node_rule	13955554466	barrier_without_clear_denial
ignored_node_rule	13955554474	barrier_without_clear_denial
ignored_node_rule	13955554485	barrier_without_clear_denial
ignored_node_rule	13955554495	barrier_without_clear_denial
ignored_node_rule	13955554513	barrier_without_clear_denial
ignored_node_rule	13955554523	barrier_without_clear_denial
ignored_node_rule	13955554531	barrier_without_clear_denial
ignored_node_rule	13955554536	barrier_without_clear_denial
ignored_node_rule	13955554552	barrier_without_clear_denial
ignored_node_rule	13955554569	barrier_without_clear_denial
ignored_node_rule	13955554589	barrier_without_clear_denial
ignored_node_rule	13955554599	barrier_without_clear_denial
ignored_node_rule	13955554600	barrier_without_clear_denial
ignored_node_rule	13969243881	barrier_without_clear_denial
ignored_node_rule	13969243889	barrier_without_clear_denial
ignored_node_rule	13969243897	barrier_without_clear_denial
ignored_node_rule	13969243906	barrier_without_clear_denial
ignored_node_rule	13969243916	barrier_without_clear_denial
ignored_node_rule	13969243924	barrier_without_clear_denial
ignored_node_rule	13969243968	barrier_without_clear_denial
ignored_node_rule	13969243969	barrier_without_clear_denial
ignored_node_rule	13969243976	barrier_without_clear_denial
ignored_node_rule	13969243986	barrier_without_clear_denial
ignored_node_rule	13969243995	barrier_without_clear_denial
ignored_node_rule	13969244009	barrier_without_clear_denial
ignored_node_rule	13969244015	barrier_without_clear_denial
ignored_node_rule	13969244020	barrier_without_clear_denial
ignored_node_rule	13969244028	barrier_without_clear_denial
ignored_node_rule	13969244043	barrier_without_clear_denial
ignored_node_rule	13969244052	barrier_without_clear_denial
ignored_node_rule	13969244058	barrier_without_clear_denial
ignored_node_rule	13970258046	barrier_without_clear_denial
ignored_node_rule	13970258054	barrier_without_clear_denial
ignored_node_rule	13970258060	barrier_without_clear_denial
ignored_node_rule	13970258069	barrier_without_clear_denial
ignored_node_rule	13970258075	barrier_without_clear_denial
ignored_node_rule	13970258082	barrier_without_clear_denial
ignored_node_rule	13970258090	barrier_without_clear_denial
ignored_node_rule	13970258097	barrier_without_clear_denial
ignored_node_rule	13970270705	barrier_without_clear_denial
ignored_node_rule	13970270712	barrier_without_clear_denial
ignored_node_rule	13970270718	barrier_without_clear_denial
ignored_node_rule	13970270723	barrier_without_clear_denial
ignored_node_rule	13970270728	barrier_without_clear_denial
ignored_node_rule	13970270735	barrier_without_clear_denial
ignored_node_rule	13970270741	barrier_without_clear_denial
ignored_node_rule	13970270748	barrier_without_clear_denial
ignored_node_rule	13970270769	barrier_without_clear_denial
ignored_node_rule	13971659382	barrier_without_clear_denial
ignored_node_rule	13971659383	barrier_without_clear_denial
ignored_node_rule	13971659427	barrier_without_clear_denial
ignored_node_rule	13972255166	barrier_without_clear_denial
ignored_node_rule	13972255172	barrier_without_clear_denial
ignored_node_rule	13972255177	barrier_without_clear_denial
ignored_node_rule	13972255188	barrier_without_clear_denial
ignored_node_rule	13972255193	barrier_without_clear_denial
ignored_node_rule	13972255194	barrier_without_clear_denial
ignored_node_rule	13972283302	barrier_without_clear_denial
ignored_node_rule	13972283307	barrier_without_clear_denial
ignored_node_rule	13972283314	barrier_without_clear_denial
ignored_node_rule	13972283320	barrier_without_clear_denial
ignored_node_rule	13972283325	barrier_without_clear_denial
ignored_node_rule	13972283333	barrier_without_clear_denial
ignored_node_rule	13972283339	barrier_without_clear_denial
ignored_node_rule	13972283345	barrier_without_clear_denial
ignored_node_rule	13972283351	barrier_without_clear_denial
ignored_node_rule	13972283362	barrier_without_clear_denial
ignored_node_rule	13972283373	barrier_without_clear_denial
ignored_node_rule	13972283374	barrier_without_clear_denial
ignored_node_rule	13972283379	barrier_without_clear_denial
ignored_node_rule	13972283388	barrier_without_clear_denial
ignored_node_rule	13972283395	barrier_without_clear_denial
ignored_node_rule	13972283405	barrier_without_clear_denial
ignored_node_rule	13972283425	barrier_without_clear_denial
ignored_node_rule	13972283434	barrier_without_clear_denial
ignored_node_rule	13972283441	barrier_without_clear_denial
ignored_node_rule	13972283454	barrier_without_clear_denial
ignored_node_rule	13972283459	barrier_without_clear_denial
ignored_node_rule	14013595750	barrier_without_clear_denial
blocked_node	14038459192	car_passage_denied
blocked_node	14038459193	car_passage_denied
ignored_node_rule	14050337770	barrier_without_clear_denial
ignored_node_rule	14050337786	barrier_without_clear_denial
ignored_node_rule	14050364120	barrier_without_clear_denial
ignored_node_rule	14076128469	barrier_without_clear_denial
ignored_node_rule	14076151729	barrier_without_clear_denial
blocked_node	14077979100	car_passage_denied
ignored_node_rule	14078248482	barrier_without_clear_denial
ignored_node_rule	14078248483	barrier_without_clear_denial
ignored_node_rule	14080036110	barrier_without_clear_denial
ignored_node_rule	14080150170	barrier_without_clear_denial
ignored_node_rule	14080150171	barrier_without_clear_denial
ignored_node_rule	14080150172	barrier_without_clear_denial
ignored_node_rule	14080250749	barrier_without_clear_denial
ignored_node_rule	14080480540	barrier_without_clear_denial
ignored_node_rule	14081374754	barrier_without_clear_denial
ignored_node_rule	14093886840	barrier_without_clear_denial
ignored_node_rule	14094024605	barrier_without_clear_denial
ignored_node_rule	14094024606	barrier_without_clear_denial
ignored_node_rule	14094024607	barrier_without_clear_denial
ignored_node_rule	14094024608	barrier_without_clear_denial
ignored_node_rule	14094024609	barrier_without_clear_denial
ignored_node_rule	14094024611	barrier_without_clear_denial
ignored_node_rule	14095999414	barrier_without_clear_denial
ignored_node_rule	14096971063	barrier_without_clear_denial
ignored_node_rule	14098390364	barrier_without_clear_denial
ignored_node_rule	14098402891	barrier_without_clear_denial
ignored_node_rule	14098402893	barrier_without_clear_denial
ignored_node_rule	14104735650	barrier_without_clear_denial
blocked_node	14106478080	car_passage_denied
blocked_node	14111942595	car_passage_denied
blocked_node	14111942596	car_passage_denied
ignored_node_rule	14114050008	barrier_without_clear_denial
ignored_node_rule	14114050009	barrier_without_clear_denial
ignored_node_rule	14124337038	barrier_without_clear_denial
ignored_node_rule	14124337040	barrier_without_clear_denial
ignored_node_rule	14138449511	barrier_without_clear_denial
ignored_node_rule	14138463121	barrier_without_clear_denial
ignored_node_rule	14138540813	barrier_without_clear_denial
ignored_node_rule	14138948451	barrier_without_clear_denial
ignored_node_rule	14138971446	barrier_without_clear_denial
ignored_node_rule	14139542163	barrier_without_clear_denial
ignored_node_rule	14139542170	barrier_without_clear_denial
ignored_node_rule	14148345997	barrier_without_clear_denial
ignored_node_rule	14152641075	barrier_without_clear_denial
ignored_node_rule	14152999614	barrier_without_clear_denial
ignored_node_rule	14152999615	barrier_without_clear_denial
ignored_node_rule	14153071673	barrier_without_clear_denial
ignored_node_rule	14153071674	barrier_without_clear_denial
ignored_node_rule	14156557926	barrier_without_clear_denial
ignored_node_rule	14156557927	barrier_without_clear_denial
ignored_node_rule	14156582863	barrier_without_clear_denial
ignored_node_rule	14156606704	barrier_without_clear_denial
ignored_node_rule	14158992682	barrier_without_clear_denial
ignored_node_rule	14177500898	barrier_without_clear_denial
blocked_node	14188485180	car_passage_denied
blocked_node	14188485181	car_passage_denied
ignored_node_rule	14188485189	barrier_without_clear_denial
ignored_node_rule	14188485190	barrier_without_clear_denial
ignored_way_rule	26271772	{oneway:bicycle=no}
ignored_way_rule	26297528	{oneway:bicycle=no}
ignored_way_rule	26329557	{oneway:bicycle=no}
ignored_way_rule	37395775	{oneway:bicycle=yes}
ignored_way_rule	37399179	{oneway:bicycle=no}
ignored_way_rule	37403331	{oneway:bicycle=yes}
ignored_way_rule	37751275	{motor_vehicle=private}
ignored_way_rule	38233666	{oneway:bicycle=no}
ignored_way_rule	38233672	{oneway:bicycle=no}
ignored_way_rule	38233676	{oneway:bicycle=no}
ignored_way_rule	40790991	{motor_vehicle=permit}
ignored_way_rule	40790992	{motor_vehicle=permit}
ignored_way_rule	40791014	{motor_vehicle=permit}
ignored_way_rule	48734551	{oneway:bicycle=no}
ignored_way_rule	59054164	{oneway:bicycle=no}
ignored_way_rule	59054165	{oneway:bicycle=no}
ignored_way_rule	59054173	{oneway:bicycle=no}
ignored_way_rule	65370689	{oneway:bicycle=no}
ignored_way_rule	65370728	{oneway:bicycle=no}
ignored_way_rule	65370729	{oneway:bicycle=no}
ignored_way_rule	65370731	{oneway:bicycle=no}
ignored_way_rule	70998325	{oneway:bicycle=yes}
ignored_way_rule	70998338	{access:lanes=no|yes|yes}
ignored_way_rule	70998364	{oneway:bicycle=yes}
ignored_way_rule	70998384	{oneway:bicycle=yes}
ignored_way_rule	70998388	{oneway:bicycle=yes}
ignored_way_rule	70998414	{oneway:bicycle=yes}
ignored_way_rule	70998426	{oneway:bicycle=yes}
ignored_way_rule	70998444	{oneway:bicycle=yes}
ignored_way_rule	73541403	{oneway:bicycle=yes}
ignored_way_rule	86099098	{oneway:bicycle=no}
ignored_way_rule	86099107	{oneway:bicycle=no}
ignored_way_rule	96328776	{oneway:bicycle=no}
ignored_way_rule	96328778	{oneway:bicycle=no}
ignored_way_rule	117784413	{oneway:bicycle=no}
ignored_way_rule	148749438	{oneway:bicycle=no}
ignored_way_rule	148749448	{oneway:bicycle=no}
ignored_way_rule	168874253	{motor_vehicle=private}
ignored_way_rule	170702880	{oneway:bicycle=no}
ignored_way_rule	173638852	{oneway:bicycle=no}
ignored_way_rule	174699434	{oneway:bicycle=no}
ignored_way_rule	174699435	{oneway:bicycle=no}
ignored_way_rule	174699436	{oneway:bicycle=no}
ignored_way_rule	174699437	{oneway:bicycle=no}
ignored_way_rule	180190215	{oneway:bicycle=yes}
ignored_way_rule	183272436	{oneway:bicycle=yes}
ignored_way_rule	183272458	{access:lanes=no|yes|yes}
ignored_way_rule	183272596	{oneway:bicycle=yes}
ignored_way_rule	183521245	{oneway:bicycle=yes}
ignored_way_rule	183521246	{oneway:bicycle=yes}
ignored_way_rule	183521259	{oneway:bicycle=no}
ignored_way_rule	184083252	{oneway:bicycle=yes}
ignored_way_rule	188841036	{oneway:bicycle=no}
ignored_way_rule	203390543	{motor_vehicle=permit}
ignored_way_rule	204782689	{motor_vehicle:conditional=no @ (Sa-Su,PH 10:00-17:00)}
ignored_way_rule	205405134	{oneway:bicycle=yes}
ignored_way_rule	218769254	{oneway:bicycle=yes}
ignored_way_rule	218771978	{oneway:bicycle=yes}
ignored_way_rule	218778499	{access:lanes=no|yes|yes}
ignored_way_rule	218842034	{access:lanes=no|yes|yes}
ignored_way_rule	218842454	{access:lanes=no|yes|yes}
ignored_way_rule	218923174	{oneway:bicycle=yes}
ignored_way_rule	218924602	{oneway:bicycle=yes}
ignored_way_rule	219126035	{oneway:bicycle=yes}
ignored_way_rule	219745444	{oneway:bicycle=no}
ignored_way_rule	220144466	{oneway:bicycle=yes}
ignored_way_rule	224146847	{access=destination}
ignored_way_rule	224711723	{oneway:bicycle=no}
ignored_way_rule	224899174	{motor_vehicle=agricultural}
ignored_way_rule	224899183	{oneway:bicycle=no}
ignored_way_rule	225158245	{oneway:bicycle=yes}
ignored_way_rule	225158247	{oneway:bicycle=yes}
ignored_way_rule	225578487	{motor_vehicle=agricultural}
ignored_way_rule	226074462	{motor_vehicle=agricultural}
ignored_way_rule	226083061	{oneway:bicycle=no}
ignored_way_rule	226544045	{access=private}
ignored_way_rule	226690495	{access=private}
ignored_way_rule	226690504	{access=private}
ignored_way_rule	226690514	{access=private}
ignored_way_rule	226690515	{access=private}
ignored_way_rule	226690518	{access=private}
ignored_way_rule	226690522	{access=private}
ignored_way_rule	226690535	{access=private}
ignored_way_rule	227625253	{oneway:bicycle=no}
ignored_way_rule	228681299	{access=private}
ignored_way_rule	228681302	{access=destination}
ignored_way_rule	228951507	{access=private}
ignored_way_rule	228951510	{access=private}
ignored_way_rule	228951511	{access=private}
ignored_way_rule	228951512	{access=private}
ignored_way_rule	228951513	{access=private}
ignored_way_rule	228951515	{access=private}
ignored_way_rule	228951516	{access=private}
ignored_way_rule	228951517	{access=private}
ignored_way_rule	228951518	{access=private}
ignored_way_rule	228951519	{access=private}
ignored_way_rule	228951522	{access=private}
ignored_way_rule	228951523	{access=private}
ignored_way_rule	228951525	{access=private}
ignored_way_rule	228951527	{access=private}
ignored_way_rule	228951529	{access=private}
ignored_way_rule	228951531	{access=private}
ignored_way_rule	230027930	{access=private}
ignored_way_rule	230027932	{access=private}
ignored_way_rule	230127624	{access=private}
ignored_way_rule	233602405	{oneway:bicycle=no}
ignored_way_rule	236251155	{motor_vehicle=private}
ignored_way_rule	236251160	{motor_vehicle=private}
ignored_way_rule	236251164	{motor_vehicle=private}
ignored_way_rule	236251166	{motor_vehicle=private}
ignored_way_rule	236251169	{motor_vehicle=private}
ignored_way_rule	236251174	{motor_vehicle=private}
ignored_way_rule	236354880	{access=private}
ignored_way_rule	236354881	{access=private}
ignored_way_rule	236354882	{access=private}
ignored_way_rule	236862307	{access=private}
ignored_way_rule	236862312	{access=private}
ignored_way_rule	239949638	{access=private}
ignored_way_rule	244386917	{access=private, motor_vehicle=private}
ignored_way_rule	256650714	{access=private}
ignored_way_rule	257578706	{access=permit}
ignored_way_rule	257578707	{access=permit}
ignored_way_rule	277787758	{oneway:bicycle=yes}
ignored_way_rule	278010309	{oneway:bicycle=yes}
ignored_way_rule	279956816	{access=private}
ignored_way_rule	279956819	{access=private}
ignored_way_rule	279956820	{access=private}
ignored_way_rule	279956822	{access=private}
ignored_way_rule	279956823	{access=private}
ignored_way_rule	284152885	{access=private}
ignored_way_rule	284152891	{access=private}
ignored_way_rule	284165138	{access=private}
ignored_way_rule	284165139	{access=private}
ignored_way_rule	286142570	{access=private}
ignored_way_rule	286142571	{access=private}
ignored_way_rule	286142575	{access=private}
ignored_way_rule	286142577	{access=private}
ignored_way_rule	286142578	{access=private}
ignored_way_rule	286356032	{motor_vehicle=permit}
ignored_way_rule	288579380	{oneway:bicycle=no}
ignored_way_rule	289734368	{oneway:bicycle=yes}
ignored_way_rule	294778124	{motor_vehicle=agricultural}
ignored_way_rule	294778125	{motor_vehicle=agricultural}
ignored_way_rule	294778126	{motor_vehicle=agricultural}
ignored_way_rule	296975026	{motor_vehicle=permit}
ignored_way_rule	299856192	{access=private}
ignored_way_rule	303599369	{access=private}
ignored_way_rule	303599370	{access=private}
ignored_way_rule	303599371	{access=private}
ignored_way_rule	303599372	{access=private}
ignored_way_rule	303599373	{access=private}
ignored_way_rule	303599374	{access=private}
ignored_way_rule	303599375	{access=private}
ignored_way_rule	303599376	{access=private}
ignored_way_rule	303599377	{access=private}
ignored_way_rule	303599379	{access=private}
ignored_way_rule	303599380	{access=private}
ignored_way_rule	303599381	{access=private}
ignored_way_rule	305375841	{access=private}
ignored_way_rule	305680535	{oneway:bicycle=no}
ignored_way_rule	307261682	{oneway:bicycle=no}
ignored_way_rule	309857521	{oneway:bicycle=no}
ignored_way_rule	309944033	{oneway:bicycle=no}
ignored_way_rule	309944034	{oneway:bicycle=no}
ignored_way_rule	310400796	{access=private}
ignored_way_rule	310400799	{access=private}
ignored_way_rule	310679049	{access=destination}
ignored_way_rule	310679050	{access=private}
ignored_way_rule	311430411	{oneway:bicycle=no}
ignored_way_rule	312815117	{access:lanes=no|yes|yes}
ignored_way_rule	313056054	{motor_vehicle=agricultural}
ignored_way_rule	313056055	{motor_vehicle=agricultural}
ignored_way_rule	314528530	{motor_vehicle=private}
ignored_way_rule	314528539	{motor_vehicle=private}
ignored_way_rule	316060684	{access=customers}
ignored_way_rule	316124798	{access=private}
ignored_way_rule	327695023	{access=private}
ignored_way_rule	328129745	{access=private}
ignored_way_rule	328686838	{access=private}
ignored_way_rule	330738814	{access=private}
ignored_way_rule	332760933	{access=private}
ignored_way_rule	333555370	{oneway:bicycle=yes}
ignored_way_rule	333702375	{access=private}
ignored_way_rule	333702398	{access=private}
ignored_way_rule	333702410	{access=private}
ignored_way_rule	333972430	{oneway:bus=no}
ignored_way_rule	334293512	{motor_vehicle=private}
ignored_way_rule	335697672	{access=private}
ignored_way_rule	337719624	{access=private}
ignored_way_rule	337719647	{access=private}
ignored_way_rule	343181853	{access=private}
ignored_way_rule	343181875	{access=private}
ignored_way_rule	343181889	{access=private}
ignored_way_rule	343181929	{access=private}
ignored_way_rule	343839264	{motor_vehicle=private}
ignored_way_rule	346723947	{motor_vehicle=permit}
ignored_way_rule	350127794	{oneway:bicycle=yes}
ignored_way_rule	352616207	{access=permit}
ignored_way_rule	354608886	{motor_vehicle=private}
ignored_way_rule	355767283	{motor_vehicle=private}
ignored_way_rule	356219108	{motor_vehicle:conditional=no @ (Su 09:00-22:00)}
ignored_way_rule	361732989	{motor_vehicle=agricultural}
ignored_way_rule	362384643	{access=private}
ignored_way_rule	364000249	{access=permit}
ignored_way_rule	364000295	{access=destination}
ignored_way_rule	364000333	{access=permit}
ignored_way_rule	365406477	{access=private}
ignored_way_rule	374903875	{access:lanes=no|yes|yes}
ignored_way_rule	374903877	{access:lanes=no|yes|yes}
ignored_way_rule	374903880	{access:lanes=no|yes|yes}
ignored_way_rule	375125203	{motor_vehicle=private}
ignored_way_rule	377540942	{oneway:bicycle=no}
ignored_way_rule	379747488	{oneway:bicycle=no}
ignored_way_rule	379747489	{oneway:bicycle=no}
ignored_way_rule	379943267	{motor_vehicle=private}
ignored_way_rule	379943292	{motor_vehicle=private}
ignored_way_rule	379943295	{motor_vehicle=private}
ignored_way_rule	380245061	{oneway:bicycle=no}
ignored_way_rule	380620899	{oneway:bicycle=no}
ignored_way_rule	380686686	{oneway:bicycle=no}
ignored_way_rule	381161675	{oneway:bicycle=no}
ignored_way_rule	381287256	{oneway:bicycle=no}
ignored_way_rule	381287257	{oneway:bicycle=no}
ignored_way_rule	381487450	{oneway:bicycle=no}
ignored_way_rule	381487454	{oneway:bicycle=no}
ignored_way_rule	381674215	{oneway:bicycle=no}
ignored_way_rule	381755898	{access=customers}
ignored_way_rule	381961832	{access=private, motor_vehicle=private}
ignored_way_rule	382333356	{motor_vehicle=permit}
ignored_way_rule	382424681	{oneway:bicycle=no}
ignored_way_rule	383615133	{motor_vehicle=permit}
ignored_way_rule	388546323	{oneway:bicycle=yes}
ignored_way_rule	391571294	{access=private}
ignored_way_rule	391571300	{access=private}
ignored_way_rule	393900508	{oneway:bicycle=yes}
ignored_way_rule	393913115	{access=permit}
ignored_way_rule	400480595	{access=private}
ignored_way_rule	400716016	{oneway:bicycle=no}
ignored_way_rule	404678232	{access=private}
ignored_way_rule	404678233	{access=private}
ignored_way_rule	404678234	{access=private}
ignored_way_rule	404678235	{access=private}
ignored_way_rule	404678236	{access=private}
ignored_way_rule	404678237	{access=private}
ignored_way_rule	407455706	{motor_vehicle=destination}
ignored_way_rule	414000796	{access=private}
ignored_way_rule	414000805	{access=private}
ignored_way_rule	414000813	{access=private}
ignored_way_rule	414000815	{access=private}
ignored_way_rule	416599158	{oneway:bicycle=no}
ignored_way_rule	418241996	{oneway:bicycle=no}
ignored_way_rule	418716714	{oneway:bicycle=no}
ignored_way_rule	431765524	{access=private}
ignored_way_rule	431765527	{access=private}
ignored_way_rule	431767891	{access=private}
ignored_way_rule	431767895	{access=private}
ignored_way_rule	431767898	{access=private}
ignored_way_rule	431767901	{access=private}
ignored_way_rule	431767906	{access=private}
ignored_way_rule	431767907	{access=private}
ignored_way_rule	431767908	{access=private}
ignored_way_rule	431767909	{access=private}
ignored_way_rule	431767910	{access=private}
ignored_way_rule	431767922	{access=private}
ignored_way_rule	431942225	{access=private}
ignored_way_rule	431942226	{access=private}
ignored_way_rule	431944826	{access=permit}
ignored_way_rule	431981191	{access=private}
ignored_way_rule	431981192	{access=private}
ignored_way_rule	432211320	{access=private}
ignored_way_rule	432211322	{access=private}
ignored_way_rule	432296247	{access=private}
ignored_way_rule	432296248	{access=private}
ignored_way_rule	443023611	{access=private}
ignored_way_rule	443023612	{access=private, motor_vehicle=private}
ignored_way_rule	443024975	{access=private}
ignored_way_rule	443026475	{access=private}
ignored_way_rule	444711466	{access=private}
ignored_way_rule	445322149	{access=private}
ignored_way_rule	445322151	{access=private}
ignored_way_rule	445322159	{motor_vehicle=private}
ignored_way_rule	446747951	{motor_vehicle=private}
ignored_way_rule	455642372	{access=private}
ignored_way_rule	455642373	{access=private}
ignored_way_rule	455642374	{access=private}
ignored_way_rule	455651171	{access=private}
ignored_way_rule	455651172	{access=private}
ignored_way_rule	455651173	{access=private}
ignored_way_rule	455955627	{access=private}
ignored_way_rule	455955628	{access=private}
ignored_way_rule	455955629	{access=private}
ignored_way_rule	463203437	{motor_vehicle=private}
ignored_way_rule	464098207	{access=private}
ignored_way_rule	464098208	{access=private}
ignored_way_rule	464308841	{access=private}
ignored_way_rule	465545550	{oneway:forward:conditional=yes @ (Mo-Fr 07:00-10:00)}
ignored_way_rule	467914795	{motor_vehicle=private}
ignored_way_rule	467914797	{motor_vehicle=private}
ignored_way_rule	468178910	{motor_vehicle=private}
ignored_way_rule	468178912	{motor_vehicle=private}
ignored_way_rule	468684639	{motor_vehicle=private}
ignored_way_rule	468720816	{oneway:bicycle=yes}
ignored_way_rule	469404740	{access=customers}
ignored_way_rule	469429943	{oneway:bicycle=no}
ignored_way_rule	469845286	{access=customers}
ignored_way_rule	470199122	{oneway:bicycle=no}
ignored_way_rule	470199128	{oneway:bicycle=no}
ignored_way_rule	470221351	{access=private}
ignored_way_rule	470658740	{motor_vehicle=private}
ignored_way_rule	470804163	{access=private}
ignored_way_rule	471397209	{access=customers}
ignored_way_rule	471453319	{access=private, motor_vehicle=permit}
ignored_way_rule	471500490	{access=permit}
ignored_way_rule	471500497	{access=permit}
ignored_way_rule	471673842	{access=private}
ignored_way_rule	471673843	{access=private}
ignored_way_rule	471673844	{access=private}
ignored_way_rule	472081163	{access=private}
ignored_way_rule	472081173	{access=private}
ignored_way_rule	472089567	{access=private}
ignored_way_rule	472114201	{access=private}
ignored_way_rule	472568130	{access=permit}
ignored_way_rule	473407566	{access=private}
ignored_way_rule	473407569	{access=private}
ignored_way_rule	473407571	{access=private}
ignored_way_rule	473687966	{oneway:bicycle=no}
ignored_way_rule	474507374	{oneway:bicycle=no}
ignored_way_rule	474561458	{access=permit}
ignored_way_rule	474844543	{access=private}
ignored_way_rule	476468068	{motor_vehicle=destination}
ignored_way_rule	477417118	{access=private}
ignored_way_rule	478515267	{oneway:bicycle=no}
ignored_way_rule	481601829	{oneway:bicycle=no}
ignored_way_rule	486084841	{oneway:bicycle=yes}
ignored_way_rule	494190343	{access=private}
ignored_way_rule	494190344	{access=private}
ignored_way_rule	494190345	{access=private}
ignored_way_rule	494210369	{access=private}
ignored_way_rule	494847729	{access=private}
ignored_way_rule	494847730	{access=private}
ignored_way_rule	494847731	{access=customers}
ignored_way_rule	494851340	{access=customers}
ignored_way_rule	494853338	{access=private}
ignored_way_rule	496436609	{access=customers}
ignored_way_rule	496436953	{access=customers}
ignored_way_rule	496436954	{access=customers}
ignored_way_rule	516166424	{oneway:bus=no}
ignored_way_rule	518807034	{oneway:bicycle=no}
ignored_way_rule	519068810	{oneway:bicycle=yes}
ignored_way_rule	519068811	{oneway:bicycle=yes}
ignored_way_rule	519068812	{oneway:bicycle=yes}
ignored_way_rule	519099453	{oneway:bicycle=no}
ignored_way_rule	519131795	{oneway:bicycle=no}
ignored_way_rule	519447651	{oneway:bicycle=yes}
ignored_way_rule	520307309	{oneway:bicycle=no}
ignored_way_rule	521919714	{oneway:bicycle=yes}
ignored_way_rule	521919715	{oneway:bicycle=yes}
ignored_way_rule	522343768	{oneway:bicycle=yes}
ignored_way_rule	532697906	{oneway:bicycle=no}
ignored_way_rule	536534387	{motor_vehicle=permit}
ignored_way_rule	537044062	{oneway:bicycle=no}
ignored_way_rule	550486468	{access=private}
ignored_way_rule	555171062	{access=private}
ignored_way_rule	555484769	{access=permit}
ignored_way_rule	560449167	{access=private}
ignored_way_rule	560449168	{access=private}
ignored_way_rule	560449169	{access=private}
ignored_way_rule	560449170	{access=private}
ignored_way_rule	560449171	{access=private}
ignored_way_rule	560449172	{access=private}
ignored_way_rule	564867647	{oneway:bicycle=yes}
ignored_way_rule	564917835	{access=private}
ignored_way_rule	573170756	{access=private}
ignored_way_rule	573175930	{access=private}
ignored_way_rule	574594657	{access=private}
ignored_way_rule	580320923	{access=private}
ignored_way_rule	580517432	{oneway:bicycle=no}
ignored_way_rule	580517433	{oneway:bicycle=no}
ignored_way_rule	582453454	{motor_vehicle=agricultural}
ignored_way_rule	584817825	{oneway:bus=no}
ignored_way_rule	584817826	{oneway:bus=no}
ignored_way_rule	584817829	{oneway:bus=no}
ignored_way_rule	585341904	{access:lanes=no|yes|yes|yes|yes}
ignored_way_rule	588304689	{access=private}
ignored_way_rule	588304690	{access=private}
ignored_way_rule	588304691	{access=private}
ignored_way_rule	588304702	{access=private}
ignored_way_rule	588304706	{access=private}
ignored_way_rule	588304708	{access=private}
ignored_way_rule	600902193	{access=private}
ignored_way_rule	602156469	{access=private}
ignored_way_rule	609465606	{access:lanes=no|yes|yes}
ignored_way_rule	614205841	{access=private}
ignored_way_rule	614205842	{access=private}
ignored_way_rule	615272095	{access=private}
ignored_way_rule	618385129	{access=permit}
ignored_way_rule	619137621	{oneway:bus=no}
ignored_way_rule	619137623	{oneway:bus=no}
ignored_way_rule	619137627	{oneway:bus=no}
ignored_way_rule	619137628	{oneway:bus=no}
ignored_way_rule	619137635	{oneway:bus=no}
ignored_way_rule	619137637	{oneway:bus=no}
ignored_way_rule	619137638	{oneway:bus=no}
ignored_way_rule	619137643	{oneway:bus=no}
ignored_way_rule	619137645	{oneway:bus=no}
ignored_way_rule	619445985	{oneway:bicycle=yes}
ignored_way_rule	620634300	{oneway:bicycle=yes}
ignored_way_rule	628897989	{access=private}
ignored_way_rule	628897990	{access=private}
ignored_way_rule	631904233	{oneway:bicycle=no}
ignored_way_rule	634881082	{access=private}
ignored_way_rule	634896097	{access=private}
ignored_way_rule	634896098	{access=private}
ignored_way_rule	634896100	{access=private}
ignored_way_rule	641300833	{access=private}
ignored_way_rule	641300836	{access=private}
ignored_way_rule	642133895	{access=private}
ignored_way_rule	642135245	{access=private}
ignored_way_rule	643021294	{access=customers}
ignored_way_rule	662571728	{access=private}
ignored_way_rule	664365161	{access=private}
ignored_way_rule	664365162	{access=private}
ignored_way_rule	664544568	{motor_vehicle=permit}
ignored_way_rule	664544569	{motor_vehicle=permit}
ignored_way_rule	664544570	{motor_vehicle=permit}
ignored_way_rule	665552177	{access=permit}
ignored_way_rule	665552179	{access=permit}
ignored_way_rule	669841442	{oneway:bicycle=no}
ignored_way_rule	672803206	{access=private}
ignored_way_rule	681836498	{access=destination}
ignored_way_rule	695908725	{motor_vehicle=private}
ignored_way_rule	695908726	{motor_vehicle=private}
ignored_way_rule	701287770	{oneway:bicycle=no}
ignored_way_rule	702040937	{motor_vehicle=private}
ignored_way_rule	702040938	{motor_vehicle=private}
ignored_way_rule	702040939	{motor_vehicle=private}
ignored_way_rule	702040940	{motor_vehicle=private}
ignored_way_rule	702040941	{motor_vehicle=private}
ignored_way_rule	702040942	{motor_vehicle=private}
ignored_way_rule	702040944	{motor_vehicle=private}
ignored_way_rule	702040945	{motor_vehicle=private}
ignored_way_rule	702040946	{motor_vehicle=private}
ignored_way_rule	707563009	{oneway:bicycle=no}
ignored_way_rule	707563011	{oneway:bicycle=no}
ignored_way_rule	707563014	{oneway:bicycle=no}
ignored_way_rule	707563015	{oneway:bicycle=no}
ignored_way_rule	707880693	{access=permit}
ignored_way_rule	707880695	{access=permit}
ignored_way_rule	710169359	{motor_vehicle=private}
ignored_way_rule	710169360	{motor_vehicle=private}
ignored_way_rule	710255386	{motor_vehicle=private}
ignored_way_rule	710255389	{motor_vehicle=private}
ignored_way_rule	712133738	{oneway:bicycle=no}
ignored_way_rule	712133749	{oneway:bicycle=no}
ignored_way_rule	715699232	{motor_vehicle=private}
ignored_way_rule	715699234	{motor_vehicle=private}
ignored_way_rule	715699239	{motor_vehicle=private}
ignored_way_rule	715699240	{motor_vehicle=private}
ignored_way_rule	715699241	{motor_vehicle=private}
ignored_way_rule	722879819	{motor_vehicle=permit}
ignored_way_rule	722879820	{motor_vehicle=permit}
ignored_way_rule	724057967	{motor_vehicle=permit}
ignored_way_rule	732213456	{oneway:bicycle=yes}
ignored_way_rule	732213457	{oneway:bicycle=yes}
ignored_way_rule	732213459	{oneway:bicycle=yes}
ignored_way_rule	732213463	{oneway:bicycle=yes}
ignored_way_rule	736709508	{oneway:bicycle=no}
ignored_way_rule	745308578	{motor_vehicle=official}
ignored_way_rule	758375902	{access=private}
ignored_way_rule	758375916	{access=permit}
ignored_way_rule	758645774	{access=private}
ignored_way_rule	758907144	{access=permit}
ignored_way_rule	762234712	{access=permit}
ignored_way_rule	762789506	{oneway:bicycle=no}
ignored_way_rule	762789508	{oneway:bicycle=no}
ignored_way_rule	781493759	{motor_vehicle=destination}
ignored_way_rule	784607416	{access=private}
ignored_way_rule	784607417	{access=private}
ignored_way_rule	784607423	{access=private}
ignored_way_rule	784607424	{access=private}
ignored_way_rule	784607425	{access=private}
ignored_way_rule	784607426	{access=private}
ignored_way_rule	784607427	{access=private}
ignored_way_rule	784607434	{access=private}
ignored_way_rule	784607446	{access=private}
ignored_way_rule	784607447	{access=private}
ignored_way_rule	784607449	{access=private}
ignored_way_rule	784607450	{access=private}
ignored_way_rule	784607451	{access=private}
ignored_way_rule	784607452	{access=private}
ignored_way_rule	784607467	{access=private}
ignored_way_rule	784607474	{access=private}
ignored_way_rule	784775900	{motor_vehicle=private}
ignored_way_rule	788296729	{motor_vehicle=private}
ignored_way_rule	789780034	{access=permit}
ignored_way_rule	792784000	{access=permit}
ignored_way_rule	792784001	{access=permit}
ignored_way_rule	799020324	{access=private}
ignored_way_rule	799020325	{access=private}
ignored_way_rule	799021220	{access=private}
ignored_way_rule	799021288	{access=private}
ignored_way_rule	799026347	{access=private}
ignored_way_rule	799026349	{access=private}
ignored_way_rule	799026351	{access=private}
ignored_way_rule	799026353	{access=private}
ignored_way_rule	799026354	{access=private}
ignored_way_rule	799026357	{access=private}
ignored_way_rule	799026358	{access=private}
ignored_way_rule	802109989	{oneway:bicycle=no}
ignored_way_rule	802402469	{oneway:bicycle=yes}
ignored_way_rule	802402470	{oneway:bicycle=yes}
ignored_way_rule	802882353	{oneway:bicycle=no}
ignored_way_rule	802882358	{oneway:bicycle=no}
ignored_way_rule	813690843	{oneway:bicycle=no}
ignored_way_rule	815640319	{oneway:bicycle=yes}
ignored_way_rule	815640322	{oneway:bicycle=yes}
ignored_way_rule	816075679	{access=permit}
ignored_way_rule	822681172	{access=private}
ignored_way_rule	822681173	{access=private}
ignored_way_rule	822681176	{access=private}
ignored_way_rule	822793935	{access=private}
ignored_way_rule	825351728	{access=permit}
ignored_way_rule	825351910	{access=permit}
ignored_way_rule	828782200	{oneway:bicycle=no}
ignored_way_rule	828782201	{oneway:bicycle=no}
ignored_way_rule	828782202	{oneway:bicycle=no}
ignored_way_rule	828782203	{oneway:bicycle=no}
ignored_way_rule	831108560	{oneway:bicycle=no}
ignored_way_rule	845732277	{access:lanes=no|yes|yes}
ignored_way_rule	847557816	{access=permit, motor_vehicle=permit}
ignored_way_rule	848767964	{oneway:bicycle=no}
ignored_way_rule	848767965	{oneway:bicycle=no}
ignored_way_rule	855889192	{access=private}
ignored_way_rule	855889193	{access=private}
ignored_way_rule	855889194	{access=private}
ignored_way_rule	855889195	{access=private}
ignored_way_rule	855889196	{access=private}
ignored_way_rule	855889197	{access=private}
ignored_way_rule	856228582	{access=private}
ignored_way_rule	856228597	{access=private}
ignored_way_rule	856228599	{access=private}
ignored_way_rule	856228600	{access=private}
ignored_way_rule	856228601	{access=private}
ignored_way_rule	856228602	{access=private}
ignored_way_rule	856228603	{access=private}
ignored_way_rule	856228604	{access=private}
ignored_way_rule	856228605	{access=private}
ignored_way_rule	856228606	{access=private}
ignored_way_rule	856228607	{access=private}
ignored_way_rule	856228608	{access=private}
ignored_way_rule	856228609	{access=private}
ignored_way_rule	856228610	{access=private}
ignored_way_rule	856228611	{access=private}
ignored_way_rule	856228612	{access=private}
ignored_way_rule	856228613	{access=private}
ignored_way_rule	856228614	{access=private}
ignored_way_rule	856228615	{access=private}
ignored_way_rule	856228616	{access=private}
ignored_way_rule	856257704	{access=private}
ignored_way_rule	856257705	{access=private}
ignored_way_rule	857062953	{access=private}
ignored_way_rule	857062954	{access=private}
ignored_way_rule	857062955	{access=private}
ignored_way_rule	857062956	{access=private}
ignored_way_rule	865015848	{motor_vehicle=permit}
ignored_way_rule	865015849	{motor_vehicle=permit}
ignored_way_rule	872191506	{motor_vehicle=permit}
ignored_way_rule	875644550	{access=permit}
ignored_way_rule	875644551	{access=permit}
ignored_way_rule	875644552	{access=permit}
ignored_way_rule	875644553	{access=permit}
ignored_way_rule	877865991	{access=destination}
ignored_way_rule	880321354	{motor_vehicle=private}
ignored_way_rule	880483488	{access=private}
ignored_way_rule	881191231	{access=private}
ignored_way_rule	881191232	{access=private}
ignored_way_rule	881191233	{access=private}
ignored_way_rule	881191237	{access=private}
ignored_way_rule	881191240	{access=private}
ignored_way_rule	881191241	{access=private}
ignored_way_rule	881191242	{access=private}
ignored_way_rule	881191244	{access=private}
ignored_way_rule	890585301	{access=private, motor_vehicle=private}
ignored_way_rule	890585303	{access=private}
ignored_way_rule	899856674	{oneway:bicycle=yes}
ignored_way_rule	899856676	{oneway:bicycle=yes}
ignored_way_rule	901618496	{access=private}
ignored_way_rule	908608295	{oneway:bicycle=yes}
ignored_way_rule	908646367	{oneway:bicycle=yes}
ignored_way_rule	908694578	{oneway:bicycle=yes}
ignored_way_rule	908803250	{access:lanes=no|no|yes|yes|yes}
ignored_way_rule	908803271	{access:lanes=no|yes|yes}
ignored_way_rule	910713003	{oneway:bicycle=yes}
ignored_way_rule	911080728	{access=customers}
ignored_way_rule	913333551	{oneway:bicycle=no}
ignored_way_rule	913818135	{motor_vehicle=private}
ignored_way_rule	914517977	{access=private}
ignored_way_rule	920733444	{oneway:bicycle=yes}
ignored_way_rule	921131033	{oneway:bus=no}
ignored_way_rule	922996663	{access=private}
ignored_way_rule	941453434	{access=private}
ignored_way_rule	941453462	{access=private}
ignored_way_rule	941453474	{access=private}
ignored_way_rule	941453475	{access=private}
ignored_way_rule	941453482	{access=private}
ignored_way_rule	941453483	{access=private}
ignored_way_rule	941453562	{access=private}
ignored_way_rule	941453563	{access=private}
ignored_way_rule	946016870	{oneway:bicycle=no}
ignored_way_rule	946016872	{oneway:bicycle=no}
ignored_way_rule	948426676	{oneway:bus=no}
ignored_way_rule	955603680	{oneway:bicycle=no}
ignored_way_rule	955603682	{oneway:bicycle=no}
ignored_way_rule	958388983	{access=permit}
ignored_way_rule	958388985	{access=permit}
ignored_way_rule	958388987	{access=permit}
ignored_way_rule	958388988	{access=permit}
ignored_way_rule	958388990	{access=permit}
ignored_way_rule	958388991	{access=permit}
ignored_way_rule	958388992	{access=permit}
ignored_way_rule	958388993	{access=permit}
ignored_way_rule	958388995	{access=permit}
ignored_way_rule	958388996	{access=permit}
ignored_way_rule	959025248	{oneway:bicycle=yes}
ignored_way_rule	965501943	{access=forestry}
ignored_way_rule	969147476	{access=private}
ignored_way_rule	969147477	{access=private}
ignored_way_rule	969147478	{access=private}
ignored_way_rule	969147479	{access=private}
ignored_way_rule	969147480	{access=private}
ignored_way_rule	969147481	{access=private}
ignored_way_rule	969147482	{access=private}
ignored_way_rule	969147483	{access=private}
ignored_way_rule	969147484	{access=private}
ignored_way_rule	969147485	{access=private}
ignored_way_rule	969147486	{access=private}
ignored_way_rule	972750975	{access=private, motor_vehicle=private}
ignored_way_rule	972750976	{access=private, motor_vehicle=private}
ignored_way_rule	972750977	{access=private, motor_vehicle=private}
ignored_way_rule	974095735	{motor_vehicle=private}
ignored_way_rule	975290316	{oneway:bicycle=yes}
ignored_way_rule	978039634	{access=private}
ignored_way_rule	978039635	{access=private}
ignored_way_rule	978039636	{access=permit}
ignored_way_rule	978045050	{access=private}
ignored_way_rule	978045051	{access=private}
ignored_way_rule	986084989	{access=private}
ignored_way_rule	998168643	{motor_vehicle=permit}
ignored_way_rule	1014054374	{access=private}
ignored_way_rule	1014054375	{access=private}
ignored_way_rule	1014054376	{access=private}
ignored_way_rule	1018490378	{access=destination}
ignored_way_rule	1018490379	{access=destination}
ignored_way_rule	1025050714	{access=permit}
ignored_way_rule	1025759601	{access=private}
ignored_way_rule	1025759607	{access=private}
ignored_way_rule	1025759608	{access=private}
ignored_way_rule	1025759609	{access=private}
ignored_way_rule	1025759612	{access=private}
ignored_way_rule	1025759616	{access=private}
ignored_way_rule	1026884180	{access=customers}
ignored_way_rule	1026884181	{access=customers}
ignored_way_rule	1026884182	{access=customers}
ignored_way_rule	1028572712	{access=permit}
ignored_way_rule	1031886528	{access=permit}
ignored_way_rule	1041898511	{access=private}
ignored_way_rule	1041898512	{access=private, motor_vehicle=private}
ignored_way_rule	1041968248	{access=private, motor_vehicle=private}
ignored_way_rule	1041968249	{access=private, motor_vehicle=private}
ignored_way_rule	1042862974	{access=destination}
ignored_way_rule	1043288040	{access=permit}
ignored_way_rule	1044094444	{access=permit}
ignored_way_rule	1044094445	{access=permit}
ignored_way_rule	1044181838	{access=permit}
ignored_way_rule	1047544542	{access=permit}
ignored_way_rule	1057877842	{access=destination}
ignored_way_rule	1059020376	{access:lanes=no|yes|yes}
ignored_way_rule	1069106857	{access:lanes=no|yes}
ignored_way_rule	1069449875	{access=permit}
ignored_way_rule	1069449878	{access=permit}
ignored_way_rule	1069861704	{access:lanes=no|yes|yes}
ignored_way_rule	1071847450	{access=permit}
ignored_way_rule	1074497468	{access=private}
ignored_way_rule	1077419811	{access=private}
ignored_way_rule	1087669367	{access=bus}
ignored_way_rule	1087720169	{access=destination}
ignored_way_rule	1087720170	{access=destination}
ignored_way_rule	1087720171	{access=destination}
ignored_way_rule	1088357874	{access=permit}
ignored_way_rule	1088357875	{access=permit}
ignored_way_rule	1090698662	{access=private}
ignored_way_rule	1090698663	{access=private}
ignored_way_rule	1090698664	{access=private}
ignored_way_rule	1090698665	{access=private}
ignored_way_rule	1104062450	{access=permit}
ignored_way_rule	1104062451	{access=permit}
ignored_way_rule	1104062452	{access=permit}
ignored_way_rule	1104062453	{access=permit}
ignored_way_rule	1105991650	{motor_vehicle=unknown}
ignored_way_rule	1112592893	{access=private}
ignored_way_rule	1120083726	{motor_vehicle=permit}
ignored_way_rule	1120083727	{motor_vehicle=permit}
ignored_way_rule	1120083728	{motor_vehicle=permit}
ignored_way_rule	1126477117	{access=private}
ignored_way_rule	1126477123	{access=private}
ignored_way_rule	1126477124	{access=private}
ignored_way_rule	1147603096	{motor_vehicle=private}
ignored_way_rule	1147603098	{motor_vehicle=private}
ignored_way_rule	1148888355	{access:lanes=no|yes|yes}
ignored_way_rule	1148888358	{access:lanes=no|yes|yes}
ignored_way_rule	1148888374	{access:lanes=no|yes|yes|yes}
ignored_way_rule	1151983344	{oneway:bicycle=yes}
ignored_way_rule	1151983345	{oneway:bicycle=yes}
ignored_way_rule	1172694257	{oneway:bicycle=yes}
ignored_way_rule	1172694258	{oneway:bicycle=yes}
ignored_way_rule	1172694259	{oneway:bicycle=yes}
ignored_way_rule	1172694263	{oneway:bicycle=yes}
ignored_way_rule	1175929596	{oneway:bicycle=yes}
ignored_way_rule	1180145428	{access=military}
ignored_way_rule	1180145431	{access=military}
ignored_way_rule	1180145433	{access=military}
ignored_way_rule	1181900226	{access=private}
ignored_way_rule	1187985752	{access=permit}
ignored_way_rule	1187985759	{access=private}
ignored_way_rule	1187985760	{access=permit}
ignored_way_rule	1198087372	{access:lanes=no|yes|yes}
ignored_way_rule	1199229106	{oneway:bicycle=yes}
ignored_way_rule	1199229107	{oneway:bicycle=yes}
ignored_way_rule	1202453755	{oneway:bicycle=no}
ignored_way_rule	1202549290	{oneway:bicycle=no}
ignored_way_rule	1203017225	{access:lanes=no|yes|yes}
ignored_way_rule	1203017226	{access:lanes=no|yes|yes|yes}
ignored_way_rule	1203262865	{access:lanes=no|yes|yes|yes}
ignored_way_rule	1203262867	{access:lanes=no|yes|yes|yes}
ignored_way_rule	1203262874	{access:lanes=no|yes|yes}
ignored_way_rule	1203262878	{access:lanes=no|yes|yes|yes}
ignored_way_rule	1203262879	{access:lanes=no|yes|yes|yes}
ignored_way_rule	1203333301	{access:lanes=no|yes|yes|yes}
ignored_way_rule	1203394774	{access:lanes=no|yes|yes|yes}
ignored_way_rule	1203394779	{access:lanes=no|yes|yes}
ignored_way_rule	1203394783	{access:lanes=no|yes|yes|yes}
ignored_way_rule	1203449307	{access:lanes=no|yes|yes|yes|yes}
ignored_way_rule	1203449308	{access:lanes=no|yes|yes|yes}
ignored_way_rule	1203449309	{access:lanes=no|yes|yes|yes|yes|yes}
ignored_way_rule	1203449312	{access:lanes=no|yes|yes|yes|yes}
ignored_way_rule	1203548133	{access:lanes=no|yes|yes|yes}
ignored_way_rule	1203548136	{access:lanes=no|yes|yes}
ignored_way_rule	1203548143	{access:lanes=no|yes|yes|yes}
ignored_way_rule	1203548145	{access:lanes=no|yes|yes|yes}
ignored_way_rule	1211909480	{oneway:bicycle=no}
ignored_way_rule	1212424782	{oneway:bicycle=yes}
ignored_way_rule	1212424783	{oneway:bicycle=yes}
ignored_way_rule	1212424784	{oneway:bicycle=yes}
ignored_way_rule	1212424785	{oneway:bicycle=yes}
ignored_way_rule	1212424791	{oneway:bicycle=yes}
ignored_way_rule	1212822995	{motor_vehicle=private}
ignored_way_rule	1212822996	{motor_vehicle=private}
ignored_way_rule	1224608687	{access=private}
ignored_way_rule	1237589317	{motor_vehicle=permit}
ignored_way_rule	1241549802	{access=private}
ignored_way_rule	1241549803	{access=private}
ignored_way_rule	1273992540	{access=unknown}
ignored_way_rule	1273992592	{access=unknown}
ignored_way_rule	1278208821	{access=permit}
ignored_way_rule	1280905819	{access=private}
ignored_way_rule	1283637468	{oneway:bicycle=no}
ignored_way_rule	1283637469	{oneway:bicycle=no}
ignored_way_rule	1296416457	{access=private}
ignored_way_rule	1296763527	{access=private}
ignored_way_rule	1296763528	{access=private}
ignored_way_rule	1296763529	{access=private}
ignored_way_rule	1296763530	{access=private}
ignored_way_rule	1296763531	{access=private}
ignored_way_rule	1296763532	{access=private}
ignored_way_rule	1296763533	{access=private}
ignored_way_rule	1296763534	{access=private}
ignored_way_rule	1296763535	{access=private}
ignored_way_rule	1296763536	{access=private}
ignored_way_rule	1296763537	{access=private}
ignored_way_rule	1296763538	{access=private}
ignored_way_rule	1296763539	{access=private}
ignored_way_rule	1296763540	{access=private}
ignored_way_rule	1296763541	{access=private}
ignored_way_rule	1297201339	{oneway:bicycle=yes}
ignored_way_rule	1300870790	{access=private}
ignored_way_rule	1300870791	{access=private}
ignored_way_rule	1300886858	{access=private}
ignored_way_rule	1300886876	{access=private}
ignored_way_rule	1300886877	{access=private}
ignored_way_rule	1300886882	{access=private}
ignored_way_rule	1300886890	{access=private}
ignored_way_rule	1300886893	{access=permit}
ignored_way_rule	1300886894	{access=permit}
ignored_way_rule	1300886895	{access=permit}
ignored_way_rule	1300898458	{access=private}
ignored_way_rule	1300898459	{access=private}
ignored_way_rule	1300898471	{access=private}
ignored_way_rule	1300898472	{access=private}
ignored_way_rule	1302914544	{access=permit}
ignored_way_rule	1303753915	{access=private}
ignored_way_rule	1303753916	{access=private}
ignored_way_rule	1303753917	{access=private}
ignored_way_rule	1303753918	{access=private}
ignored_way_rule	1305791485	{oneway:bicycle=yes}
ignored_way_rule	1305791487	{oneway:bicycle=yes}
ignored_way_rule	1306145997	{oneway:bicycle=yes}
ignored_way_rule	1306291129	{motor_vehicle=private}
ignored_way_rule	1310971716	{access=private}
ignored_way_rule	1310971737	{access=private}
ignored_way_rule	1314876874	{oneway:bicycle=no}
ignored_way_rule	1314876876	{oneway:bicycle=no}
ignored_way_rule	1314876879	{oneway:bicycle=no}
ignored_way_rule	1324967851	{access=private}
ignored_way_rule	1324967852	{access=private}
ignored_way_rule	1324967853	{access=private}
ignored_way_rule	1324967854	{access=private}
ignored_way_rule	1337625380	{access=private}
ignored_way_rule	1337625381	{access=private}
ignored_way_rule	1337625382	{access=private}
ignored_way_rule	1337625383	{access=private}
ignored_way_rule	1337625384	{access=private}
ignored_way_rule	1346155029	{access=permit}
ignored_way_rule	1347329156	{access=private}
ignored_way_rule	1347329157	{access=private}
ignored_way_rule	1347591867	{oneway:bicycle=no}
ignored_way_rule	1353876380	{access=private}
ignored_way_rule	1353878936	{access=private}
ignored_way_rule	1353878937	{access=private}
ignored_way_rule	1353878938	{access=private}
ignored_way_rule	1353878942	{access=permit}
ignored_way_rule	1353878943	{access=permit}
ignored_way_rule	1353878944	{access=permit}
ignored_way_rule	1353878945	{access=permit}
ignored_way_rule	1353878946	{access=permit}
ignored_way_rule	1353878947	{access=permit}
ignored_way_rule	1353878948	{access=permit}
ignored_way_rule	1353878949	{access=permit}
ignored_way_rule	1353878950	{access=permit}
ignored_way_rule	1353878959	{access=permit}
ignored_way_rule	1353878960	{access=permit}
ignored_way_rule	1356816642	{oneway:bicycle=no}
ignored_way_rule	1356816643	{oneway:bicycle=no}
ignored_way_rule	1357218110	{oneway:bicycle=no}
ignored_way_rule	1357955324	{oneway:bicycle=no}
ignored_way_rule	1357955327	{oneway:bicycle=no}
ignored_way_rule	1360654843	{oneway:bicycle=no}
ignored_way_rule	1360654849	{oneway:bicycle=no}
ignored_way_rule	1360654851	{oneway:bicycle=no}
ignored_way_rule	1360654852	{oneway:bicycle=no}
ignored_way_rule	1360811091	{oneway:bicycle=no}
ignored_way_rule	1383001563	{oneway:bicycle=no}
ignored_way_rule	1383001564	{oneway:bicycle=no}
ignored_way_rule	1383663388	{motor_vehicle=private}
ignored_way_rule	1383663389	{motor_vehicle=private}
ignored_way_rule	1383663391	{motor_vehicle=private}
ignored_way_rule	1383663392	{motor_vehicle=private}
ignored_way_rule	1383663401	{motor_vehicle=private}
ignored_way_rule	1383663424	{access=private}
ignored_way_rule	1383663425	{access=private}
ignored_way_rule	1389001671	{motor_vehicle=private}
ignored_way_rule	1391522047	{access=private}
ignored_way_rule	1391534398	{access=private}
ignored_way_rule	1395433981	{access=private}
ignored_way_rule	1395433994	{access=private}
ignored_way_rule	1395433995	{access=private}
ignored_way_rule	1395433996	{access=private}
ignored_way_rule	1408751700	{oneway:bicycle=yes}
ignored_way_rule	1408751702	{oneway:bicycle=yes}
ignored_way_rule	1408758904	{oneway:bicycle=yes}
ignored_way_rule	1413420616	{access=permit}
ignored_way_rule	1413531449	{access=permit}
ignored_way_rule	1414352220	{access=permit}
ignored_way_rule	1414352221	{access=permit}
ignored_way_rule	1414352222	{access=permit}
ignored_way_rule	1414352223	{access=permit}
ignored_way_rule	1415427548	{oneway:bicycle=no}
ignored_way_rule	1415524149	{access=private}
ignored_way_rule	1415524150	{access=private}
ignored_way_rule	1415524154	{access=private}
ignored_way_rule	1417456210	{access=private}
ignored_way_rule	1417456211	{access=private}
ignored_way_rule	1417456215	{access=private}
ignored_way_rule	1419179435	{access=private}
ignored_way_rule	1420100029	{oneway:bicycle=yes}
ignored_way_rule	1422456259	{motor_vehicle=permit}
ignored_way_rule	1433621428	{access=permit}
ignored_way_rule	1433621429	{access=permit}
ignored_way_rule	1441590130	{motor_vehicle=private}
ignored_way_rule	1441620378	{access=private}
ignored_way_rule	1443489698	{access:lanes=no|yes|yes|yes}
ignored_way_rule	1443678330	{access:lanes=no|yes|yes|yes|yes}
ignored_way_rule	1443678333	{access:lanes=no|yes|yes}
ignored_way_rule	1443678336	{access:lanes=no|yes|yes}
ignored_way_rule	1443678337	{access:lanes=no|yes|yes}
ignored_way_rule	1443678338	{access:lanes=no|yes|yes}
ignored_way_rule	1443678340	{access:lanes=no|yes|yes|yes}
ignored_way_rule	1443678341	{access:lanes=no|yes|yes|yes|yes}
ignored_way_rule	1443678345	{access:lanes=no|yes|yes|yes|yes|yes}
ignored_way_rule	1443678347	{access:lanes=no|yes|yes|yes|yes}
ignored_way_rule	1443678348	{access:lanes=no|yes|yes|yes}
ignored_way_rule	1443678352	{access:lanes=no|yes|yes|yes}
ignored_way_rule	1443678355	{access:lanes=no|yes|yes|yes|yes}
ignored_way_rule	1443678358	{access:lanes=no|yes|yes|yes}
ignored_way_rule	1443678361	{access:lanes=no|yes|yes}
ignored_way_rule	1443678364	{access:lanes=no|yes|yes|yes|yes}
ignored_way_rule	1443678367	{access:lanes=no|yes|yes|yes}
ignored_way_rule	1445898486	{motor_vehicle=private}
ignored_way_rule	1450824341	{access:lanes=no|yes|yes}
ignored_way_rule	1450824342	{access:lanes=no|yes|yes}
ignored_way_rule	1450824344	{access:lanes=no|yes|yes}
ignored_way_rule	1454229461	{access=private}
ignored_way_rule	1454229466	{access=private}
ignored_way_rule	1455063491	{access=private}
ignored_way_rule	1455063492	{access=private}
ignored_way_rule	1455063494	{access=private}
ignored_way_rule	1455210369	{oneway:bicycle=yes}
ignored_way_rule	1455210371	{oneway:bicycle=yes}
ignored_way_rule	1455518730	{access:conditional=no@(06:00-23:00)}
ignored_way_rule	1455526426	{oneway:bicycle=yes}
ignored_way_rule	1455526427	{oneway:bicycle=yes}
ignored_way_rule	1456115789	{oneway:bicycle=yes}
ignored_way_rule	1456115797	{oneway:bicycle=yes}
ignored_way_rule	1456115798	{oneway:bicycle=yes}
ignored_way_rule	1456115800	{oneway:bicycle=yes}
ignored_way_rule	1456115801	{oneway:bicycle=yes}
ignored_way_rule	1457217154	{access=private}
ignored_way_rule	1457217160	{access=private}
ignored_way_rule	1478788849	{oneway:bicycle=no}
ignored_way_rule	1478788859	{oneway:bicycle=no}
ignored_way_rule	1484619893	{oneway:bicycle=yes}
ignored_way_rule	1484619896	{oneway:bicycle=yes}
ignored_way_rule	1484619906	{oneway:bicycle=yes}
ignored_way_rule	1495048746	{motor_vehicle=private}
ignored_way_rule	1495438675	{oneway:bicycle=yes}
ignored_way_rule	1495438677	{oneway:bicycle=yes}
ignored_way_rule	1496245513	{motor_vehicle:conditional=no @ (Su 09:00-22:00)}
ignored_way_rule	1497541783	{access=permit}
ignored_way_rule	1501145369	{access:conditional=no @ (Mo-Fr 08:00-09:00; PH off)}
ignored_way_rule	1501824264	{oneway:bicycle=yes}
ignored_way_rule	1501824266	{oneway:bicycle=yes}
ignored_way_rule	1507882815	{oneway:bus=no}
ignored_way_rule	1507882817	{oneway:bus=no}
ignored_way_rule	1507882818	{oneway:bus=no}
ignored_way_rule	1507882819	{oneway:bus=no}
ignored_way_rule	1508343222	{motor_vehicle=private}
ignored_way_rule	1514421189	{oneway:bicycle=yes}
ignored_way_rule	1514421190	{oneway:bicycle=yes}
ignored_way_rule	1523961150	{oneway:bicycle=yes}
ignored_way_rule	1523961152	{oneway:bicycle=yes}
ignored_way_rule	1530253462	{access=permit}
ignored_way_rule	1530273896	{access=private}
ignored_way_rule	1530273897	{access=permit}
ignored_way_rule	1530273898	{access=permit}
ignored_way_rule	1530273899	{access=permit}
ignored_way_rule	1530273905	{access=private}
ignored_way_rule	1532248366	{oneway:bicycle=yes}
ignored_way_rule	1532248367	{oneway:bicycle=yes}
ignored_way_rule	1532248368	{oneway:bicycle=yes}
ignored_way_rule	1532248369	{oneway:bicycle=yes}
ignored_way_rule	1532248370	{oneway:bicycle=yes}
ignored_way_rule	1532248371	{oneway:bicycle=yes}
ignored_way_rule	1532248372	{oneway:bicycle=yes}
ignored_way_rule	1536659790	{oneway:bicycle=yes}
ignored_way_rule	1547076642	{access=private}
ignored_way_rule	1548495173	{access=permit}
ignored_way_rule	1548973832	{motor_vehicle=private}
ignored_way_rule	1548973833	{motor_vehicle=private}
ignored_way_rule	1548973834	{motor_vehicle=private}
ignored_way_rule	1548973836	{motor_vehicle=private}
ignored_way_rule	1548973837	{motor_vehicle=private}
ignored_way_rule	1548973838	{motor_vehicle=private}
ignored_way_rule	1548973839	{motor_vehicle=private}
ignored_way_rule	1548973840	{motor_vehicle=private}
excluded_way	1554008834	explicit_car_access_no
way	1554008834	explicit_car_access_no
excluded_way	1110466349	explicit_car_access_no
way	1110466349	explicit_car_access_no
excluded_way	892349080	explicit_car_access_no
way	892349080	explicit_car_access_no
excluded_way	310400790	explicit_car_access_no
way	310400790	explicit_car_access_no
excluded_way	468730709	explicit_car_access_no
way	468730709	explicit_car_access_no
excluded_way	895511008	explicit_car_access_no
way	895511008	explicit_car_access_no
excluded_way	895510998	explicit_car_access_no
way	895510998	explicit_car_access_no
excluded_way	895511004	explicit_car_access_no
way	895511004	explicit_car_access_no
excluded_way	642795510	explicit_car_access_no
way	642795510	explicit_car_access_no
excluded_way	642795792	explicit_car_access_no
way	642795792	explicit_car_access_no
excluded_way	642795793	explicit_car_access_no
way	642795793	explicit_car_access_no
excluded_way	642795794	explicit_car_access_no
way	642795794	explicit_car_access_no
excluded_way	642795795	explicit_car_access_no
way	642795795	explicit_car_access_no
excluded_way	642795796	explicit_car_access_no
way	642795796	explicit_car_access_no
excluded_way	642795797	explicit_car_access_no
way	642795797	explicit_car_access_no
excluded_way	642795798	explicit_car_access_no
way	642795798	explicit_car_access_no
excluded_way	642795790	explicit_car_access_no
way	642795790	explicit_car_access_no
excluded_way	642795791	explicit_car_access_no
way	642795791	explicit_car_access_no
excluded_way	642798081	explicit_car_access_no
way	642798081	explicit_car_access_no
excluded_way	642798083	explicit_car_access_no
way	642798083	explicit_car_access_no
excluded_way	642798085	explicit_car_access_no
way	642798085	explicit_car_access_no
excluded_way	642798086	explicit_car_access_no
way	642798086	explicit_car_access_no
excluded_way	642798087	explicit_car_access_no
way	642798087	explicit_car_access_no
excluded_way	642798088	explicit_car_access_no
way	642798088	explicit_car_access_no
excluded_way	642798089	explicit_car_access_no
way	642798089	explicit_car_access_no
excluded_way	642798078	explicit_car_access_no
way	642798078	explicit_car_access_no
excluded_way	1528832678	explicit_car_access_no
way	1528832678	explicit_car_access_no
excluded_way	465594246	explicit_car_access_no
way	465594246	explicit_car_access_no
excluded_way	1068543914	explicit_car_access_no
way	1068543914	explicit_car_access_no
excluded_way	1268838168	explicit_car_access_no
way	1268838168	explicit_car_access_no
excluded_way	469803044	explicit_car_access_no
way	469803044	explicit_car_access_no
excluded_way	469803703	explicit_car_access_no
way	469803703	explicit_car_access_no
excluded_way	1245741240	explicit_car_access_no
way	1245741240	explicit_car_access_no
excluded_way	1245741241	explicit_car_access_no
way	1245741241	explicit_car_access_no
excluded_way	446747955	explicit_car_access_no
way	446747955	explicit_car_access_no
excluded_way	782302775	explicit_car_access_no
way	782302775	explicit_car_access_no
excluded_way	522255779	explicit_car_access_no
way	522255779	explicit_car_access_no
excluded_way	470874980	explicit_car_access_no
way	470874980	explicit_car_access_no
excluded_way	568381027	explicit_car_access_no
way	568381027	explicit_car_access_no
excluded_way	568381033	explicit_car_access_no
way	568381033	explicit_car_access_no
excluded_way	588304703	explicit_car_access_no
way	588304703	explicit_car_access_no
excluded_way	588304705	explicit_car_access_no
way	588304705	explicit_car_access_no
excluded_way	588304707	explicit_car_access_no
way	588304707	explicit_car_access_no
excluded_way	1059113285	explicit_car_access_no
way	1059113285	explicit_car_access_no
excluded_way	1059113286	explicit_car_access_no
way	1059113286	explicit_car_access_no
excluded_way	1014054377	explicit_car_access_no
way	1014054377	explicit_car_access_no
excluded_way	1038169055	explicit_car_access_no
way	1038169055	explicit_car_access_no
excluded_way	381750961	explicit_car_access_no
way	381750961	explicit_car_access_no
excluded_way	1151429571	explicit_car_access_no
way	1151429571	explicit_car_access_no
excluded_way	1151429572	explicit_car_access_no
way	1151429572	explicit_car_access_no
excluded_way	1151429574	explicit_car_access_no
way	1151429574	explicit_car_access_no
excluded_way	1151429577	explicit_car_access_no
way	1151429577	explicit_car_access_no
excluded_way	1151429584	explicit_car_access_no
way	1151429584	explicit_car_access_no
excluded_way	1151429588	explicit_car_access_no
way	1151429588	explicit_car_access_no
excluded_way	1151429590	explicit_car_access_no
way	1151429590	explicit_car_access_no
excluded_way	1151429592	explicit_car_access_no
way	1151429592	explicit_car_access_no
excluded_way	877752992	explicit_car_access_no
way	877752992	explicit_car_access_no
excluded_way	877752995	explicit_car_access_no
way	877752995	explicit_car_access_no
excluded_way	877752994	explicit_car_access_no
way	877752994	explicit_car_access_no
excluded_way	877752997	explicit_car_access_no
way	877752997	explicit_car_access_no
excluded_way	877752996	explicit_car_access_no
way	877752996	explicit_car_access_no
excluded_way	805404602	explicit_car_access_no
way	805404602	explicit_car_access_no
excluded_way	469845285	explicit_car_access_no
way	469845285	explicit_car_access_no
excluded_way	558977346	explicit_car_access_no
way	558977346	explicit_car_access_no
excluded_way	1207031114	explicit_car_access_no
way	1207031114	explicit_car_access_no
excluded_way	471970364	explicit_car_access_no
way	471970364	explicit_car_access_no
excluded_way	813795127	explicit_car_access_no
way	813795127	explicit_car_access_no
excluded_way	813795129	explicit_car_access_no
way	813795129	explicit_car_access_no
excluded_way	813795128	explicit_car_access_no
way	813795128	explicit_car_access_no
excluded_way	813795131	explicit_car_access_no
way	813795131	explicit_car_access_no
excluded_way	813795130	explicit_car_access_no
way	813795130	explicit_car_access_no
excluded_way	813795133	explicit_car_access_no
way	813795133	explicit_car_access_no
excluded_way	813795132	explicit_car_access_no
way	813795132	explicit_car_access_no
excluded_way	813795134	explicit_car_access_no
way	813795134	explicit_car_access_no
excluded_way	813795137	explicit_car_access_no
way	813795137	explicit_car_access_no
excluded_way	813795136	explicit_car_access_no
way	813795136	explicit_car_access_no
excluded_way	813795139	explicit_car_access_no
way	813795139	explicit_car_access_no
excluded_way	813795138	explicit_car_access_no
way	813795138	explicit_car_access_no
excluded_way	813795141	explicit_car_access_no
way	813795141	explicit_car_access_no
excluded_way	813795140	explicit_car_access_no
way	813795140	explicit_car_access_no
excluded_way	813795143	explicit_car_access_no
way	813795143	explicit_car_access_no
excluded_way	813795142	explicit_car_access_no
way	813795142	explicit_car_access_no
excluded_way	813795145	explicit_car_access_no
way	813795145	explicit_car_access_no
excluded_way	813795144	explicit_car_access_no
way	813795144	explicit_car_access_no
excluded_way	813795147	explicit_car_access_no
way	813795147	explicit_car_access_no
excluded_way	813795146	explicit_car_access_no
way	813795146	explicit_car_access_no
excluded_way	381808984	explicit_car_access_no
way	381808984	explicit_car_access_no
excluded_way	756166407	explicit_car_access_no
way	756166407	explicit_car_access_no
excluded_way	415374926	explicit_car_access_no
way	415374926	explicit_car_access_no
excluded_way	618804718	explicit_car_access_no
way	618804718	explicit_car_access_no
excluded_way	1083331824	explicit_car_access_no
way	1083331824	explicit_car_access_no
excluded_way	788674859	explicit_car_access_no
way	788674859	explicit_car_access_no
excluded_way	380764590	explicit_car_access_no
way	380764590	explicit_car_access_no
excluded_way	380764487	explicit_car_access_no
way	380764487	explicit_car_access_no
excluded_way	380764492	explicit_car_access_no
way	380764492	explicit_car_access_no
excluded_way	364000296	explicit_car_access_no
way	364000296	explicit_car_access_no
excluded_way	379724405	explicit_car_access_no
way	379724405	explicit_car_access_no
excluded_way	379724377	explicit_car_access_no
way	379724377	explicit_car_access_no
excluded_way	282209700	explicit_car_access_no
way	282209700	explicit_car_access_no
excluded_way	1381133418	explicit_car_access_no
way	1381133418	explicit_car_access_no
excluded_way	910327399	explicit_car_access_no
way	910327399	explicit_car_access_no
excluded_way	910327397	explicit_car_access_no
way	910327397	explicit_car_access_no
excluded_way	813858778	explicit_car_access_no
way	813858778	explicit_car_access_no
excluded_way	813858777	explicit_car_access_no
way	813858777	explicit_car_access_no
excluded_way	975333470	explicit_car_access_no
way	975333470	explicit_car_access_no
excluded_way	833775282	explicit_car_access_no
way	833775282	explicit_car_access_no
excluded_way	833775283	explicit_car_access_no
way	833775283	explicit_car_access_no
excluded_way	833775280	explicit_car_access_no
way	833775280	explicit_car_access_no
excluded_way	1052927750	explicit_car_access_no
way	1052927750	explicit_car_access_no
excluded_way	538081757	explicit_car_access_no
way	538081757	explicit_car_access_no
excluded_way	538081762	explicit_car_access_no
way	538081762	explicit_car_access_no
excluded_way	712133741	explicit_car_access_no
way	712133741	explicit_car_access_no
excluded_way	609377959	explicit_car_access_no
way	609377959	explicit_car_access_no
excluded_way	1283637466	explicit_car_access_no
way	1283637466	explicit_car_access_no
excluded_way	706914107	explicit_car_access_no
way	706914107	explicit_car_access_no
excluded_way	666023928	explicit_car_access_no
way	666023928	explicit_car_access_no
excluded_way	910337881	explicit_car_access_no
way	910337881	explicit_car_access_no
excluded_way	469927071	explicit_car_access_no
way	469927071	explicit_car_access_no
excluded_way	33727164	explicit_car_access_no
way	33727164	explicit_car_access_no
excluded_way	472038931	explicit_car_access_no
way	472038931	explicit_car_access_no
excluded_way	480422974	explicit_car_access_no
way	480422974	explicit_car_access_no
excluded_way	480422975	explicit_car_access_no
way	480422975	explicit_car_access_no
excluded_way	448977539	explicit_car_access_no
way	448977539	explicit_car_access_no
excluded_way	448977698	explicit_car_access_no
way	448977698	explicit_car_access_no
excluded_way	379766295	explicit_car_access_no
way	379766295	explicit_car_access_no
excluded_way	1465038694	explicit_car_access_no
way	1465038694	explicit_car_access_no
excluded_way	459472320	explicit_car_access_no
way	459472320	explicit_car_access_no
excluded_way	459472326	explicit_car_access_no
way	459472326	explicit_car_access_no
excluded_way	459472324	explicit_car_access_no
way	459472324	explicit_car_access_no
excluded_way	706921320	explicit_car_access_no
way	706921320	explicit_car_access_no
excluded_way	1004718837	explicit_car_access_no
way	1004718837	explicit_car_access_no
excluded_way	237173264	explicit_car_access_no
way	237173264	explicit_car_access_no
excluded_way	707995072	explicit_car_access_no
way	707995072	explicit_car_access_no
excluded_way	1446208397	explicit_car_access_no
way	1446208397	explicit_car_access_no
excluded_way	1446208396	explicit_car_access_no
way	1446208396	explicit_car_access_no
excluded_way	459481563	explicit_car_access_no
way	459481563	explicit_car_access_no
excluded_way	459481561	explicit_car_access_no
way	459481561	explicit_car_access_no
excluded_way	758322151	explicit_car_access_no
way	758322151	explicit_car_access_no
excluded_way	758322148	explicit_car_access_no
way	758322148	explicit_car_access_no
excluded_way	788730025	explicit_car_access_no
way	788730025	explicit_car_access_no
excluded_way	1497589402	explicit_car_access_no
way	1497589402	explicit_car_access_no
excluded_way	1132661290	explicit_car_access_no
way	1132661290	explicit_car_access_no
excluded_way	781418404	explicit_car_access_no
way	781418404	explicit_car_access_no
excluded_way	173239109	explicit_car_access_no
way	173239109	explicit_car_access_no
excluded_way	602097726	explicit_car_access_no
way	602097726	explicit_car_access_no
excluded_way	380861439	explicit_car_access_no
way	380861439	explicit_car_access_no
excluded_way	1007926308	explicit_car_access_no
way	1007926308	explicit_car_access_no
excluded_way	1056160004	explicit_car_access_no
way	1056160004	explicit_car_access_no
excluded_way	452169174	explicit_car_access_no
way	452169174	explicit_car_access_no
excluded_way	452169172	explicit_car_access_no
way	452169172	explicit_car_access_no
excluded_way	643021292	explicit_car_access_no
way	643021292	explicit_car_access_no
excluded_way	1242818713	explicit_car_access_no
way	1242818713	explicit_car_access_no
excluded_way	424913096	explicit_car_access_no
way	424913096	explicit_car_access_no
excluded_way	1378085783	explicit_car_access_no
way	1378085783	explicit_car_access_no
excluded_way	636741864	explicit_car_access_no
way	636741864	explicit_car_access_no
excluded_way	1110679057	explicit_car_access_no
way	1110679057	explicit_car_access_no
excluded_way	1519617331	explicit_car_access_no
way	1519617331	explicit_car_access_no
excluded_way	470022805	explicit_car_access_no
way	470022805	explicit_car_access_no
excluded_way	470022808	explicit_car_access_no
way	470022808	explicit_car_access_no
excluded_way	228846093	explicit_car_access_no
way	228846093	explicit_car_access_no
excluded_way	816044275	explicit_car_access_no
way	816044275	explicit_car_access_no
excluded_way	816044274	explicit_car_access_no
way	816044274	explicit_car_access_no
excluded_way	816044278	explicit_car_access_no
way	816044278	explicit_car_access_no
excluded_way	816044277	explicit_car_access_no
way	816044277	explicit_car_access_no
excluded_way	816044276	explicit_car_access_no
way	816044276	explicit_car_access_no
excluded_way	816044283	explicit_car_access_no
way	816044283	explicit_car_access_no
excluded_way	816044282	explicit_car_access_no
way	816044282	explicit_car_access_no
excluded_way	816044287	explicit_car_access_no
way	816044287	explicit_car_access_no
excluded_way	816044286	explicit_car_access_no
way	816044286	explicit_car_access_no
excluded_way	816044285	explicit_car_access_no
way	816044285	explicit_car_access_no
excluded_way	816044284	explicit_car_access_no
way	816044284	explicit_car_access_no
excluded_way	468972299	explicit_car_access_no
way	468972299	explicit_car_access_no
excluded_way	393470650	explicit_car_access_no
way	393470650	explicit_car_access_no
excluded_way	922996667	explicit_car_access_no
way	922996667	explicit_car_access_no
excluded_way	258223834	explicit_car_access_no
way	258223834	explicit_car_access_no
excluded_way	1046743277	explicit_car_access_no
way	1046743277	explicit_car_access_no
excluded_way	1046743278	explicit_car_access_no
way	1046743278	explicit_car_access_no
excluded_way	1046743279	explicit_car_access_no
way	1046743279	explicit_car_access_no
excluded_way	1046743280	explicit_car_access_no
way	1046743280	explicit_car_access_no
excluded_way	1046743281	explicit_car_access_no
way	1046743281	explicit_car_access_no
excluded_way	908354239	explicit_car_access_no
way	908354239	explicit_car_access_no
excluded_way	908354246	explicit_car_access_no
way	908354246	explicit_car_access_no
excluded_way	908354240	explicit_car_access_no
way	908354240	explicit_car_access_no
excluded_way	908354243	explicit_car_access_no
way	908354243	explicit_car_access_no
excluded_way	908354253	explicit_car_access_no
way	908354253	explicit_car_access_no
excluded_way	908354255	explicit_car_access_no
way	908354255	explicit_car_access_no
excluded_way	908354249	explicit_car_access_no
way	908354249	explicit_car_access_no
excluded_way	908354256	explicit_car_access_no
way	908354256	explicit_car_access_no
excluded_way	1046781594	explicit_car_access_no
way	1046781594	explicit_car_access_no
excluded_way	714383037	explicit_car_access_no
way	714383037	explicit_car_access_no
excluded_way	714383035	explicit_car_access_no
way	714383035	explicit_car_access_no
excluded_way	714383045	explicit_car_access_no
way	714383045	explicit_car_access_no
excluded_way	714383042	explicit_car_access_no
way	714383042	explicit_car_access_no
excluded_way	474260461	explicit_car_access_no
way	474260461	explicit_car_access_no
excluded_way	474260465	explicit_car_access_no
way	474260465	explicit_car_access_no
excluded_way	474260466	explicit_car_access_no
way	474260466	explicit_car_access_no
excluded_way	908364245	explicit_car_access_no
way	908364245	explicit_car_access_no
excluded_way	908364246	explicit_car_access_no
way	908364246	explicit_car_access_no
excluded_way	1136955243	explicit_car_access_no
way	1136955243	explicit_car_access_no
excluded_way	474271886	explicit_car_access_no
way	474271886	explicit_car_access_no
excluded_way	474271898	explicit_car_access_no
way	474271898	explicit_car_access_no
excluded_way	474271899	explicit_car_access_no
way	474271899	explicit_car_access_no
excluded_way	378848067	explicit_car_access_no
way	378848067	explicit_car_access_no
excluded_way	469027959	explicit_car_access_no
way	469027959	explicit_car_access_no
excluded_way	1174707219	explicit_car_access_no
way	1174707219	explicit_car_access_no
excluded_way	772066842	explicit_car_access_no
way	772066842	explicit_car_access_no
excluded_way	379910135	explicit_car_access_no
way	379910135	explicit_car_access_no
excluded_way	1067764879	explicit_car_access_no
way	1067764879	explicit_car_access_no
excluded_way	474276057	explicit_car_access_no
way	474276057	explicit_car_access_no
excluded_way	474275969	explicit_car_access_no
way	474275969	explicit_car_access_no
excluded_way	474276017	explicit_car_access_no
way	474276017	explicit_car_access_no
excluded_way	474276028	explicit_car_access_no
way	474276028	explicit_car_access_no
excluded_way	474276029	explicit_car_access_no
way	474276029	explicit_car_access_no
excluded_way	474276027	explicit_car_access_no
way	474276027	explicit_car_access_no
excluded_way	1054159556	explicit_car_access_no
way	1054159556	explicit_car_access_no
excluded_way	1054159537	explicit_car_access_no
way	1054159537	explicit_car_access_no
excluded_way	1054159536	explicit_car_access_no
way	1054159536	explicit_car_access_no
excluded_way	1054159549	explicit_car_access_no
way	1054159549	explicit_car_access_no
excluded_way	1054159548	explicit_car_access_no
way	1054159548	explicit_car_access_no
excluded_way	469047181	explicit_car_access_no
way	469047181	explicit_car_access_no
excluded_way	469047180	explicit_car_access_no
way	469047180	explicit_car_access_no
excluded_way	469047183	explicit_car_access_no
way	469047183	explicit_car_access_no
excluded_way	1054159535	explicit_car_access_no
way	1054159535	explicit_car_access_no
excluded_way	469047182	explicit_car_access_no
way	469047182	explicit_car_access_no
excluded_way	469047177	explicit_car_access_no
way	469047177	explicit_car_access_no
excluded_way	469047176	explicit_car_access_no
way	469047176	explicit_car_access_no
excluded_way	469047179	explicit_car_access_no
way	469047179	explicit_car_access_no
excluded_way	469047178	explicit_car_access_no
way	469047178	explicit_car_access_no
excluded_way	654652781	explicit_car_access_no
way	654652781	explicit_car_access_no
excluded_way	1209363716	explicit_car_access_no
way	1209363716	explicit_car_access_no
excluded_way	1209363719	explicit_car_access_no
way	1209363719	explicit_car_access_no
excluded_way	1209363718	explicit_car_access_no
way	1209363718	explicit_car_access_no
excluded_way	1014306690	explicit_car_access_no
way	1014306690	explicit_car_access_no
excluded_way	767892815	explicit_car_access_no
way	767892815	explicit_car_access_no
excluded_way	767892814	explicit_car_access_no
way	767892814	explicit_car_access_no
excluded_way	767892816	explicit_car_access_no
way	767892816	explicit_car_access_no
excluded_way	1206220501	explicit_car_access_no
way	1206220501	explicit_car_access_no
excluded_way	1206220500	explicit_car_access_no
way	1206220500	explicit_car_access_no
excluded_way	1014301843	explicit_car_access_no
way	1014301843	explicit_car_access_no
excluded_way	562370751	explicit_car_access_no
way	562370751	explicit_car_access_no
excluded_way	461710063	explicit_car_access_no
way	461710063	explicit_car_access_no
excluded_way	301279808	explicit_car_access_no
way	301279808	explicit_car_access_no
excluded_way	1014301422	explicit_car_access_no
way	1014301422	explicit_car_access_no
excluded_way	1014301401	explicit_car_access_no
way	1014301401	explicit_car_access_no
excluded_way	990211074	explicit_car_access_no
way	990211074	explicit_car_access_no
excluded_way	1192573786	explicit_car_access_no
way	1192573786	explicit_car_access_no
excluded_way	1147520798	explicit_car_access_no
way	1147520798	explicit_car_access_no
excluded_way	1192614810	explicit_car_access_no
way	1192614810	explicit_car_access_no
excluded_way	278242780	explicit_car_access_no
way	278242780	explicit_car_access_no
excluded_way	793089319	explicit_car_access_no
way	793089319	explicit_car_access_no
excluded_way	793089320	explicit_car_access_no
way	793089320	explicit_car_access_no
excluded_way	1180010741	explicit_car_access_no
way	1180010741	explicit_car_access_no
excluded_way	1198890283	explicit_car_access_no
way	1198890283	explicit_car_access_no
excluded_way	1017504136	explicit_car_access_no
way	1017504136	explicit_car_access_no
excluded_way	1017504148	explicit_car_access_no
way	1017504148	explicit_car_access_no
excluded_way	821419515	explicit_car_access_no
way	821419515	explicit_car_access_no
excluded_way	583411470	explicit_car_access_no
way	583411470	explicit_car_access_no
excluded_way	583411471	explicit_car_access_no
way	583411471	explicit_car_access_no
excluded_way	583411468	explicit_car_access_no
way	583411468	explicit_car_access_no
excluded_way	583411469	explicit_car_access_no
way	583411469	explicit_car_access_no
excluded_way	583411466	explicit_car_access_no
way	583411466	explicit_car_access_no
excluded_way	583411467	explicit_car_access_no
way	583411467	explicit_car_access_no
excluded_way	583411474	explicit_car_access_no
way	583411474	explicit_car_access_no
excluded_way	583411475	explicit_car_access_no
way	583411475	explicit_car_access_no
excluded_way	583411472	explicit_car_access_no
way	583411472	explicit_car_access_no
excluded_way	583411473	explicit_car_access_no
way	583411473	explicit_car_access_no
excluded_way	1332103498	explicit_car_access_no
way	1332103498	explicit_car_access_no
excluded_way	1332103496	explicit_car_access_no
way	1332103496	explicit_car_access_no
excluded_way	303437050	explicit_car_access_no
way	303437050	explicit_car_access_no
excluded_way	583412454	explicit_car_access_no
way	583412454	explicit_car_access_no
excluded_way	583412452	explicit_car_access_no
way	583412452	explicit_car_access_no
excluded_way	583412451	explicit_car_access_no
way	583412451	explicit_car_access_no
excluded_way	583412456	explicit_car_access_no
way	583412456	explicit_car_access_no
excluded_way	583412457	explicit_car_access_no
way	583412457	explicit_car_access_no
excluded_way	583412700	explicit_car_access_no
way	583412700	explicit_car_access_no
excluded_way	583412701	explicit_car_access_no
way	583412701	explicit_car_access_no
excluded_way	642133900	explicit_car_access_no
way	642133900	explicit_car_access_no
excluded_way	642133898	explicit_car_access_no
way	642133898	explicit_car_access_no
excluded_way	642133899	explicit_car_access_no
way	642133899	explicit_car_access_no
excluded_way	642133896	explicit_car_access_no
way	642133896	explicit_car_access_no
excluded_way	642133897	explicit_car_access_no
way	642133897	explicit_car_access_no
excluded_way	1188449600	explicit_car_access_no
way	1188449600	explicit_car_access_no
excluded_way	897975579	explicit_car_access_no
way	897975579	explicit_car_access_no
excluded_way	897975577	explicit_car_access_no
way	897975577	explicit_car_access_no
excluded_way	897975590	explicit_car_access_no
way	897975590	explicit_car_access_no
excluded_way	897975591	explicit_car_access_no
way	897975591	explicit_car_access_no
excluded_way	897975598	explicit_car_access_no
way	897975598	explicit_car_access_no
excluded_way	897975599	explicit_car_access_no
way	897975599	explicit_car_access_no
excluded_way	897975596	explicit_car_access_no
way	897975596	explicit_car_access_no
excluded_way	897975597	explicit_car_access_no
way	897975597	explicit_car_access_no
excluded_way	897975594	explicit_car_access_no
way	897975594	explicit_car_access_no
excluded_way	897975592	explicit_car_access_no
way	897975592	explicit_car_access_no
excluded_way	897975593	explicit_car_access_no
way	897975593	explicit_car_access_no
excluded_way	1468427735	explicit_car_access_no
way	1468427735	explicit_car_access_no
excluded_way	1468426500	explicit_car_access_no
way	1468426500	explicit_car_access_no
excluded_way	1468426498	explicit_car_access_no
way	1468426498	explicit_car_access_no
excluded_way	1468426499	explicit_car_access_no
way	1468426499	explicit_car_access_no
excluded_way	1468426497	explicit_car_access_no
way	1468426497	explicit_car_access_no
excluded_way	470173730	explicit_car_access_no
way	470173730	explicit_car_access_no
excluded_way	495340530	explicit_car_access_no
way	495340530	explicit_car_access_no
excluded_way	689327901	explicit_car_access_no
way	689327901	explicit_car_access_no
excluded_way	615924233	explicit_car_access_no
way	615924233	explicit_car_access_no
excluded_way	38170550	explicit_car_access_no
way	38170550	explicit_car_access_no
excluded_way	916865054	explicit_car_access_no
way	916865054	explicit_car_access_no
excluded_way	916865055	explicit_car_access_no
way	916865055	explicit_car_access_no
excluded_way	381054823	explicit_car_access_no
way	381054823	explicit_car_access_no
excluded_way	381054829	explicit_car_access_no
way	381054829	explicit_car_access_no
excluded_way	1548101223	explicit_car_access_no
way	1548101223	explicit_car_access_no
excluded_way	632726921	explicit_car_access_no
way	632726921	explicit_car_access_no
excluded_way	973514681	explicit_car_access_no
way	973514681	explicit_car_access_no
excluded_way	973514692	explicit_car_access_no
way	973514692	explicit_car_access_no
excluded_way	471254141	explicit_car_access_no
way	471254141	explicit_car_access_no
excluded_way	284619112	explicit_car_access_no
way	284619112	explicit_car_access_no
excluded_way	1210494574	explicit_car_access_no
way	1210494574	explicit_car_access_no
excluded_way	1210494575	explicit_car_access_no
way	1210494575	explicit_car_access_no
excluded_way	1210494572	explicit_car_access_no
way	1210494572	explicit_car_access_no
excluded_way	1210494573	explicit_car_access_no
way	1210494573	explicit_car_access_no
excluded_way	1210494570	explicit_car_access_no
way	1210494570	explicit_car_access_no
excluded_way	1210494571	explicit_car_access_no
way	1210494571	explicit_car_access_no
excluded_way	1210494568	explicit_car_access_no
way	1210494568	explicit_car_access_no
excluded_way	1210494569	explicit_car_access_no
way	1210494569	explicit_car_access_no
excluded_way	1210494580	explicit_car_access_no
way	1210494580	explicit_car_access_no
excluded_way	1210494578	explicit_car_access_no
way	1210494578	explicit_car_access_no
excluded_way	1210494579	explicit_car_access_no
way	1210494579	explicit_car_access_no
excluded_way	473365498	explicit_car_access_no
way	473365498	explicit_car_access_no
excluded_way	448207389	explicit_car_access_no
way	448207389	explicit_car_access_no
excluded_way	470224975	explicit_car_access_no
way	470224975	explicit_car_access_no
excluded_way	1037513472	explicit_car_access_no
way	1037513472	explicit_car_access_no
excluded_way	1037513470	explicit_car_access_no
way	1037513470	explicit_car_access_no
excluded_way	755435895	explicit_car_access_no
way	755435895	explicit_car_access_no
excluded_way	755435896	explicit_car_access_no
way	755435896	explicit_car_access_no
excluded_way	692518958	explicit_car_access_no
way	692518958	explicit_car_access_no
excluded_way	475475356	explicit_car_access_no
way	475475356	explicit_car_access_no
excluded_way	475475823	explicit_car_access_no
way	475475823	explicit_car_access_no
excluded_way	1261925529	explicit_car_access_no
way	1261925529	explicit_car_access_no
excluded_way	558326744	explicit_car_access_no
way	558326744	explicit_car_access_no
excluded_way	465002368	explicit_car_access_no
way	465002368	explicit_car_access_no
excluded_way	784819714	explicit_car_access_no
way	784819714	explicit_car_access_no
excluded_way	1147603097	explicit_car_access_no
way	1147603097	explicit_car_access_no
excluded_way	623345120	explicit_car_access_no
way	623345120	explicit_car_access_no
excluded_way	623345109	explicit_car_access_no
way	623345109	explicit_car_access_no
excluded_way	623345107	explicit_car_access_no
way	623345107	explicit_car_access_no
excluded_way	623345119	explicit_car_access_no
way	623345119	explicit_car_access_no
excluded_way	760706266	explicit_car_access_no
way	760706266	explicit_car_access_no
excluded_way	380073439	explicit_car_access_no
way	380073439	explicit_car_access_no
excluded_way	380073438	explicit_car_access_no
way	380073438	explicit_car_access_no
excluded_way	380073436	explicit_car_access_no
way	380073436	explicit_car_access_no
excluded_way	380073435	explicit_car_access_no
way	380073435	explicit_car_access_no
excluded_way	539448098	explicit_car_access_no
way	539448098	explicit_car_access_no
excluded_way	230127636	explicit_car_access_no
way	230127636	explicit_car_access_no
excluded_way	230127632	explicit_car_access_no
way	230127632	explicit_car_access_no
excluded_way	860309243	explicit_car_access_no
way	860309243	explicit_car_access_no
excluded_way	1011332782	explicit_car_access_no
way	1011332782	explicit_car_access_no
excluded_way	442996085	explicit_car_access_no
way	442996085	explicit_car_access_no
excluded_way	1011331967	explicit_car_access_no
way	1011331967	explicit_car_access_no
excluded_way	1011331980	explicit_car_access_no
way	1011331980	explicit_car_access_no
excluded_way	1011331978	explicit_car_access_no
way	1011331978	explicit_car_access_no
excluded_way	1011331989	explicit_car_access_no
way	1011331989	explicit_car_access_no
excluded_way	1011331987	explicit_car_access_no
way	1011331987	explicit_car_access_no
excluded_way	1011331995	explicit_car_access_no
way	1011331995	explicit_car_access_no
excluded_way	1249368460	explicit_car_access_no
way	1249368460	explicit_car_access_no
excluded_way	1206378323	explicit_car_access_no
way	1206378323	explicit_car_access_no
excluded_way	471312001	explicit_car_access_no
way	471312001	explicit_car_access_no
excluded_way	551001752	explicit_car_access_no
way	551001752	explicit_car_access_no
excluded_way	890755498	explicit_car_access_no
way	890755498	explicit_car_access_no
excluded_way	1443387286	explicit_car_access_no
way	1443387286	explicit_car_access_no
excluded_way	471339497	explicit_car_access_no
way	471339497	explicit_car_access_no
excluded_way	1203262868	explicit_car_access_no
way	1203262868	explicit_car_access_no
excluded_way	1149787478	explicit_car_access_no
way	1149787478	explicit_car_access_no
excluded_way	1149787499	explicit_car_access_no
way	1149787499	explicit_car_access_no
excluded_way	1149787500	explicit_car_access_no
way	1149787500	explicit_car_access_no
excluded_way	1149787501	explicit_car_access_no
way	1149787501	explicit_car_access_no
excluded_way	633879115	explicit_car_access_no
way	633879115	explicit_car_access_no
excluded_way	633879118	explicit_car_access_no
way	633879118	explicit_car_access_no
excluded_way	633879121	explicit_car_access_no
way	633879121	explicit_car_access_no
excluded_way	999824368	explicit_car_access_no
way	999824368	explicit_car_access_no
excluded_way	999824372	explicit_car_access_no
way	999824372	explicit_car_access_no
excluded_way	999824373	explicit_car_access_no
way	999824373	explicit_car_access_no
excluded_way	999824360	explicit_car_access_no
way	999824360	explicit_car_access_no
excluded_way	999824363	explicit_car_access_no
way	999824363	explicit_car_access_no
excluded_way	999824364	explicit_car_access_no
way	999824364	explicit_car_access_no
excluded_way	999824366	explicit_car_access_no
way	999824366	explicit_car_access_no
excluded_way	999824367	explicit_car_access_no
way	999824367	explicit_car_access_no
excluded_way	443038655	explicit_car_access_no
way	443038655	explicit_car_access_no
excluded_way	1047007847	explicit_car_access_no
way	1047007847	explicit_car_access_no
excluded_way	1380482780	explicit_car_access_no
way	1380482780	explicit_car_access_no
excluded_way	516436149	explicit_car_access_no
way	516436149	explicit_car_access_no
excluded_way	516436150	explicit_car_access_no
way	516436150	explicit_car_access_no
excluded_way	516436151	explicit_car_access_no
way	516436151	explicit_car_access_no
excluded_way	539497324	explicit_car_access_no
way	539497324	explicit_car_access_no
excluded_way	539497325	explicit_car_access_no
way	539497325	explicit_car_access_no
excluded_way	539497326	explicit_car_access_no
way	539497326	explicit_car_access_no
excluded_way	471345198	explicit_car_access_no
way	471345198	explicit_car_access_no
excluded_way	218642585	explicit_car_access_no
way	218642585	explicit_car_access_no
excluded_way	218643307	explicit_car_access_no
way	218643307	explicit_car_access_no
excluded_way	471346006	explicit_car_access_no
way	471346006	explicit_car_access_no
excluded_way	1106802336	explicit_car_access_no
way	1106802336	explicit_car_access_no
excluded_way	1106802334	explicit_car_access_no
way	1106802334	explicit_car_access_no
excluded_way	1106802335	explicit_car_access_no
way	1106802335	explicit_car_access_no
excluded_way	900233129	explicit_car_access_no
way	900233129	explicit_car_access_no
excluded_way	900233130	explicit_car_access_no
way	900233130	explicit_car_access_no
excluded_way	900233131	explicit_car_access_no
way	900233131	explicit_car_access_no
excluded_way	900233134	explicit_car_access_no
way	900233134	explicit_car_access_no
excluded_way	900233135	explicit_car_access_no
way	900233135	explicit_car_access_no
excluded_way	900233125	explicit_car_access_no
way	900233125	explicit_car_access_no
excluded_way	900233126	explicit_car_access_no
way	900233126	explicit_car_access_no
excluded_way	900233127	explicit_car_access_no
way	900233127	explicit_car_access_no
excluded_way	900233144	explicit_car_access_no
way	900233144	explicit_car_access_no
excluded_way	900233147	explicit_car_access_no
way	900233147	explicit_car_access_no
excluded_way	900233136	explicit_car_access_no
way	900233136	explicit_car_access_no
excluded_way	900233137	explicit_car_access_no
way	900233137	explicit_car_access_no
excluded_way	900233138	explicit_car_access_no
way	900233138	explicit_car_access_no
excluded_way	900233139	explicit_car_access_no
way	900233139	explicit_car_access_no
excluded_way	900233140	explicit_car_access_no
way	900233140	explicit_car_access_no
excluded_way	900233142	explicit_car_access_no
way	900233142	explicit_car_access_no
excluded_way	900233160	explicit_car_access_no
way	900233160	explicit_car_access_no
excluded_way	900233161	explicit_car_access_no
way	900233161	explicit_car_access_no
excluded_way	900233162	explicit_car_access_no
way	900233162	explicit_car_access_no
excluded_way	900233163	explicit_car_access_no
way	900233163	explicit_car_access_no
excluded_way	900233164	explicit_car_access_no
way	900233164	explicit_car_access_no
excluded_way	900233167	explicit_car_access_no
way	900233167	explicit_car_access_no
excluded_way	900233154	explicit_car_access_no
way	900233154	explicit_car_access_no
excluded_way	900233155	explicit_car_access_no
way	900233155	explicit_car_access_no
excluded_way	900233157	explicit_car_access_no
way	900233157	explicit_car_access_no
excluded_way	900233158	explicit_car_access_no
way	900233158	explicit_car_access_no
excluded_way	900233176	explicit_car_access_no
way	900233176	explicit_car_access_no
excluded_way	900233168	explicit_car_access_no
way	900233168	explicit_car_access_no
excluded_way	900233169	explicit_car_access_no
way	900233169	explicit_car_access_no
excluded_way	900233170	explicit_car_access_no
way	900233170	explicit_car_access_no
excluded_way	900233171	explicit_car_access_no
way	900233171	explicit_car_access_no
excluded_way	900233172	explicit_car_access_no
way	900233172	explicit_car_access_no
excluded_way	900233175	explicit_car_access_no
way	900233175	explicit_car_access_no
excluded_way	678979544	explicit_car_access_no
way	678979544	explicit_car_access_no
excluded_way	678979551	explicit_car_access_no
way	678979551	explicit_car_access_no
excluded_way	678979536	explicit_car_access_no
way	678979536	explicit_car_access_no
excluded_way	678979537	explicit_car_access_no
way	678979537	explicit_car_access_no
excluded_way	678979543	explicit_car_access_no
way	678979543	explicit_car_access_no
excluded_way	48785024	explicit_car_access_no
way	48785024	explicit_car_access_no
excluded_way	976772320	explicit_car_access_no
way	976772320	explicit_car_access_no
excluded_way	976772323	explicit_car_access_no
way	976772323	explicit_car_access_no
excluded_way	976770136	explicit_car_access_no
way	976770136	explicit_car_access_no
excluded_way	474507381	explicit_car_access_no
way	474507381	explicit_car_access_no
excluded_way	465082085	explicit_car_access_no
way	465082085	explicit_car_access_no
excluded_way	468231662	explicit_car_access_no
way	468231662	explicit_car_access_no
excluded_way	468231664	explicit_car_access_no
way	468231664	explicit_car_access_no
excluded_way	293132123	explicit_car_access_no
way	293132123	explicit_car_access_no
excluded_way	931718062	explicit_car_access_no
way	931718062	explicit_car_access_no
excluded_way	931718064	explicit_car_access_no
way	931718064	explicit_car_access_no
excluded_way	931718065	explicit_car_access_no
way	931718065	explicit_car_access_no
excluded_way	1347980157	explicit_car_access_no
way	1347980157	explicit_car_access_no
excluded_way	1347980158	explicit_car_access_no
way	1347980158	explicit_car_access_no
excluded_way	1029230607	explicit_car_access_no
way	1029230607	explicit_car_access_no
excluded_way	1213773977	explicit_car_access_no
way	1213773977	explicit_car_access_no
excluded_way	1213773978	explicit_car_access_no
way	1213773978	explicit_car_access_no
excluded_way	1213773979	explicit_car_access_no
way	1213773979	explicit_car_access_no
excluded_way	1213773968	explicit_car_access_no
way	1213773968	explicit_car_access_no
excluded_way	1213773969	explicit_car_access_no
way	1213773969	explicit_car_access_no
excluded_way	1213773970	explicit_car_access_no
way	1213773970	explicit_car_access_no
excluded_way	1213773972	explicit_car_access_no
way	1213773972	explicit_car_access_no
excluded_way	1213773973	explicit_car_access_no
way	1213773973	explicit_car_access_no
excluded_way	1213773974	explicit_car_access_no
way	1213773974	explicit_car_access_no
excluded_way	1213773975	explicit_car_access_no
way	1213773975	explicit_car_access_no
excluded_way	1213773967	explicit_car_access_no
way	1213773967	explicit_car_access_no
excluded_way	817415125	explicit_car_access_no
way	817415125	explicit_car_access_no
excluded_way	817415126	explicit_car_access_no
way	817415126	explicit_car_access_no
excluded_way	1251524456	explicit_car_access_no
way	1251524456	explicit_car_access_no
excluded_way	1251524458	explicit_car_access_no
way	1251524458	explicit_car_access_no
excluded_way	1213773160	explicit_car_access_no
way	1213773160	explicit_car_access_no
excluded_way	310974657	explicit_car_access_no
way	310974657	explicit_car_access_no
excluded_way	1383689890	explicit_car_access_no
way	1383689890	explicit_car_access_no
excluded_way	468277391	explicit_car_access_no
way	468277391	explicit_car_access_no
excluded_way	1184435620	explicit_car_access_no
way	1184435620	explicit_car_access_no
excluded_way	817463246	explicit_car_access_no
way	817463246	explicit_car_access_no
excluded_way	664365160	explicit_car_access_no
way	664365160	explicit_car_access_no
excluded_way	389643124	explicit_car_access_no
way	389643124	explicit_car_access_no
excluded_way	1069107333	explicit_car_access_no
way	1069107333	explicit_car_access_no
excluded_way	1069107334	explicit_car_access_no
way	1069107334	explicit_car_access_no
excluded_way	279548219	explicit_car_access_no
way	279548219	explicit_car_access_no
excluded_way	1215942399	explicit_car_access_no
way	1215942399	explicit_car_access_no
excluded_way	1012513458	explicit_car_access_no
way	1012513458	explicit_car_access_no
excluded_way	1215942400	explicit_car_access_no
way	1215942400	explicit_car_access_no
excluded_way	279551658	explicit_car_access_no
way	279551658	explicit_car_access_no
excluded_way	420058715	explicit_car_access_no
way	420058715	explicit_car_access_no
excluded_way	420058714	explicit_car_access_no
way	420058714	explicit_car_access_no
excluded_way	420058716	explicit_car_access_no
way	420058716	explicit_car_access_no
excluded_way	420058719	explicit_car_access_no
way	420058719	explicit_car_access_no
excluded_way	420058718	explicit_car_access_no
way	420058718	explicit_car_access_no
excluded_way	420058732	explicit_car_access_no
way	420058732	explicit_car_access_no
excluded_way	420058734	explicit_car_access_no
way	420058734	explicit_car_access_no
excluded_way	420058721	explicit_car_access_no
way	420058721	explicit_car_access_no
excluded_way	420058722	explicit_car_access_no
way	420058722	explicit_car_access_no
excluded_way	420058727	explicit_car_access_no
way	420058727	explicit_car_access_no
excluded_way	420058726	explicit_car_access_no
way	420058726	explicit_car_access_no
excluded_way	420058737	explicit_car_access_no
way	420058737	explicit_car_access_no
excluded_way	420058736	explicit_car_access_no
way	420058736	explicit_car_access_no
excluded_way	420058738	explicit_car_access_no
way	420058738	explicit_car_access_no
excluded_way	1256837869	explicit_car_access_no
way	1256837869	explicit_car_access_no
excluded_way	279553145	explicit_car_access_no
way	279553145	explicit_car_access_no
excluded_way	471441751	explicit_car_access_no
way	471441751	explicit_car_access_no
excluded_way	1012527558	explicit_car_access_no
way	1012527558	explicit_car_access_no
excluded_way	1012525009	explicit_car_access_no
way	1012525009	explicit_car_access_no
excluded_way	814338812	explicit_car_access_no
way	814338812	explicit_car_access_no
excluded_way	814338816	explicit_car_access_no
way	814338816	explicit_car_access_no
excluded_way	907661659	explicit_car_access_no
way	907661659	explicit_car_access_no
excluded_way	907661663	explicit_car_access_no
way	907661663	explicit_car_access_no
excluded_way	907661665	explicit_car_access_no
way	907661665	explicit_car_access_no
excluded_way	907661664	explicit_car_access_no
way	907661664	explicit_car_access_no
excluded_way	332004255	explicit_car_access_no
way	332004255	explicit_car_access_no
excluded_way	332004258	explicit_car_access_no
way	332004258	explicit_car_access_no
excluded_way	711574830	explicit_car_access_no
way	711574830	explicit_car_access_no
excluded_way	454696406	explicit_car_access_no
way	454696406	explicit_car_access_no
excluded_way	1066022288	explicit_car_access_no
way	1066022288	explicit_car_access_no
excluded_way	1066022289	explicit_car_access_no
way	1066022289	explicit_car_access_no
excluded_way	379198972	explicit_car_access_no
way	379198972	explicit_car_access_no
excluded_way	489296855	explicit_car_access_no
way	489296855	explicit_car_access_no
excluded_way	1463436084	explicit_car_access_no
way	1463436084	explicit_car_access_no
excluded_way	489293256	explicit_car_access_no
way	489293256	explicit_car_access_no
excluded_way	927603578	explicit_car_access_no
way	927603578	explicit_car_access_no
excluded_way	927603579	explicit_car_access_no
way	927603579	explicit_car_access_no
excluded_way	927603577	explicit_car_access_no
way	927603577	explicit_car_access_no
excluded_way	927603574	explicit_car_access_no
way	927603574	explicit_car_access_no
excluded_way	927603575	explicit_car_access_no
way	927603575	explicit_car_access_no
excluded_way	927603573	explicit_car_access_no
way	927603573	explicit_car_access_no
excluded_way	907680599	explicit_car_access_no
way	907680599	explicit_car_access_no
excluded_way	685382015	explicit_car_access_no
way	685382015	explicit_car_access_no
excluded_way	685382000	explicit_car_access_no
way	685382000	explicit_car_access_no
excluded_way	685381919	explicit_car_access_no
way	685381919	explicit_car_access_no
excluded_way	383397010	explicit_car_access_no
way	383397010	explicit_car_access_no
excluded_way	383397008	explicit_car_access_no
way	383397008	explicit_car_access_no
excluded_way	383397003	explicit_car_access_no
way	383397003	explicit_car_access_no
excluded_way	383397007	explicit_car_access_no
way	383397007	explicit_car_access_no
excluded_way	383397004	explicit_car_access_no
way	383397004	explicit_car_access_no
excluded_way	383397005	explicit_car_access_no
way	383397005	explicit_car_access_no
excluded_way	959055011	explicit_car_access_no
way	959055011	explicit_car_access_no
excluded_way	412769200	explicit_car_access_no
way	412769200	explicit_car_access_no
excluded_way	1322912211	explicit_car_access_no
way	1322912211	explicit_car_access_no
excluded_way	1147802859	explicit_car_access_no
way	1147802859	explicit_car_access_no
excluded_way	1147802862	explicit_car_access_no
way	1147802862	explicit_car_access_no
excluded_way	1147802863	explicit_car_access_no
way	1147802863	explicit_car_access_no
excluded_way	1147802861	explicit_car_access_no
way	1147802861	explicit_car_access_no
excluded_way	1147802854	explicit_car_access_no
way	1147802854	explicit_car_access_no
excluded_way	412764280	explicit_car_access_no
way	412764280	explicit_car_access_no
excluded_way	841639672	explicit_car_access_no
way	841639672	explicit_car_access_no
excluded_way	841639670	explicit_car_access_no
way	841639670	explicit_car_access_no
excluded_way	841639671	explicit_car_access_no
way	841639671	explicit_car_access_no
excluded_way	841639668	explicit_car_access_no
way	841639668	explicit_car_access_no
excluded_way	841639669	explicit_car_access_no
way	841639669	explicit_car_access_no
excluded_way	841639686	explicit_car_access_no
way	841639686	explicit_car_access_no
excluded_way	841639685	explicit_car_access_no
way	841639685	explicit_car_access_no
excluded_way	1148861306	explicit_car_access_no
way	1148861306	explicit_car_access_no
excluded_way	1148861307	explicit_car_access_no
way	1148861307	explicit_car_access_no
excluded_way	1148861344	explicit_car_access_no
way	1148861344	explicit_car_access_no
excluded_way	1148861350	explicit_car_access_no
way	1148861350	explicit_car_access_no
excluded_way	1148861351	explicit_car_access_no
way	1148861351	explicit_car_access_no
excluded_way	1148861339	explicit_car_access_no
way	1148861339	explicit_car_access_no
excluded_way	1148861329	explicit_car_access_no
way	1148861329	explicit_car_access_no
excluded_way	1148861332	explicit_car_access_no
way	1148861332	explicit_car_access_no
excluded_way	1148861326	explicit_car_access_no
way	1148861326	explicit_car_access_no
excluded_way	1148861327	explicit_car_access_no
way	1148861327	explicit_car_access_no
excluded_way	1148861325	explicit_car_access_no
way	1148861325	explicit_car_access_no
excluded_way	1148861314	explicit_car_access_no
way	1148861314	explicit_car_access_no
excluded_way	1148861315	explicit_car_access_no
way	1148861315	explicit_car_access_no
excluded_way	1079689374	explicit_car_access_no
way	1079689374	explicit_car_access_no
excluded_way	528129638	explicit_car_access_no
way	528129638	explicit_car_access_no
excluded_way	528129637	explicit_car_access_no
way	528129637	explicit_car_access_no
excluded_way	1216004251	explicit_car_access_no
way	1216004251	explicit_car_access_no
excluded_way	1216004249	explicit_car_access_no
way	1216004249	explicit_car_access_no
excluded_way	473600148	explicit_car_access_no
way	473600148	explicit_car_access_no
excluded_way	473600309	explicit_car_access_no
way	473600309	explicit_car_access_no
excluded_way	473600446	explicit_car_access_no
way	473600446	explicit_car_access_no
excluded_way	473600537	explicit_car_access_no
way	473600537	explicit_car_access_no
excluded_way	473600637	explicit_car_access_no
way	473600637	explicit_car_access_no
excluded_way	473600704	explicit_car_access_no
way	473600704	explicit_car_access_no
excluded_way	473600858	explicit_car_access_no
way	473600858	explicit_car_access_no
excluded_way	473600918	explicit_car_access_no
way	473600918	explicit_car_access_no
excluded_way	1098569406	explicit_car_access_no
way	1098569406	explicit_car_access_no
excluded_way	383421058	explicit_car_access_no
way	383421058	explicit_car_access_no
excluded_way	785035487	explicit_car_access_no
way	785035487	explicit_car_access_no
excluded_way	333090157	explicit_car_access_no
way	333090157	explicit_car_access_no
excluded_way	333090150	explicit_car_access_no
way	333090150	explicit_car_access_no
excluded_way	333090151	explicit_car_access_no
way	333090151	explicit_car_access_no
excluded_way	333090149	explicit_car_access_no
way	333090149	explicit_car_access_no
excluded_way	37398194	explicit_car_access_no
way	37398194	explicit_car_access_no
excluded_way	1481309604	explicit_car_access_no
way	1481309604	explicit_car_access_no
excluded_way	37400573	explicit_car_access_no
way	37400573	explicit_car_access_no
excluded_way	1093332972	explicit_car_access_no
way	1093332972	explicit_car_access_no
excluded_way	980060195	explicit_car_access_no
way	980060195	explicit_car_access_no
excluded_way	1209725370	explicit_car_access_no
way	1209725370	explicit_car_access_no
excluded_way	1209725371	explicit_car_access_no
way	1209725371	explicit_car_access_no
excluded_way	1209725362	explicit_car_access_no
way	1209725362	explicit_car_access_no
excluded_way	1209725363	explicit_car_access_no
way	1209725363	explicit_car_access_no
excluded_way	1209725361	explicit_car_access_no
way	1209725361	explicit_car_access_no
excluded_way	1209725364	explicit_car_access_no
way	1209725364	explicit_car_access_no
excluded_way	860550546	explicit_car_access_no
way	860550546	explicit_car_access_no
excluded_way	652927278	explicit_car_access_no
way	652927278	explicit_car_access_no
excluded_way	219863349	explicit_car_access_no
way	219863349	explicit_car_access_no
excluded_way	1011540103	explicit_car_access_no
way	1011540103	explicit_car_access_no
excluded_way	1011540100	explicit_car_access_no
way	1011540100	explicit_car_access_no
excluded_way	1319801721	explicit_car_access_no
way	1319801721	explicit_car_access_no
excluded_way	1242211400	explicit_car_access_no
way	1242211400	explicit_car_access_no
excluded_way	468382887	explicit_car_access_no
way	468382887	explicit_car_access_no
excluded_way	432726526	explicit_car_access_no
way	432726526	explicit_car_access_no
excluded_way	432726525	explicit_car_access_no
way	432726525	explicit_car_access_no
excluded_way	1079688129	explicit_car_access_no
way	1079688129	explicit_car_access_no
excluded_way	1079688108	explicit_car_access_no
way	1079688108	explicit_car_access_no
excluded_way	899363931	explicit_car_access_no
way	899363931	explicit_car_access_no
excluded_way	899363930	explicit_car_access_no
way	899363930	explicit_car_access_no
excluded_way	899363933	explicit_car_access_no
way	899363933	explicit_car_access_no
excluded_way	899363932	explicit_car_access_no
way	899363932	explicit_car_access_no
excluded_way	471539140	explicit_car_access_no
way	471539140	explicit_car_access_no
excluded_way	899363957	explicit_car_access_no
way	899363957	explicit_car_access_no
excluded_way	899363956	explicit_car_access_no
way	899363956	explicit_car_access_no
excluded_way	899363937	explicit_car_access_no
way	899363937	explicit_car_access_no
excluded_way	899363936	explicit_car_access_no
way	899363936	explicit_car_access_no
excluded_way	445322164	explicit_car_access_no
way	445322164	explicit_car_access_no
excluded_way	1156284330	explicit_car_access_no
way	1156284330	explicit_car_access_no
excluded_way	901478035	explicit_car_access_no
way	901478035	explicit_car_access_no
excluded_way	901478034	explicit_car_access_no
way	901478034	explicit_car_access_no
excluded_way	901478033	explicit_car_access_no
way	901478033	explicit_car_access_no
excluded_way	901478032	explicit_car_access_no
way	901478032	explicit_car_access_no
excluded_way	901478037	explicit_car_access_no
way	901478037	explicit_car_access_no
excluded_way	901478030	explicit_car_access_no
way	901478030	explicit_car_access_no
excluded_way	901478029	explicit_car_access_no
way	901478029	explicit_car_access_no
excluded_way	901478028	explicit_car_access_no
way	901478028	explicit_car_access_no
excluded_way	690713963	explicit_car_access_no
way	690713963	explicit_car_access_no
excluded_way	690713962	explicit_car_access_no
way	690713962	explicit_car_access_no
excluded_way	690713961	explicit_car_access_no
way	690713961	explicit_car_access_no
excluded_way	690713964	explicit_car_access_no
way	690713964	explicit_car_access_no
excluded_way	690713949	explicit_car_access_no
way	690713949	explicit_car_access_no
excluded_way	187395960	explicit_car_access_no
way	187395960	explicit_car_access_no
excluded_way	371942886	explicit_car_access_no
way	371942886	explicit_car_access_no
excluded_way	901467819	explicit_car_access_no
way	901467819	explicit_car_access_no
excluded_way	901467818	explicit_car_access_no
way	901467818	explicit_car_access_no
excluded_way	901467820	explicit_car_access_no
way	901467820	explicit_car_access_no
excluded_way	901467811	explicit_car_access_no
way	901467811	explicit_car_access_no
excluded_way	901467810	explicit_car_access_no
way	901467810	explicit_car_access_no
excluded_way	901467808	explicit_car_access_no
way	901467808	explicit_car_access_no
excluded_way	901467814	explicit_car_access_no
way	901467814	explicit_car_access_no
excluded_way	901467813	explicit_car_access_no
way	901467813	explicit_car_access_no
excluded_way	901467812	explicit_car_access_no
way	901467812	explicit_car_access_no
excluded_way	901467803	explicit_car_access_no
way	901467803	explicit_car_access_no
excluded_way	901467802	explicit_car_access_no
way	901467802	explicit_car_access_no
excluded_way	901467801	explicit_car_access_no
way	901467801	explicit_car_access_no
excluded_way	901467806	explicit_car_access_no
way	901467806	explicit_car_access_no
excluded_way	901467805	explicit_car_access_no
way	901467805	explicit_car_access_no
excluded_way	901467804	explicit_car_access_no
way	901467804	explicit_car_access_no
excluded_way	901467795	explicit_car_access_no
way	901467795	explicit_car_access_no
excluded_way	901467799	explicit_car_access_no
way	901467799	explicit_car_access_no
excluded_way	901467797	explicit_car_access_no
way	901467797	explicit_car_access_no
excluded_way	901467796	explicit_car_access_no
way	901467796	explicit_car_access_no
excluded_way	901467773	explicit_car_access_no
way	901467773	explicit_car_access_no
excluded_way	554392257	explicit_car_access_no
way	554392257	explicit_car_access_no
excluded_way	901493197	explicit_car_access_no
way	901493197	explicit_car_access_no
excluded_way	129731835	explicit_car_access_no
way	129731835	explicit_car_access_no
excluded_way	1282137611	explicit_car_access_no
way	1282137611	explicit_car_access_no
excluded_way	1282135727	explicit_car_access_no
way	1282135727	explicit_car_access_no
excluded_way	1282135726	explicit_car_access_no
way	1282135726	explicit_car_access_no
excluded_way	1282135725	explicit_car_access_no
way	1282135725	explicit_car_access_no
excluded_way	1282135730	explicit_car_access_no
way	1282135730	explicit_car_access_no
excluded_way	1282135729	explicit_car_access_no
way	1282135729	explicit_car_access_no
excluded_way	1282135728	explicit_car_access_no
way	1282135728	explicit_car_access_no
excluded_way	1282135734	explicit_car_access_no
way	1282135734	explicit_car_access_no
excluded_way	1282135733	explicit_car_access_no
way	1282135733	explicit_car_access_no
excluded_way	1282135732	explicit_car_access_no
way	1282135732	explicit_car_access_no
excluded_way	460031044	explicit_car_access_no
way	460031044	explicit_car_access_no
excluded_way	1116470920	explicit_car_access_no
way	1116470920	explicit_car_access_no
excluded_way	1278996726	explicit_car_access_no
way	1278996726	explicit_car_access_no
excluded_way	1278996725	explicit_car_access_no
way	1278996725	explicit_car_access_no
excluded_way	1074497502	explicit_car_access_no
way	1074497502	explicit_car_access_no
excluded_way	1074497500	explicit_car_access_no
way	1074497500	explicit_car_access_no
excluded_way	776731993	explicit_car_access_no
way	776731993	explicit_car_access_no
excluded_way	776731992	explicit_car_access_no
way	776731992	explicit_car_access_no
excluded_way	776731990	explicit_car_access_no
way	776731990	explicit_car_access_no
excluded_way	753660872	explicit_car_access_no
way	753660872	explicit_car_access_no
excluded_way	452719027	explicit_car_access_no
way	452719027	explicit_car_access_no
excluded_way	901526489	explicit_car_access_no
way	901526489	explicit_car_access_no
excluded_way	901526490	explicit_car_access_no
way	901526490	explicit_car_access_no
excluded_way	901526491	explicit_car_access_no
way	901526491	explicit_car_access_no
excluded_way	555494756	explicit_car_access_no
way	555494756	explicit_car_access_no
excluded_way	555494757	explicit_car_access_no
way	555494757	explicit_car_access_no
excluded_way	1435255752	explicit_car_access_no
way	1435255752	explicit_car_access_no
excluded_way	822900289	explicit_car_access_no
way	822900289	explicit_car_access_no
excluded_way	174866922	explicit_car_access_no
way	174866922	explicit_car_access_no
excluded_way	1465648221	explicit_car_access_no
way	1465648221	explicit_car_access_no
excluded_way	1105991656	explicit_car_access_no
way	1105991656	explicit_car_access_no
excluded_way	1105991657	explicit_car_access_no
way	1105991657	explicit_car_access_no
excluded_way	1105991658	explicit_car_access_no
way	1105991658	explicit_car_access_no
excluded_way	1105991653	explicit_car_access_no
way	1105991653	explicit_car_access_no
excluded_way	1105991654	explicit_car_access_no
way	1105991654	explicit_car_access_no
excluded_way	1105991655	explicit_car_access_no
way	1105991655	explicit_car_access_no
excluded_way	381452155	explicit_car_access_no
way	381452155	explicit_car_access_no
excluded_way	1107045884	explicit_car_access_no
way	1107045884	explicit_car_access_no
excluded_way	1107045883	explicit_car_access_no
way	1107045883	explicit_car_access_no
excluded_way	1107045872	explicit_car_access_no
way	1107045872	explicit_car_access_no
excluded_way	1107045873	explicit_car_access_no
way	1107045873	explicit_car_access_no
excluded_way	1107045874	explicit_car_access_no
way	1107045874	explicit_car_access_no
excluded_way	1107045875	explicit_car_access_no
way	1107045875	explicit_car_access_no
excluded_way	1107045868	explicit_car_access_no
way	1107045868	explicit_car_access_no
excluded_way	1107045869	explicit_car_access_no
way	1107045869	explicit_car_access_no
excluded_way	1107045870	explicit_car_access_no
way	1107045870	explicit_car_access_no
excluded_way	1107045871	explicit_car_access_no
way	1107045871	explicit_car_access_no
excluded_way	1107045864	explicit_car_access_no
way	1107045864	explicit_car_access_no
excluded_way	1107045865	explicit_car_access_no
way	1107045865	explicit_car_access_no
excluded_way	1107045866	explicit_car_access_no
way	1107045866	explicit_car_access_no
excluded_way	1107045867	explicit_car_access_no
way	1107045867	explicit_car_access_no
excluded_way	1107045862	explicit_car_access_no
way	1107045862	explicit_car_access_no
excluded_way	781992367	explicit_car_access_no
way	781992367	explicit_car_access_no
excluded_way	468478739	explicit_car_access_no
way	468478739	explicit_car_access_no
excluded_way	468477349	explicit_car_access_no
way	468477349	explicit_car_access_no
excluded_way	664557730	explicit_car_access_no
way	664557730	explicit_car_access_no
excluded_way	835496012	explicit_car_access_no
way	835496012	explicit_car_access_no
excluded_way	1106018828	explicit_car_access_no
way	1106018828	explicit_car_access_no
excluded_way	1106018830	explicit_car_access_no
way	1106018830	explicit_car_access_no
excluded_way	1106018831	explicit_car_access_no
way	1106018831	explicit_car_access_no
excluded_way	1106018842	explicit_car_access_no
way	1106018842	explicit_car_access_no
excluded_way	1106018836	explicit_car_access_no
way	1106018836	explicit_car_access_no
excluded_way	1106018837	explicit_car_access_no
way	1106018837	explicit_car_access_no
excluded_way	1106018838	explicit_car_access_no
way	1106018838	explicit_car_access_no
excluded_way	1106018832	explicit_car_access_no
way	1106018832	explicit_car_access_no
excluded_way	1106018833	explicit_car_access_no
way	1106018833	explicit_car_access_no
excluded_way	1106018834	explicit_car_access_no
way	1106018834	explicit_car_access_no
excluded_way	1106018835	explicit_car_access_no
way	1106018835	explicit_car_access_no
excluded_way	807200765	explicit_car_access_no
way	807200765	explicit_car_access_no
excluded_way	807200766	explicit_car_access_no
way	807200766	explicit_car_access_no
excluded_way	807200760	explicit_car_access_no
way	807200760	explicit_car_access_no
excluded_way	807200761	explicit_car_access_no
way	807200761	explicit_car_access_no
excluded_way	807200763	explicit_car_access_no
way	807200763	explicit_car_access_no
excluded_way	807200756	explicit_car_access_no
way	807200756	explicit_car_access_no
excluded_way	807200757	explicit_car_access_no
way	807200757	explicit_car_access_no
excluded_way	807200758	explicit_car_access_no
way	807200758	explicit_car_access_no
excluded_way	807200759	explicit_car_access_no
way	807200759	explicit_car_access_no
excluded_way	807200752	explicit_car_access_no
way	807200752	explicit_car_access_no
excluded_way	807200772	explicit_car_access_no
way	807200772	explicit_car_access_no
excluded_way	807200768	explicit_car_access_no
way	807200768	explicit_car_access_no
excluded_way	807200770	explicit_car_access_no
way	807200770	explicit_car_access_no
excluded_way	807200771	explicit_car_access_no
way	807200771	explicit_car_access_no
excluded_way	264042215	explicit_car_access_no
way	264042215	explicit_car_access_no
excluded_way	1116518760	explicit_car_access_no
way	1116518760	explicit_car_access_no
excluded_way	1116518761	explicit_car_access_no
way	1116518761	explicit_car_access_no
excluded_way	1116518763	explicit_car_access_no
way	1116518763	explicit_car_access_no
excluded_way	558706799	explicit_car_access_no
way	558706799	explicit_car_access_no
excluded_way	558706813	explicit_car_access_no
way	558706813	explicit_car_access_no
excluded_way	381487453	explicit_car_access_no
way	381487453	explicit_car_access_no
excluded_way	1441620433	explicit_car_access_no
way	1441620433	explicit_car_access_no
excluded_way	394076239	explicit_car_access_no
way	394076239	explicit_car_access_no
excluded_way	218974538	explicit_car_access_no
way	218974538	explicit_car_access_no
excluded_way	471685002	explicit_car_access_no
way	471685002	explicit_car_access_no
excluded_way	677209164	explicit_car_access_no
way	677209164	explicit_car_access_no
excluded_way	941452740	explicit_car_access_no
way	941452740	explicit_car_access_no
excluded_way	239949958	explicit_car_access_no
way	239949958	explicit_car_access_no
excluded_way	1115495396	explicit_car_access_no
way	1115495396	explicit_car_access_no
excluded_way	1318921053	explicit_car_access_no
way	1318921053	explicit_car_access_no
excluded_way	1206766711	explicit_car_access_no
way	1206766711	explicit_car_access_no
excluded_way	1206766710	explicit_car_access_no
way	1206766710	explicit_car_access_no
excluded_way	1206766707	explicit_car_access_no
way	1206766707	explicit_car_access_no
excluded_way	471696258	explicit_car_access_no
way	471696258	explicit_car_access_no
excluded_way	901618497	explicit_car_access_no
way	901618497	explicit_car_access_no
excluded_way	901618499	explicit_car_access_no
way	901618499	explicit_car_access_no
excluded_way	901618498	explicit_car_access_no
way	901618498	explicit_car_access_no
excluded_way	609064781	explicit_car_access_no
way	609064781	explicit_car_access_no
excluded_way	609064782	explicit_car_access_no
way	609064782	explicit_car_access_no
excluded_way	609064777	explicit_car_access_no
way	609064777	explicit_car_access_no
excluded_way	609064776	explicit_car_access_no
way	609064776	explicit_car_access_no
excluded_way	609064779	explicit_car_access_no
way	609064779	explicit_car_access_no
excluded_way	609064778	explicit_car_access_no
way	609064778	explicit_car_access_no
excluded_way	609064773	explicit_car_access_no
way	609064773	explicit_car_access_no
excluded_way	609064775	explicit_car_access_no
way	609064775	explicit_car_access_no
excluded_way	609064774	explicit_car_access_no
way	609064774	explicit_car_access_no
excluded_way	609064792	explicit_car_access_no
way	609064792	explicit_car_access_no
excluded_way	609064789	explicit_car_access_no
way	609064789	explicit_car_access_no
excluded_way	609064788	explicit_car_access_no
way	609064788	explicit_car_access_no
excluded_way	609064790	explicit_car_access_no
way	609064790	explicit_car_access_no
excluded_way	609064785	explicit_car_access_no
way	609064785	explicit_car_access_no
excluded_way	609064787	explicit_car_access_no
way	609064787	explicit_car_access_no
excluded_way	609064786	explicit_car_access_no
way	609064786	explicit_car_access_no
excluded_way	609064810	explicit_car_access_no
way	609064810	explicit_car_access_no
excluded_way	609064805	explicit_car_access_no
way	609064805	explicit_car_access_no
excluded_way	609064807	explicit_car_access_no
way	609064807	explicit_car_access_no
excluded_way	609064802	explicit_car_access_no
way	609064802	explicit_car_access_no
excluded_way	609064821	explicit_car_access_no
way	609064821	explicit_car_access_no
excluded_way	609064819	explicit_car_access_no
way	609064819	explicit_car_access_no
excluded_way	609064840	explicit_car_access_no
way	609064840	explicit_car_access_no
excluded_way	609064843	explicit_car_access_no
way	609064843	explicit_car_access_no
excluded_way	609064838	explicit_car_access_no
way	609064838	explicit_car_access_no
excluded_way	609064832	explicit_car_access_no
way	609064832	explicit_car_access_no
excluded_way	609064861	explicit_car_access_no
way	609064861	explicit_car_access_no
excluded_way	609064860	explicit_car_access_no
way	609064860	explicit_car_access_no
excluded_way	609064862	explicit_car_access_no
way	609064862	explicit_car_access_no
excluded_way	609064857	explicit_car_access_no
way	609064857	explicit_car_access_no
excluded_way	609064856	explicit_car_access_no
way	609064856	explicit_car_access_no
excluded_way	609064859	explicit_car_access_no
way	609064859	explicit_car_access_no
excluded_way	609064853	explicit_car_access_no
way	609064853	explicit_car_access_no
excluded_way	609064855	explicit_car_access_no
way	609064855	explicit_car_access_no
excluded_way	609064854	explicit_car_access_no
way	609064854	explicit_car_access_no
excluded_way	609064849	explicit_car_access_no
way	609064849	explicit_car_access_no
excluded_way	609064871	explicit_car_access_no
way	609064871	explicit_car_access_no
excluded_way	609064870	explicit_car_access_no
way	609064870	explicit_car_access_no
excluded_way	690873648	explicit_car_access_no
way	690873648	explicit_car_access_no
excluded_way	519948368	explicit_car_access_no
way	519948368	explicit_car_access_no
excluded_way	1057873193	explicit_car_access_no
way	1057873193	explicit_car_access_no
excluded_way	470674990	explicit_car_access_no
way	470674990	explicit_car_access_no
excluded_way	470675370	explicit_car_access_no
way	470675370	explicit_car_access_no
excluded_way	769538139	explicit_car_access_no
way	769538139	explicit_car_access_no
excluded_way	768490146	explicit_car_access_no
way	768490146	explicit_car_access_no
excluded_way	1097751849	explicit_car_access_no
way	1097751849	explicit_car_access_no
excluded_way	1097751847	explicit_car_access_no
way	1097751847	explicit_car_access_no
excluded_way	1097751867	explicit_car_access_no
way	1097751867	explicit_car_access_no
excluded_way	1097751865	explicit_car_access_no
way	1097751865	explicit_car_access_no
excluded_way	1097751863	explicit_car_access_no
way	1097751863	explicit_car_access_no
excluded_way	58601806	explicit_car_access_no
way	58601806	explicit_car_access_no
excluded_way	256788908	explicit_car_access_no
way	256788908	explicit_car_access_no
excluded_way	256788896	explicit_car_access_no
way	256788896	explicit_car_access_no
excluded_way	256788897	explicit_car_access_no
way	256788897	explicit_car_access_no
excluded_way	256788912	explicit_car_access_no
way	256788912	explicit_car_access_no
excluded_way	416175111	explicit_car_access_no
way	416175111	explicit_car_access_no
excluded_way	1122897131	explicit_car_access_no
way	1122897131	explicit_car_access_no
excluded_way	890141300	explicit_car_access_no
way	890141300	explicit_car_access_no
excluded_way	890141301	explicit_car_access_no
way	890141301	explicit_car_access_no
excluded_way	890141332	explicit_car_access_no
way	890141332	explicit_car_access_no
excluded_way	1396585376	explicit_car_access_no
way	1396585376	explicit_car_access_no
excluded_way	338588818	explicit_car_access_no
way	338588818	explicit_car_access_no
excluded_way	167667799	explicit_car_access_no
way	167667799	explicit_car_access_no
excluded_way	1380857658	explicit_car_access_no
way	1380857658	explicit_car_access_no
excluded_way	810440316	explicit_car_access_no
way	810440316	explicit_car_access_no
excluded_way	1496200218	explicit_car_access_no
way	1496200218	explicit_car_access_no
excluded_way	1496200219	explicit_car_access_no
way	1496200219	explicit_car_access_no
excluded_way	1496200216	explicit_car_access_no
way	1496200216	explicit_car_access_no
excluded_way	1496200214	explicit_car_access_no
way	1496200214	explicit_car_access_no
excluded_way	1496200215	explicit_car_access_no
way	1496200215	explicit_car_access_no
excluded_way	785268766	explicit_car_access_no
way	785268766	explicit_car_access_no
excluded_way	40791194	explicit_car_access_no
way	40791194	explicit_car_access_no
excluded_way	813588438	explicit_car_access_no
way	813588438	explicit_car_access_no
excluded_way	813588437	explicit_car_access_no
way	813588437	explicit_car_access_no
excluded_way	813588418	explicit_car_access_no
way	813588418	explicit_car_access_no
excluded_way	1058975880	explicit_car_access_no
way	1058975880	explicit_car_access_no
excluded_way	1058975881	explicit_car_access_no
way	1058975881	explicit_car_access_no
excluded_way	1058975878	explicit_car_access_no
way	1058975878	explicit_car_access_no
excluded_way	1058975879	explicit_car_access_no
way	1058975879	explicit_car_access_no
excluded_way	420391197	explicit_car_access_no
way	420391197	explicit_car_access_no
excluded_way	1079964690	explicit_car_access_no
way	1079964690	explicit_car_access_no
excluded_way	1384048168	explicit_car_access_no
way	1384048168	explicit_car_access_no
excluded_way	783194460	explicit_car_access_no
way	783194460	explicit_car_access_no
excluded_way	400480596	explicit_car_access_no
way	400480596	explicit_car_access_no
excluded_way	460245503	explicit_car_access_no
way	460245503	explicit_car_access_no
excluded_way	1494123002	explicit_car_access_no
way	1494123002	explicit_car_access_no
excluded_way	1162782620	explicit_car_access_no
way	1162782620	explicit_car_access_no
excluded_way	1162782613	explicit_car_access_no
way	1162782613	explicit_car_access_no
excluded_way	998168638	explicit_car_access_no
way	998168638	explicit_car_access_no
excluded_way	1490985355	explicit_car_access_no
way	1490985355	explicit_car_access_no
excluded_way	257881829	explicit_car_access_no
way	257881829	explicit_car_access_no
excluded_way	380561551	explicit_car_access_no
way	380561551	explicit_car_access_no
excluded_way	380561565	explicit_car_access_no
way	380561565	explicit_car_access_no
excluded_way	380561563	explicit_car_access_no
way	380561563	explicit_car_access_no
excluded_way	380561670	explicit_car_access_no
way	380561670	explicit_car_access_no
excluded_way	380561686	explicit_car_access_no
way	380561686	explicit_car_access_no
excluded_way	975126047	explicit_car_access_no
way	975126047	explicit_car_access_no
excluded_way	153029772	explicit_car_access_no
way	153029772	explicit_car_access_no
excluded_way	612318437	explicit_car_access_no
way	612318437	explicit_car_access_no
excluded_way	1046423352	explicit_car_access_no
way	1046423352	explicit_car_access_no
excluded_way	1046423351	explicit_car_access_no
way	1046423351	explicit_car_access_no
excluded_way	1046423350	explicit_car_access_no
way	1046423350	explicit_car_access_no
excluded_way	516896967	explicit_car_access_no
way	516896967	explicit_car_access_no
excluded_way	865015851	explicit_car_access_no
way	865015851	explicit_car_access_no
excluded_way	865015850	explicit_car_access_no
way	865015850	explicit_car_access_no
excluded_way	719263654	explicit_car_access_no
way	719263654	explicit_car_access_no
excluded_way	719263648	explicit_car_access_no
way	719263648	explicit_car_access_no
excluded_way	1055850986	explicit_car_access_no
way	1055850986	explicit_car_access_no
excluded_way	1055850993	explicit_car_access_no
way	1055850993	explicit_car_access_no
excluded_way	636449775	explicit_car_access_no
way	636449775	explicit_car_access_no
excluded_way	636449774	explicit_car_access_no
way	636449774	explicit_car_access_no
excluded_way	636449771	explicit_car_access_no
way	636449771	explicit_car_access_no
excluded_way	636449766	explicit_car_access_no
way	636449766	explicit_car_access_no
excluded_way	636449765	explicit_car_access_no
way	636449765	explicit_car_access_no
excluded_way	636449786	explicit_car_access_no
way	636449786	explicit_car_access_no
excluded_way	636449785	explicit_car_access_no
way	636449785	explicit_car_access_no
excluded_way	636449784	explicit_car_access_no
way	636449784	explicit_car_access_no
excluded_way	1215243832	explicit_car_access_no
way	1215243832	explicit_car_access_no
excluded_way	1215243831	explicit_car_access_no
way	1215243831	explicit_car_access_no
excluded_way	1079982380	explicit_car_access_no
way	1079982380	explicit_car_access_no
excluded_way	550483413	explicit_car_access_no
way	550483413	explicit_car_access_no
excluded_way	1091560090	explicit_car_access_no
way	1091560090	explicit_car_access_no
excluded_way	1179640228	explicit_car_access_no
way	1179640228	explicit_car_access_no
excluded_way	557836861	explicit_car_access_no
way	557836861	explicit_car_access_no
excluded_way	364898302	explicit_car_access_no
way	364898302	explicit_car_access_no
excluded_way	364898301	explicit_car_access_no
way	364898301	explicit_car_access_no
excluded_way	364898300	explicit_car_access_no
way	364898300	explicit_car_access_no
excluded_way	364898299	explicit_car_access_no
way	364898299	explicit_car_access_no
excluded_way	364898298	explicit_car_access_no
way	364898298	explicit_car_access_no
excluded_way	781179324	explicit_car_access_no
way	781179324	explicit_car_access_no
relation	4207547	[INVALID_MEMBERS, MISSING_FROM]
relation	4207548	[INVALID_MEMBERS, MISSING_FROM, MISSING_TO]
relation	4207549	[INVALID_MEMBERS, MISSING_FROM, MISSING_TO]
relation	4207550	[INVALID_MEMBERS, MISSING_FROM]
relation	4627275	[INVALID_MEMBERS, MISSING_TO]
relation	4627278	[DIRECTION_CONFLICT]
relation	4627279	[INVALID_MEMBERS, MISSING_FROM]
relation	4661473	[INVALID_MEMBERS, MISSING_FROM, MISSING_TO]
relation	4661475	[INVALID_MEMBERS, MISSING_FROM]
relation	4661483	[INVALID_MEMBERS, MISSING_FROM, MISSING_TO]
relation	4661485	[DISCONNECTED_VIA]
relation	4661488	[INVALID_MEMBERS, MISSING_FROM, MISSING_TO]
relation	4661490	[INVALID_MEMBERS, MISSING_FROM, MISSING_TO]
relation	4661492	[INVALID_MEMBERS, MISSING_FROM]
relation	4661493	[INVALID_MEMBERS, MISSING_FROM, MISSING_TO]
relation	4661494	[INVALID_MEMBERS, MISSING_FROM, MISSING_TO]
relation	4661495	[INVALID_MEMBERS, MISSING_FROM, MISSING_TO]
relation	4661502	[INVALID_MEMBERS, MISSING_TO]
relation	4661505	[INVALID_MEMBERS, MISSING_FROM, MISSING_TO]
relation	4664111	[INVALID_MEMBERS, MISSING_FROM, MISSING_TO]
relation	4674430	[DISCONNECTED_VIA]
redundant_relation	4674431	direction_blocked_no
redundant_relation	4674433	direction_blocked_no
relation	4674434	[INVALID_MEMBERS, MISSING_FROM]
redundant_relation	4674436	direction_blocked_no
relation	4674453	[INVALID_MEMBERS, MISSING_TO]
relation	4677533	[INVALID_MEMBERS, MISSING_TO]
relation	4677534	[INVALID_MEMBERS, MISSING_FROM]
relation	4678190	[INVALID_MEMBERS, MISSING_TO]
relation	4678216	[INVALID_MEMBERS, MISSING_FROM]
relation	5464330	[INVALID_MEMBERS, MISSING_FROM]
relation	5464331	[INVALID_MEMBERS, MISSING_TO]
relation	5523666	[INVALID_MEMBERS, MISSING_FROM]
relation	5523667	[INVALID_MEMBERS, WAY_NOT_ACCEPTED, MISSING_TO, MISSING_VIA]
relation	5523668	[INVALID_MEMBERS, WAY_NOT_ACCEPTED, MISSING_FROM, MISSING_VIA]
relation	5580835	[UNSUPPORTED_VALUE, CONDITIONAL]
relation	5672806	[INVALID_MEMBERS, MISSING_FROM, MISSING_TO]
relation	5672808	[INVALID_MEMBERS, MISSING_FROM, MISSING_TO]
redundant_relation	5687534	direction_blocked_no
redundant_relation	5687536	direction_blocked_no
redundant_relation	5687537	direction_blocked_no
redundant_relation	5701951	direction_blocked_no
redundant_relation	5701952	direction_blocked_no
relation	5704334	[INVALID_MEMBERS, MISSING_FROM, MISSING_VIA]
redundant_relation	6146205	direction_blocked_no
relation	6368904	[INVALID_MEMBERS, MISSING_FROM, MISSING_TO]
relation	6368905	[INVALID_MEMBERS, MISSING_FROM, MISSING_TO]
relation	6458624	[DISCONNECTED_VIA]
relation	6458625	[INVALID_MEMBERS, MISSING_FROM]
redundant_relation	6458632	direction_blocked_no
redundant_relation	6490824	direction_blocked_no
relation	6490828	[INVALID_MEMBERS, MISSING_TO]
redundant_relation	6490829	direction_blocked_no
redundant_relation	6490830	direction_blocked_no
redundant_relation	6490831	direction_blocked_no
redundant_relation	6490835	direction_blocked_no
redundant_relation	6490839	direction_blocked_no
redundant_relation	6490841	direction_blocked_no
redundant_relation	6490842	direction_blocked_no
relation	6490843	[INVALID_MEMBERS, MISSING_TO]
redundant_relation	6490848	direction_blocked_no
relation	6498643	[DISCONNECTED_VIA]
redundant_relation	6498644	direction_blocked_no
relation	6594610	[INVALID_MEMBERS, MISSING_FROM, MISSING_TO]
relation	6701679	[INVALID_MEMBERS, MISSING_FROM]
relation	6701770	[INVALID_MEMBERS, MISSING_FROM, MISSING_TO]
relation	6701772	[INVALID_MEMBERS, MISSING_FROM, MISSING_TO]
relation	6701773	[DISCONNECTED_VIA]
relation	6702971	[INVALID_MEMBERS, MISSING_TO]
relation	6702972	[INVALID_MEMBERS, MISSING_TO]
relation	6702973	[INVALID_MEMBERS, MISSING_FROM, MISSING_TO]
relation	6702974	[INVALID_MEMBERS, MISSING_FROM]
relation	6702975	[INVALID_MEMBERS, MISSING_FROM]
relation	6702981	[INVALID_MEMBERS, MISSING_VIA]
relation	6702983	[INVALID_MEMBERS, MISSING_VIA]
relation	6702984	[INVALID_MEMBERS, MISSING_VIA]
relation	6702986	[INVALID_MEMBERS, MISSING_VIA]
relation	6702987	[INVALID_MEMBERS, MISSING_VIA]
relation	6702989	[INVALID_MEMBERS, MISSING_VIA]
relation	6702990	[INVALID_MEMBERS, MISSING_TO]
relation	6702991	[INVALID_MEMBERS, MISSING_TO, MISSING_VIA]
relation	6704627	[INVALID_MEMBERS, MISSING_TO]
relation	6704628	[INVALID_MEMBERS, MISSING_FROM]
relation	6704629	[INVALID_MEMBERS, MISSING_FROM]
relation	6704634	[INVALID_MEMBERS, MISSING_VIA]
redundant_relation	6704637	direction_blocked_no
redundant_relation	6704638	direction_blocked_no
relation	6704639	[DISCONNECTED_VIA]
relation	6704640	[DISCONNECTED_VIA]
relation	6704641	[DISCONNECTED_VIA]
relation	6711766	[DISCONNECTED_VIA]
relation	6711767	[DISCONNECTED_VIA]
relation	6711771	[DISCONNECTED_VIA]
relation	6719195	[DISCONNECTED_VIA]
relation	6719196	[DISCONNECTED_VIA]
relation	6719201	[INVALID_MEMBERS, MISSING_VIA]
relation	6858524	[DISCONNECTED_VIA]
redundant_relation	6858525	direction_blocked_no
redundant_relation	6858527	direction_blocked_no
redundant_relation	6858529	direction_blocked_no
relation	6858530	[INVALID_MEMBERS, MISSING_FROM]
relation	6858531	[INVALID_MEMBERS, MISSING_FROM]
redundant_relation	6858532	direction_blocked_no
redundant_relation	6858538	direction_blocked_no
relation	6858539	[INVALID_MEMBERS, MISSING_TO]
redundant_relation	6858540	direction_blocked_no
relation	6858541	[INVALID_MEMBERS, MISSING_TO]
relation	6908312	[INVALID_MEMBERS, MISSING_FROM, MISSING_TO]
relation	6909419	[WAY_NOT_ACCEPTED]
relation	6911816	[INVALID_MEMBERS, UNSUPPORTED_VALUE, MISSING_FROM, MISSING_TO]
relation	6915699	[INVALID_MEMBERS, MISSING_FROM, MISSING_TO]
relation	6915701	[INVALID_MEMBERS, MISSING_TO]
relation	6925025	[INVALID_MEMBERS, MISSING_FROM, MISSING_TO]
relation	6925026	[INVALID_MEMBERS, MISSING_FROM]
relation	6925031	[DISCONNECTED_VIA]
relation	6925037	[DISCONNECTED_VIA]
relation	6925040	[INVALID_MEMBERS, MISSING_FROM]
relation	6925044	[INVALID_MEMBERS, MISSING_TO, MISSING_VIA]
relation	6925095	[DISCONNECTED_VIA]
relation	6925096	[INVALID_MEMBERS, MISSING_FROM]
relation	6925099	[INVALID_MEMBERS, MISSING_FROM]
redundant_relation	6925100	direction_blocked_no
redundant_relation	6925101	direction_blocked_no
relation	6925102	[INVALID_MEMBERS, MISSING_TO]
redundant_relation	6925108	direction_blocked_no
redundant_relation	6925109	direction_blocked_no
redundant_relation	6925110	direction_blocked_no
relation	6925111	[INVALID_MEMBERS, MISSING_TO]
relation	6925112	[INVALID_MEMBERS, MISSING_TO]
relation	6925114	[INVALID_MEMBERS, MISSING_FROM, MISSING_TO]
redundant_relation	6930747	direction_blocked_no
redundant_relation	6939227	direction_blocked_no
redundant_relation	6939228	direction_blocked_no
redundant_relation	6939229	direction_blocked_no
relation	6939672	[INVALID_MEMBERS, MISSING_TO]
redundant_relation	6940841	direction_blocked_no
relation	6945182	[INVALID_MEMBERS, MISSING_FROM, MISSING_TO]
relation	6946362	[DISCONNECTED_VIA]
relation	6946365	[DISCONNECTED_VIA]
relation	6946379	[DISCONNECTED_VIA]
relation	6946387	[DISCONNECTED_VIA]
relation	6946432	[INVALID_MEMBERS, MISSING_FROM, MISSING_TO]
redundant_relation	6949510	direction_blocked_no
redundant_relation	6949511	direction_blocked_no
redundant_relation	6949512	direction_blocked_no
relation	6949513	[DISCONNECTED_VIA]
relation	6949908	[DISCONNECTED_VIA]
redundant_relation	6949910	direction_blocked_no
redundant_relation	6949911	direction_blocked_no
redundant_relation	6949912	direction_blocked_no
relation	6949913	[DISCONNECTED_VIA]
redundant_relation	6949915	direction_blocked_no
redundant_relation	6949916	direction_blocked_no
redundant_relation	6949918	direction_blocked_no
redundant_relation	6949919	direction_blocked_no
redundant_relation	6949920	direction_blocked_no
redundant_relation	6962088	direction_blocked_no
relation	6964900	[INVALID_MEMBERS, MISSING_TO, MISSING_VIA]
relation	6964906	[DISCONNECTED_VIA]
redundant_relation	6965059	direction_blocked_no
redundant_relation	6965061	direction_blocked_no
relation	6965069	[WAY_NOT_ACCEPTED]
relation	6965072	[DISCONNECTED_VIA]
relation	6965079	[INVALID_MEMBERS, MISSING_TO]
relation	6965080	[DISCONNECTED_VIA]
relation	6973932	[INVALID_MEMBERS, MISSING_VIA]
relation	6979326	[DISCONNECTED_VIA]
relation	6979331	[DISCONNECTED_VIA]
relation	6979336	[INVALID_MEMBERS, MISSING_FROM]
relation	6979338	[INVALID_MEMBERS, MISSING_VIA]
relation	6979350	[INVALID_MEMBERS, MISSING_TO, MISSING_VIA]
relation	6979351	[INVALID_MEMBERS, MISSING_VIA]
relation	6979419	[INVALID_MEMBERS, MISSING_VIA]
relation	6979420	[INVALID_MEMBERS, MISSING_FROM, MISSING_TO]
relation	6979421	[INVALID_MEMBERS, MISSING_TO]
relation	6979422	[INVALID_MEMBERS, MISSING_TO]
relation	6979423	[INVALID_MEMBERS, MISSING_FROM, MISSING_TO]
relation	6979424	[INVALID_MEMBERS, MISSING_FROM, MISSING_TO]
relation	6979425	[INVALID_MEMBERS, MISSING_FROM, MISSING_TO]
relation	6979432	[INVALID_MEMBERS, MISSING_FROM, MISSING_VIA]
relation	6979434	[INVALID_MEMBERS, MISSING_VIA]
relation	6979437	[INVALID_MEMBERS, MISSING_FROM, MISSING_VIA]
relation	6979659	[INVALID_MEMBERS, MISSING_FROM, MISSING_TO]
redundant_relation	6979660	direction_blocked_no
relation	6982146	[INVALID_MEMBERS, MISSING_FROM]
relation	6982147	[DISCONNECTED_VIA]
redundant_relation	6982148	direction_blocked_no
redundant_relation	6982149	direction_blocked_no
redundant_relation	6982152	direction_blocked_no
redundant_relation	6982314	direction_blocked_no
redundant_relation	6982317	direction_blocked_no
relation	6982321	[DISCONNECTED_VIA]
relation	6984992	[INVALID_MEMBERS, MISSING_VIA]
relation	6984993	[INVALID_MEMBERS, MISSING_VIA]
relation	6986246	[INVALID_MEMBERS, MISSING_TO]
relation	6995052	[INVALID_MEMBERS, MISSING_VIA]
relation	6998903	[INVALID_MEMBERS, MISSING_TO]
relation	6998906	[INVALID_MEMBERS, MISSING_FROM, MISSING_TO]
relation	6998907	[INVALID_MEMBERS, MISSING_FROM]
relation	6998908	[INVALID_MEMBERS, MISSING_FROM]
relation	7014301	[INVALID_MEMBERS, MISSING_VIA]
relation	7014316	[INVALID_MEMBERS, MISSING_VIA]
relation	7035261	[DISCONNECTED_VIA]
redundant_relation	7035264	direction_blocked_no
redundant_relation	7035364	direction_blocked_no
redundant_relation	7035365	direction_blocked_no
redundant_relation	7035366	direction_blocked_no
redundant_relation	7035367	direction_blocked_no
relation	7053296	[INVALID_MEMBERS, MISSING_TO]
relation	7053297	[INVALID_MEMBERS, MISSING_FROM]
redundant_relation	7099225	direction_blocked_no
redundant_relation	7099226	direction_blocked_no
redundant_relation	7099227	direction_blocked_no
redundant_relation	7100130	direction_blocked_no
relation	7129884	[INVALID_MEMBERS, MISSING_FROM, MISSING_VIA]
redundant_relation	7150912	direction_blocked_no
redundant_relation	7150913	direction_blocked_no
redundant_relation	7150914	direction_blocked_no
redundant_relation	7150915	direction_blocked_no
redundant_relation	7150916	direction_blocked_no
redundant_relation	7150917	direction_blocked_no
redundant_relation	7150926	direction_blocked_no
redundant_relation	7150927	direction_blocked_no
redundant_relation	7150928	direction_blocked_no
redundant_relation	7150930	direction_blocked_no
relation	7151215	[INVALID_MEMBERS, MISSING_FROM, MISSING_VIA]
redundant_relation	7151216	direction_blocked_no
redundant_relation	7151217	direction_blocked_no
redundant_relation	7151218	direction_blocked_no
redundant_relation	7151219	direction_blocked_no
redundant_relation	7151223	direction_blocked_no
redundant_relation	7151224	direction_blocked_no
redundant_relation	7151225	direction_blocked_no
redundant_relation	7151226	direction_blocked_no
relation	7151264	[INVALID_MEMBERS, MISSING_FROM]
relation	7151265	[INVALID_MEMBERS, MISSING_FROM]
relation	7151274	[INVALID_MEMBERS, MISSING_FROM]
relation	7151275	[INVALID_MEMBERS, MISSING_FROM, MISSING_TO]
relation	7151276	[INVALID_MEMBERS, MISSING_FROM, MISSING_TO]
relation	7151287	[INVALID_MEMBERS, MISSING_FROM, MISSING_VIA]
relation	7151288	[INVALID_MEMBERS, MISSING_TO, MISSING_VIA]
relation	7151291	[INVALID_MEMBERS, MISSING_FROM, MISSING_TO]
relation	7152817	[INVALID_MEMBERS, MISSING_FROM, MISSING_TO]
redundant_relation	7152849	direction_blocked_no
redundant_relation	7152850	direction_blocked_no
redundant_relation	7152851	direction_blocked_no
redundant_relation	7152852	direction_blocked_no
relation	7152857	[DISCONNECTED_VIA]
redundant_relation	7152859	direction_blocked_no
redundant_relation	7152863	direction_blocked_no
redundant_relation	7152866	direction_blocked_no
redundant_relation	7152867	direction_blocked_no
relation	7152871	[INVALID_MEMBERS, MISSING_FROM]
relation	7152872	[INVALID_MEMBERS, MISSING_FROM]
relation	7152874	[INVALID_MEMBERS, MISSING_TO]
relation	7152876	[INVALID_MEMBERS, MISSING_VIA]
relation	7152886	[INVALID_MEMBERS, MISSING_VIA]
relation	7152890	[INVALID_MEMBERS, MISSING_VIA]
relation	7153052	[INVALID_MEMBERS, MISSING_FROM]
redundant_relation	7153083	direction_blocked_no
relation	7153084	[DISCONNECTED_VIA]
redundant_relation	7153085	direction_blocked_no
relation	7153086	[DISCONNECTED_VIA]
relation	7153087	[INVALID_MEMBERS, MISSING_FROM]
relation	7153088	[DISCONNECTED_VIA]
redundant_relation	7153089	direction_blocked_no
redundant_relation	7153090	direction_blocked_no
relation	7153094	[INVALID_MEMBERS, MISSING_TO, MISSING_VIA]
relation	7153095	[INVALID_MEMBERS, MISSING_VIA]
relation	7153096	[INVALID_MEMBERS, MISSING_FROM]
relation	7153104	[DISCONNECTED_VIA]
relation	7153105	[INVALID_MEMBERS, MISSING_FROM]
relation	7193309	[INVALID_MEMBERS, MISSING_TO, MISSING_VIA]
relation	7193311	[INVALID_MEMBERS, MISSING_FROM, UNKNOWN_ROLE]
relation	7193312	[INVALID_MEMBERS, MISSING_TO, UNKNOWN_ROLE]
relation	7193314	[INVALID_MEMBERS, MISSING_FROM, UNKNOWN_ROLE]
relation	7193315	[INVALID_MEMBERS, MISSING_TO, UNKNOWN_ROLE]
relation	7193430	[INVALID_MEMBERS, MISSING_TO]
relation	7193432	[INVALID_MEMBERS, MISSING_TO, MISSING_VIA]
redundant_relation	7193433	direction_blocked_no
redundant_relation	7193434	direction_blocked_no
redundant_relation	7193435	direction_blocked_no
redundant_relation	7193436	direction_blocked_no
relation	7193439	[INVALID_MEMBERS, MISSING_FROM]
relation	7193440	[INVALID_MEMBERS, MISSING_TO]
relation	7193442	[INVALID_MEMBERS, MISSING_FROM, MISSING_TO]
relation	7215090	[INVALID_MEMBERS, MISSING_FROM]
relation	7215091	[INVALID_MEMBERS, MISSING_FROM]
relation	7215092	[INVALID_MEMBERS, MISSING_FROM]
redundant_relation	7215093	direction_blocked_no
redundant_relation	7215096	direction_blocked_no
relation	7244637	[INVALID_MEMBERS, MISSING_TO, MISSING_VIA]
relation	7244640	[INVALID_MEMBERS, MISSING_VIA]
relation	7244641	[INVALID_MEMBERS, MISSING_FROM]
relation	7244653	[INVALID_MEMBERS, MISSING_TO, UNKNOWN_ROLE]
relation	7244654	[DISCONNECTED_VIA]
relation	7244660	[DISCONNECTED_VIA]
relation	7244661	[INVALID_MEMBERS, MISSING_FROM, UNKNOWN_ROLE]
relation	7254213	[INVALID_MEMBERS, MISSING_FROM, MISSING_TO]
relation	7254214	[INVALID_MEMBERS, MISSING_FROM, MISSING_TO]
relation	7254216	[INVALID_MEMBERS, MISSING_TO, MISSING_VIA]
relation	7254228	[INVALID_MEMBERS, MISSING_VIA]
relation	7254229	[INVALID_MEMBERS, MISSING_FROM, MISSING_VIA]
relation	7254232	[INVALID_MEMBERS, MISSING_FROM, MISSING_TO]
relation	7262536	[DISCONNECTED_VIA]
redundant_relation	7262537	direction_blocked_no
redundant_relation	7262572	direction_blocked_no
redundant_relation	7262573	direction_blocked_no
redundant_relation	7262574	direction_blocked_no
redundant_relation	7262576	direction_blocked_no
relation	7266572	[DISCONNECTED_VIA]
redundant_relation	7266573	direction_blocked_no
relation	7266576	[DISCONNECTED_VIA]
redundant_relation	7266577	direction_blocked_no
redundant_relation	7266578	direction_blocked_no
relation	7266579	[DISCONNECTED_VIA]
redundant_relation	7266580	direction_blocked_no
redundant_relation	7269751	direction_blocked_no
redundant_relation	7290014	direction_blocked_no
relation	7314334	[INVALID_MEMBERS, MISSING_FROM]
relation	7314349	[INVALID_MEMBERS, MISSING_FROM]
relation	7314350	[INVALID_MEMBERS, MISSING_FROM]
relation	7314351	[INVALID_MEMBERS, MISSING_FROM, MISSING_TO]
relation	7314353	[INVALID_MEMBERS, MISSING_TO]
relation	7339747	[INVALID_MEMBERS, MISSING_VIA]
relation	7339748	[INVALID_MEMBERS, MISSING_TO, MISSING_VIA]
relation	7339749	[INVALID_MEMBERS, MISSING_TO, MISSING_VIA]
relation	7339750	[INVALID_MEMBERS, MISSING_VIA]
relation	7339751	[INVALID_MEMBERS, MISSING_FROM, MISSING_VIA]
relation	7339752	[INVALID_MEMBERS, MISSING_FROM, MISSING_VIA]
relation	7339757	[INVALID_MEMBERS, MISSING_TO, MISSING_VIA]
relation	7339759	[INVALID_MEMBERS, MISSING_VIA]
relation	7339760	[INVALID_MEMBERS, MISSING_TO, MISSING_VIA]
relation	7358194	[INVALID_MEMBERS, MISSING_FROM, MISSING_TO]
relation	7358195	[INVALID_MEMBERS, MISSING_FROM, MISSING_TO]
relation	7361228	[INVALID_MEMBERS, MISSING_FROM]
relation	7361229	[INVALID_MEMBERS, MISSING_FROM, MISSING_TO]
relation	7363172	[INVALID_MEMBERS, MISSING_TO]
relation	7363768	[INVALID_MEMBERS, MISSING_FROM, MISSING_TO]
redundant_relation	7365608	direction_blocked_no
redundant_relation	7365609	direction_blocked_no
relation	7365610	[INVALID_MEMBERS, MISSING_FROM]
relation	7365611	[INVALID_MEMBERS, MISSING_FROM]
relation	7365612	[INVALID_MEMBERS, MISSING_FROM]
relation	7365613	[DISCONNECTED_VIA]
relation	7365614	[INVALID_MEMBERS, MISSING_TO]
redundant_relation	7365616	direction_blocked_no
relation	7365617	[INVALID_MEMBERS, MISSING_TO]
redundant_relation	7365744	direction_blocked_no
redundant_relation	7365745	direction_blocked_no
relation	7365746	[INVALID_MEMBERS, MISSING_FROM, MISSING_TO]
relation	7365747	[INVALID_MEMBERS, MISSING_FROM]
relation	7365748	[INVALID_MEMBERS, MISSING_FROM]
redundant_relation	7365749	direction_blocked_no
relation	7365750	[INVALID_MEMBERS, MISSING_TO]
relation	7365752	[INVALID_MEMBERS, MISSING_TO]
redundant_relation	7365753	direction_blocked_no
redundant_relation	7369843	direction_blocked_no
redundant_relation	7369844	direction_blocked_no
redundant_relation	7369845	direction_blocked_no
relation	7383523	[DISCONNECTED_VIA]
relation	7472705	[INVALID_MEMBERS, MISSING_TO]
relation	7472706	[INVALID_MEMBERS, MISSING_TO]
relation	7489483	[INVALID_MEMBERS, MISSING_FROM, MISSING_TO]
relation	7489485	[INVALID_MEMBERS, MISSING_FROM, MISSING_TO]
relation	7514478	[INVALID_MEMBERS, MISSING_TO]
relation	7514479	[INVALID_MEMBERS, WAY_NOT_ACCEPTED, MISSING_TO]
relation	7514480	[INVALID_MEMBERS, WAY_NOT_ACCEPTED, MISSING_TO]
relation	7514481	[INVALID_MEMBERS, MISSING_TO]
relation	7514482	[INVALID_MEMBERS, MISSING_TO]
relation	7514483	[INVALID_MEMBERS, WAY_NOT_ACCEPTED, MISSING_TO]
relation	7514484	[INVALID_MEMBERS, WAY_NOT_ACCEPTED, MISSING_TO]
relation	7514554	[INVALID_MEMBERS, MISSING_TO]
relation	7514555	[INVALID_MEMBERS, MISSING_FROM]
relation	7514556	[WAY_NOT_ACCEPTED]
relation	7514557	[WAY_NOT_ACCEPTED]
relation	7516227	[INVALID_MEMBERS, MISSING_FROM]
redundant_relation	7516228	direction_blocked_no
redundant_relation	7516229	direction_blocked_no
relation	7516230	[INVALID_MEMBERS, MISSING_FROM]
relation	7516231	[INVALID_MEMBERS, MISSING_FROM]
relation	7516232	[INVALID_MEMBERS, MISSING_TO]
relation	7516234	[INVALID_MEMBERS, MISSING_FROM]
redundant_relation	7516239	direction_blocked_no
redundant_relation	7516240	direction_blocked_no
redundant_relation	7516241	direction_blocked_no
redundant_relation	7516242	direction_blocked_no
redundant_relation	7516243	direction_blocked_no
relation	7516245	[WAY_NOT_ACCEPTED]
relation	7516246	[WAY_NOT_ACCEPTED]
relation	7516248	[INVALID_MEMBERS, MISSING_FROM, MISSING_TO]
relation	7519363	[INVALID_MEMBERS, MISSING_FROM]
relation	7519364	[INVALID_MEMBERS, MISSING_TO]
relation	7537716	[INVALID_MEMBERS, MISSING_TO, MISSING_VIA]
relation	7549410	[INVALID_MEMBERS, MISSING_FROM, MISSING_TO]
relation	7549640	[INVALID_MEMBERS, MISSING_FROM, MISSING_TO]
redundant_relation	7555098	direction_blocked_no
redundant_relation	7555099	direction_blocked_no
redundant_relation	7555100	direction_blocked_no
redundant_relation	7555120	direction_blocked_no
redundant_relation	7555121	direction_blocked_no
redundant_relation	7555122	direction_blocked_no
relation	7564776	[INVALID_MEMBERS, MISSING_FROM]
relation	7564780	[WAY_NOT_ACCEPTED]
relation	7615847	[INVALID_MEMBERS, MISSING_TO]
relation	7615848	[INVALID_MEMBERS, MISSING_FROM]
relation	7623757	[INVALID_MEMBERS, MISSING_FROM, MISSING_TO]
relation	7686871	[INVALID_MEMBERS, MISSING_TO]
redundant_relation	7686872	direction_blocked_no
relation	7686922	[INVALID_MEMBERS, MISSING_TO]
relation	7691629	[INVALID_MEMBERS, MISSING_FROM, MISSING_TO]
redundant_relation	7744292	direction_blocked_no
relation	7774330	[INVALID_MEMBERS, MISSING_TO]
relation	7774331	[INVALID_MEMBERS, MISSING_FROM]
relation	7774332	[INVALID_MEMBERS, MISSING_FROM]
relation	7791870	[INVALID_MEMBERS, MISSING_TO]
relation	7791871	[INVALID_MEMBERS, MISSING_TO]
relation	7791873	[INVALID_MEMBERS, MISSING_TO]
relation	7791874	[INVALID_MEMBERS, MISSING_TO]
relation	7791875	[INVALID_MEMBERS, MISSING_FROM]
relation	7791876	[INVALID_MEMBERS, MISSING_TO]
relation	7873636	[INVALID_MEMBERS, MISSING_VIA]
relation	7873637	[INVALID_MEMBERS, MISSING_VIA]
relation	7873638	[INVALID_MEMBERS, MISSING_VIA]
relation	7873639	[INVALID_MEMBERS, MISSING_VIA]
relation	7873640	[INVALID_MEMBERS, MISSING_VIA]
relation	7873641	[INVALID_MEMBERS, MISSING_VIA]
redundant_relation	7879002	direction_blocked_no
redundant_relation	7879003	direction_blocked_no
relation	7890208	[INVALID_MEMBERS, MISSING_FROM, MISSING_TO]
relation	7891819	[INVALID_MEMBERS, MISSING_FROM, MISSING_TO]
relation	7891822	[INVALID_MEMBERS, MISSING_FROM, MISSING_TO]
relation	7891828	[INVALID_MEMBERS, MISSING_TO, MISSING_VIA]
relation	7891829	[INVALID_MEMBERS, MISSING_VIA]
relation	7891903	[INVALID_MEMBERS, MISSING_TO, MISSING_VIA]
relation	7891904	[INVALID_MEMBERS, MISSING_VIA]
relation	7891905	[INVALID_MEMBERS, MISSING_VIA]
relation	7891906	[INVALID_MEMBERS, MISSING_TO, MISSING_VIA]
relation	7891907	[INVALID_MEMBERS, MISSING_FROM, MISSING_VIA]
relation	7891910	[INVALID_MEMBERS, MISSING_FROM, MISSING_VIA]
relation	7894182	[INVALID_MEMBERS, MISSING_FROM, MISSING_TO]
relation	7894183	[INVALID_MEMBERS, MISSING_FROM, MISSING_TO]
relation	7908762	[INVALID_MEMBERS, MISSING_VIA]
relation	7908763	[INVALID_MEMBERS, MISSING_FROM, MISSING_VIA]
relation	7920313	[INVALID_MEMBERS, MISSING_VIA]
relation	7950520	[INVALID_MEMBERS, MISSING_VIA]
relation	7950522	[INVALID_MEMBERS, MISSING_VIA]
relation	7950523	[INVALID_MEMBERS, MISSING_VIA]
relation	7950524	[INVALID_MEMBERS, MISSING_VIA]
relation	7950525	[INVALID_MEMBERS, MISSING_VIA]
relation	7950526	[INVALID_MEMBERS, MISSING_VIA]
relation	7950527	[INVALID_MEMBERS, MISSING_VIA]
relation	7950528	[INVALID_MEMBERS, MISSING_VIA]
relation	7950529	[INVALID_MEMBERS, MISSING_VIA]
relation	7963097	[INVALID_MEMBERS, MISSING_VIA]
relation	7963099	[INVALID_MEMBERS, MISSING_FROM, MISSING_VIA]
relation	7963100	[INVALID_MEMBERS, MISSING_FROM, MISSING_TO]
relation	7963101	[INVALID_MEMBERS, MISSING_FROM, MISSING_TO]
relation	7989455	[INVALID_MEMBERS, MISSING_TO]
relation	7989456	[INVALID_MEMBERS, MISSING_TO]
relation	7989458	[INVALID_MEMBERS, MISSING_FROM, MISSING_TO]
relation	7989462	[INVALID_MEMBERS, MISSING_FROM, MISSING_TO]
relation	8000331	[INVALID_MEMBERS, WAY_NOT_ACCEPTED, MISSING_FROM, MISSING_VIA]
relation	8000333	[INVALID_MEMBERS, MISSING_VIA]
relation	8000334	[INVALID_MEMBERS, WAY_NOT_ACCEPTED, MISSING_VIA]
relation	8000335	[INVALID_MEMBERS, MISSING_TO]
relation	8000339	[INVALID_MEMBERS, MISSING_TO]
relation	8000341	[INVALID_MEMBERS, WAY_NOT_ACCEPTED, MISSING_VIA]
relation	8000342	[INVALID_MEMBERS, MISSING_VIA]
relation	8000343	[INVALID_MEMBERS, MISSING_VIA]
relation	8000344	[INVALID_MEMBERS, WAY_NOT_ACCEPTED, MISSING_VIA]
relation	8000359	[INVALID_MEMBERS, MISSING_FROM, MISSING_TO]
redundant_relation	8000523	direction_blocked_no
redundant_relation	8000524	direction_blocked_no
redundant_relation	8000525	direction_blocked_no
relation	8013717	[DISCONNECTED_VIA]
relation	8013718	[DISCONNECTED_VIA]
relation	8020426	[INVALID_MEMBERS, MISSING_VIA]
relation	8020429	[INVALID_MEMBERS, MISSING_TO]
relation	8020431	[INVALID_MEMBERS, MISSING_FROM]
relation	8020432	[INVALID_MEMBERS, MISSING_FROM]
relation	8020433	[INVALID_MEMBERS, MISSING_TO]
relation	8033988	[WAY_NOT_ACCEPTED]
relation	8033989	[INVALID_MEMBERS, MISSING_TO, MISSING_VIA]
redundant_relation	8035927	direction_blocked_no
relation	8060751	[INVALID_MEMBERS, MISSING_FROM, MISSING_TO]
relation	8060752	[INVALID_MEMBERS, MISSING_FROM, MISSING_TO]
redundant_relation	8065240	direction_blocked_no
redundant_relation	8065244	direction_blocked_no
relation	8065255	[INVALID_MEMBERS, MISSING_TO]
redundant_relation	8065259	direction_blocked_no
redundant_relation	8065260	direction_blocked_no
relation	8065263	[INVALID_MEMBERS, MISSING_FROM]
relation	8065264	[INVALID_MEMBERS, MISSING_TO]
redundant_relation	8065329	direction_blocked_no
relation	8074495	[INVALID_MEMBERS, MISSING_FROM]
relation	8074497	[DISCONNECTED_VIA]
relation	8107282	[INVALID_MEMBERS, MISSING_FROM]
redundant_relation	8107470	direction_blocked_no
redundant_relation	8107471	direction_blocked_no
relation	8148703	[INVALID_MEMBERS, MISSING_TO, MISSING_VIA]
redundant_relation	8166611	direction_blocked_no
redundant_relation	8166615	direction_blocked_no
relation	8166617	[DISCONNECTED_VIA]
relation	8166618	[DISCONNECTED_VIA]
redundant_relation	8166638	direction_blocked_no
redundant_relation	8166640	direction_blocked_no
redundant_relation	8166645	direction_blocked_no
redundant_relation	8166646	direction_blocked_no
redundant_relation	8166648	direction_blocked_no
redundant_relation	8166649	direction_blocked_no
redundant_relation	8166651	direction_blocked_no
relation	8166652	[DISCONNECTED_VIA]
relation	8166653	[DISCONNECTED_VIA]
redundant_relation	8166654	direction_blocked_no
redundant_relation	8166656	direction_blocked_no
relation	8182056	[INVALID_MEMBERS, MISSING_TO]
redundant_relation	8182057	direction_blocked_no
relation	8182058	[INVALID_MEMBERS, MISSING_FROM]
relation	8182059	[INVALID_MEMBERS, MISSING_FROM, MISSING_TO]
redundant_relation	8182061	direction_blocked_no
redundant_relation	8182062	direction_blocked_no
relation	8182063	[INVALID_MEMBERS, MISSING_FROM, MISSING_TO]
relation	8182068	[DIRECTION_CONFLICT]
relation	8185011	[DIRECTION_CONFLICT]
relation	8185012	[DIRECTION_CONFLICT]
redundant_relation	8185013	direction_blocked_no
relation	8185014	[INVALID_MEMBERS, MISSING_TO]
redundant_relation	8235004	direction_blocked_no
relation	8235005	[INVALID_MEMBERS, MISSING_FROM]
relation	8235006	[DIRECTION_CONFLICT]
relation	8235008	[INVALID_MEMBERS, MISSING_VIA]
relation	8235010	[INVALID_MEMBERS, MISSING_VIA]
relation	8235013	[INVALID_MEMBERS, MISSING_FROM, MISSING_TO]
relation	8235014	[INVALID_MEMBERS, MISSING_VIA]
redundant_relation	8235015	direction_blocked_no
redundant_relation	8235016	direction_blocked_no
relation	8235021	[INVALID_MEMBERS, MISSING_FROM, MISSING_TO]
relation	8235022	[INVALID_MEMBERS, MISSING_FROM]
redundant_relation	8235023	direction_blocked_no
redundant_relation	8235024	direction_blocked_no
relation	8235027	[INVALID_MEMBERS, MISSING_FROM, MISSING_TO]
redundant_relation	8235028	direction_blocked_no
redundant_relation	8235045	direction_blocked_no
redundant_relation	8235046	direction_blocked_no
redundant_relation	8235047	direction_blocked_no
relation	8235048	[INVALID_MEMBERS, MISSING_TO]
redundant_relation	8235049	direction_blocked_no
redundant_relation	8235050	direction_blocked_no
relation	8235052	[INVALID_MEMBERS, MISSING_FROM]
relation	8235053	[INVALID_MEMBERS, MISSING_FROM]
relation	8255396	[INVALID_MEMBERS, MISSING_FROM, MISSING_TO]
relation	8257062	[INVALID_MEMBERS, MISSING_FROM, MISSING_TO]
relation	8257063	[INVALID_MEMBERS, MISSING_FROM, MISSING_TO]
relation	8257064	[INVALID_MEMBERS, MISSING_FROM, MISSING_TO]
relation	8257071	[INVALID_MEMBERS, MISSING_FROM]
relation	8257072	[INVALID_MEMBERS, MISSING_TO]
relation	8257073	[INVALID_MEMBERS, MISSING_FROM]
redundant_relation	8283505	direction_blocked_no
redundant_relation	8283506	direction_blocked_no
redundant_relation	8283507	direction_blocked_no
relation	8283508	[INVALID_MEMBERS, MISSING_TO]
relation	8283510	[INVALID_MEMBERS, MISSING_FROM]
relation	8301295	[VIA_WAY_DEFERRED, DISCONNECTED_VIA]
relation	8302505	[INVALID_MEMBERS, MISSING_TO, MISSING_VIA]
relation	8302701	[INVALID_MEMBERS, MISSING_FROM, MISSING_VIA]
relation	8316995	[INVALID_MEMBERS, MISSING_FROM, MISSING_TO]
relation	8461349	[INVALID_MEMBERS, MISSING_FROM, MISSING_TO, MISSING_VIA, UNKNOWN_ROLE]
redundant_relation	8463385	direction_blocked_no
redundant_relation	8481484	direction_blocked_no
redundant_relation	8481485	direction_blocked_no
redundant_relation	8481486	direction_blocked_no
relation	8489651	[INVALID_MEMBERS, MISSING_FROM, MISSING_TO]
relation	8489655	[INVALID_MEMBERS, MISSING_FROM, MISSING_TO]
relation	8489658	[INVALID_MEMBERS, MISSING_FROM, MISSING_TO]
relation	8489663	[INVALID_MEMBERS, MISSING_FROM, MISSING_TO]
relation	8489666	[INVALID_MEMBERS, MISSING_FROM, MISSING_TO]
relation	8489668	[INVALID_MEMBERS, MISSING_FROM]
relation	8489669	[INVALID_MEMBERS, MISSING_FROM]
relation	8501406	[INVALID_MEMBERS, MISSING_TO]
relation	8536146	[INVALID_MEMBERS, MISSING_TO]
relation	8536148	[INVALID_MEMBERS, MISSING_TO]
redundant_relation	8536149	direction_blocked_no
relation	8654357	[INVALID_MEMBERS, MISSING_FROM]
relation	8771143	[INVALID_MEMBERS, MISSING_FROM]
relation	8771158	[INVALID_MEMBERS, MISSING_FROM]
redundant_relation	8771165	direction_blocked_no
redundant_relation	8771167	direction_blocked_no
relation	8787912	[INVALID_MEMBERS, MISSING_FROM]
relation	8787917	[INVALID_MEMBERS, MISSING_TO]
redundant_relation	8787918	direction_blocked_no
relation	8787919	[INVALID_MEMBERS, MISSING_FROM, MISSING_TO]
relation	8787920	[INVALID_MEMBERS, MISSING_FROM, MISSING_TO]
relation	8787921	[INVALID_MEMBERS, MISSING_FROM]
relation	8787922	[INVALID_MEMBERS, MISSING_TO]
redundant_relation	8787923	direction_blocked_no
relation	8799118	[INVALID_MEMBERS, MISSING_FROM, MISSING_TO]
relation	8799119	[INVALID_MEMBERS, MISSING_FROM, MISSING_TO]
relation	8799305	[INVALID_MEMBERS, MISSING_FROM, MISSING_TO]
relation	8800088	[INVALID_MEMBERS, MISSING_FROM, MISSING_VIA]
relation	8819992	[INVALID_MEMBERS, MISSING_TO, MISSING_VIA]
relation	8819993	[INVALID_MEMBERS, MISSING_VIA]
relation	8819994	[INVALID_MEMBERS, MISSING_FROM, MISSING_VIA]
relation	8819996	[INVALID_MEMBERS, MISSING_VIA]
relation	8819997	[INVALID_MEMBERS, MISSING_TO, MISSING_VIA]
relation	8819998	[INVALID_MEMBERS, MISSING_FROM, MISSING_VIA]
relation	8843271	[INVALID_MEMBERS, MISSING_FROM]
relation	8871498	[INVALID_MEMBERS, VIA_WAY_DEFERRED, MISSING_TO]
relation	8871502	[INVALID_MEMBERS, MISSING_TO]
redundant_relation	8880439	direction_blocked_no
relation	8907230	[WAY_NOT_ACCEPTED]
relation	8907231	[WAY_NOT_ACCEPTED]
relation	8907232	[WAY_NOT_ACCEPTED]
relation	8907233	[WAY_NOT_ACCEPTED]
relation	8907234	[WAY_NOT_ACCEPTED]
relation	8907235	[WAY_NOT_ACCEPTED]
relation	8907236	[WAY_NOT_ACCEPTED]
relation	8907237	[WAY_NOT_ACCEPTED]
relation	8907238	[WAY_NOT_ACCEPTED]
relation	8907239	[WAY_NOT_ACCEPTED]
relation	8907240	[WAY_NOT_ACCEPTED]
relation	8907241	[WAY_NOT_ACCEPTED]
relation	9157729	[DISCONNECTED_VIA]
relation	9157730	[DISCONNECTED_VIA]
relation	9157731	[INVALID_MEMBERS, MISSING_VIA]
relation	9157732	[DISCONNECTED_VIA]
redundant_relation	9157736	direction_blocked_no
redundant_relation	9157737	direction_blocked_no
relation	9157739	[INVALID_MEMBERS, MISSING_TO, MISSING_VIA]
relation	9157740	[INVALID_MEMBERS, MISSING_FROM]
relation	9157741	[INVALID_MEMBERS, MISSING_VIA]
relation	9157742	[INVALID_MEMBERS, MISSING_VIA]
relation	9157743	[INVALID_MEMBERS, MISSING_FROM, MISSING_VIA]
relation	9157746	[INVALID_MEMBERS, MISSING_FROM, MISSING_TO]
redundant_relation	9157748	direction_blocked_no
redundant_relation	9157755	direction_blocked_no
relation	9157756	[INVALID_MEMBERS, MISSING_FROM]
relation	9157757	[INVALID_MEMBERS, MISSING_FROM]
redundant_relation	9157758	direction_blocked_no
redundant_relation	9157759	direction_blocked_no
redundant_relation	9157760	direction_blocked_no
redundant_relation	9157761	direction_blocked_no
relation	9157762	[INVALID_MEMBERS, MISSING_TO]
relation	9157763	[INVALID_MEMBERS, MISSING_TO]
redundant_relation	9157764	direction_blocked_no
redundant_relation	9157765	direction_blocked_no
relation	9157766	[INVALID_MEMBERS, MISSING_TO]
redundant_relation	9157767	direction_blocked_no
relation	9195810	[INVALID_MEMBERS, MISSING_TO]
relation	9195811	[INVALID_MEMBERS, MISSING_FROM]
relation	9195812	[INVALID_MEMBERS, MISSING_FROM]
relation	9210966	[INVALID_MEMBERS, WAY_NOT_ACCEPTED, MISSING_FROM, MISSING_VIA]
relation	9210967	[INVALID_MEMBERS, WAY_NOT_ACCEPTED, MISSING_TO, MISSING_VIA]
relation	9211259	[INVALID_MEMBERS, WAY_NOT_ACCEPTED, MISSING_TO]
relation	9211260	[INVALID_MEMBERS, WAY_NOT_ACCEPTED, MISSING_FROM]
relation	9212365	[INVALID_MEMBERS, MISSING_TO]
relation	9212366	[INVALID_MEMBERS, MISSING_TO]
relation	9227524	[INVALID_MEMBERS, MISSING_FROM]
relation	9227525	[INVALID_MEMBERS, MISSING_FROM]
relation	9227526	[INVALID_MEMBERS, MISSING_TO]
relation	9227527	[INVALID_MEMBERS, MISSING_TO]
relation	9240727	[INVALID_MEMBERS, MISSING_TO, MISSING_VIA]
relation	9305676	[INVALID_MEMBERS, MISSING_FROM]
redundant_relation	9305677	direction_blocked_no
relation	9306113	[INVALID_MEMBERS, MISSING_TO]
relation	9318760	[INVALID_MEMBERS, MISSING_FROM]
relation	9352548	[INVALID_MEMBERS, MISSING_FROM, MISSING_TO]
relation	9352549	[INVALID_MEMBERS, MISSING_FROM]
relation	9352550	[INVALID_MEMBERS, MISSING_FROM, MISSING_TO]
relation	9352551	[INVALID_MEMBERS, MISSING_FROM, MISSING_VIA]
relation	9352553	[INVALID_MEMBERS, MISSING_TO, MISSING_VIA]
relation	9352554	[INVALID_MEMBERS, MISSING_VIA]
redundant_relation	9352555	direction_blocked_no
relation	9352556	[INVALID_MEMBERS, MISSING_TO]
relation	9415861	[WAY_NOT_ACCEPTED]
relation	9424647	[INVALID_MEMBERS, MISSING_TO]
redundant_relation	9424649	direction_blocked_no
redundant_relation	9424650	direction_blocked_no
relation	9424651	[INVALID_MEMBERS, MISSING_FROM, MISSING_TO]
relation	9424653	[INVALID_MEMBERS, MISSING_TO]
relation	9424654	[INVALID_MEMBERS, MISSING_TO, MISSING_VIA]
relation	9424655	[INVALID_MEMBERS, MISSING_VIA]
relation	9424656	[INVALID_MEMBERS, MISSING_FROM, MISSING_VIA]
relation	9424658	[INVALID_MEMBERS, MISSING_VIA]
relation	9424659	[INVALID_MEMBERS, MISSING_TO, MISSING_VIA]
relation	9424660	[INVALID_MEMBERS, MISSING_FROM, MISSING_VIA]
relation	9424662	[INVALID_MEMBERS, MISSING_VIA]
redundant_relation	9424665	direction_blocked_no
relation	9461070	[INVALID_MEMBERS, MISSING_FROM, MISSING_TO]
relation	9461071	[INVALID_MEMBERS, MISSING_FROM, MISSING_TO]
relation	9461072	[INVALID_MEMBERS, MISSING_FROM, MISSING_TO]
relation	9497397	[INVALID_MEMBERS, VIA_WAY_DEFERRED, MISSING_FROM]
relation	9504955	[INVALID_MEMBERS, MISSING_FROM]
relation	9504957	[INVALID_MEMBERS, MISSING_TO]
relation	9598569	[INVALID_MEMBERS, MISSING_FROM, MISSING_TO]
relation	9598581	[INVALID_MEMBERS, MISSING_FROM, MISSING_TO]
relation	9598586	[INVALID_MEMBERS, MISSING_FROM, MISSING_TO]
relation	9611370	[INVALID_MEMBERS, MISSING_FROM]
relation	9760397	[INVALID_MEMBERS, MISSING_FROM, MISSING_TO]
relation	9760398	[INVALID_MEMBERS, MISSING_TO]
relation	9772191	[INVALID_MEMBERS, MISSING_TO]
relation	9772192	[INVALID_MEMBERS, MISSING_FROM]
relation	9856922	[DISCONNECTED_VIA]
relation	9856924	[DISCONNECTED_VIA]
relation	9861828	[DISCONNECTED_VIA]
relation	9861830	[DISCONNECTED_VIA]
relation	9933249	[INVALID_MEMBERS, MISSING_TO]
relation	9933250	[INVALID_MEMBERS, MISSING_FROM]
relation	9933251	[INVALID_MEMBERS, MISSING_TO]
relation	10095242	[INVALID_MEMBERS, WAY_NOT_ACCEPTED, UNKNOWN_ROLE]
relation	10104306	[INVALID_MEMBERS, MISSING_FROM, MISSING_TO]
relation	10104308	[INVALID_MEMBERS, MISSING_FROM, MISSING_TO]
relation	10104309	[INVALID_MEMBERS, MISSING_TO]
relation	10104312	[INVALID_MEMBERS, MISSING_FROM, MISSING_TO]
relation	10104313	[INVALID_MEMBERS, MISSING_FROM, MISSING_TO]
relation	10104314	[INVALID_MEMBERS, MISSING_FROM, MISSING_TO]
relation	10104317	[INVALID_MEMBERS, MISSING_FROM, MISSING_TO]
relation	10104318	[INVALID_MEMBERS, VIA_WAY_DEFERRED, MISSING_FROM, MISSING_TO]
redundant_relation	10121884	direction_blocked_no
relation	10228229	[INVALID_MEMBERS, MISSING_FROM, MISSING_TO]
relation	10228233	[INVALID_MEMBERS, MISSING_FROM, MISSING_TO]
relation	10228246	[INVALID_MEMBERS, MISSING_FROM, MISSING_TO]
relation	10228250	[INVALID_MEMBERS, MISSING_FROM, MISSING_TO]
relation	10295370	[INVALID_MEMBERS, MISSING_TO]
relation	10295371	[INVALID_MEMBERS, MISSING_FROM]
relation	10295372	[INVALID_MEMBERS, MISSING_FROM, MISSING_TO]
relation	10295379	[INVALID_MEMBERS, MISSING_FROM, MISSING_TO]
relation	10357161	[INVALID_MEMBERS, MISSING_VIA]
relation	10357186	[INVALID_MEMBERS, MISSING_VIA]
relation	10369079	[INVALID_MEMBERS, MISSING_FROM, MISSING_TO]
relation	10369080	[INVALID_MEMBERS, MISSING_FROM, MISSING_TO]
relation	10369081	[INVALID_MEMBERS, MISSING_FROM, MISSING_TO]
relation	10369082	[INVALID_MEMBERS, MISSING_FROM, MISSING_TO]
relation	10369083	[INVALID_MEMBERS, MISSING_FROM, MISSING_TO]
relation	10369084	[INVALID_MEMBERS, MISSING_FROM, MISSING_TO]
relation	10369085	[INVALID_MEMBERS, MISSING_FROM, MISSING_TO]
relation	10369086	[INVALID_MEMBERS, MISSING_FROM, MISSING_TO]
relation	10369087	[INVALID_MEMBERS, MISSING_FROM]
relation	10369088	[INVALID_MEMBERS, MISSING_FROM, MISSING_TO]
relation	10369089	[INVALID_MEMBERS, MISSING_FROM, MISSING_TO]
relation	10369090	[INVALID_MEMBERS, MISSING_FROM, MISSING_TO]
relation	10369091	[INVALID_MEMBERS, MISSING_TO]
relation	10369092	[INVALID_MEMBERS, MISSING_FROM, MISSING_TO]
relation	10369093	[INVALID_MEMBERS, MISSING_FROM, MISSING_TO]
relation	10369094	[INVALID_MEMBERS, MISSING_FROM, MISSING_TO]
redundant_relation	10408642	direction_blocked_no
relation	10434457	[INVALID_MEMBERS, MISSING_FROM, MISSING_TO]
relation	10434458	[INVALID_MEMBERS, MISSING_FROM, MISSING_TO]
relation	10434459	[INVALID_MEMBERS, MISSING_FROM, MISSING_TO]
relation	10811458	[INVALID_MEMBERS, MISSING_FROM, MISSING_TO]
relation	10811462	[INVALID_MEMBERS, MISSING_FROM]
relation	10811463	[INVALID_MEMBERS, MISSING_VIA]
relation	10845350	[INVALID_MEMBERS, WAY_NOT_ACCEPTED, MISSING_TO, MISSING_VIA]
relation	10962906	[INVALID_MEMBERS, MISSING_TO]
relation	10962907	[INVALID_MEMBERS, MISSING_TO]
relation	10962909	[INVALID_MEMBERS, MISSING_FROM]
relation	11038503	[INVALID_MEMBERS, MISSING_FROM]
redundant_relation	11038504	direction_blocked_no
relation	11038505	[INVALID_MEMBERS, MISSING_TO]
relation	11038506	[INVALID_MEMBERS, MISSING_TO]
relation	11076424	[INVALID_MEMBERS, MISSING_FROM]
relation	11087081	[INVALID_MEMBERS, MISSING_FROM, MISSING_TO]
redundant_relation	11129166	direction_blocked_no
relation	11151730	[WAY_NOT_ACCEPTED]
relation	11180873	[INVALID_MEMBERS, MISSING_FROM, MISSING_TO]
relation	11180874	[INVALID_MEMBERS, MISSING_FROM, MISSING_TO]
relation	11262931	[INVALID_MEMBERS, MISSING_FROM, MISSING_TO]
relation	11368681	[INVALID_MEMBERS, MISSING_FROM]
relation	11368756	[INVALID_MEMBERS, MISSING_FROM]
relation	11368829	[INVALID_MEMBERS, MISSING_FROM]
relation	11368830	[INVALID_MEMBERS, MISSING_TO, MISSING_VIA]
relation	11368832	[INVALID_MEMBERS, MISSING_FROM]
relation	11368833	[INVALID_MEMBERS, MISSING_FROM, MISSING_VIA]
relation	11572678	[INVALID_MEMBERS, MISSING_TO, MISSING_VIA]
relation	11572680	[INVALID_MEMBERS, MISSING_TO, MISSING_VIA]
relation	11572681	[INVALID_MEMBERS, MISSING_VIA]
relation	11572682	[INVALID_MEMBERS, MISSING_FROM, MISSING_VIA]
relation	11572684	[INVALID_MEMBERS, MISSING_VIA]
relation	11572685	[INVALID_MEMBERS, MISSING_TO, MISSING_VIA]
relation	11572686	[INVALID_MEMBERS, MISSING_VIA]
relation	11572687	[INVALID_MEMBERS, MISSING_FROM, MISSING_VIA]
relation	11572688	[INVALID_MEMBERS, MISSING_FROM]
relation	11572712	[INVALID_MEMBERS, MISSING_TO, MISSING_VIA]
relation	11639673	[INVALID_MEMBERS, MISSING_FROM, MISSING_VIA]
relation	11724881	[INVALID_MEMBERS, MISSING_VIA]
relation	11724883	[INVALID_MEMBERS, MISSING_VIA]
relation	11724884	[INVALID_MEMBERS, MISSING_VIA]
relation	11724885	[INVALID_MEMBERS, MISSING_VIA]
redundant_relation	11732979	direction_blocked_no
redundant_relation	11732980	direction_blocked_no
redundant_relation	11732981	direction_blocked_no
relation	11737362	[INVALID_MEMBERS, MISSING_FROM, MISSING_TO]
relation	11737374	[INVALID_MEMBERS, MISSING_FROM, MISSING_TO]
redundant_relation	11737376	direction_blocked_no
relation	11737383	[INVALID_MEMBERS, MISSING_FROM, MISSING_TO]
relation	11766997	[INVALID_MEMBERS, MISSING_VIA]
relation	11810242	[INVALID_MEMBERS, MISSING_FROM, MISSING_VIA]
relation	11955920	[INVALID_MEMBERS, MISSING_TO]
relation	11955921	[INVALID_MEMBERS, MISSING_TO]
relation	11955922	[INVALID_MEMBERS, MISSING_FROM, MISSING_TO]
redundant_relation	11955923	direction_blocked_no
redundant_relation	11955924	direction_blocked_no
redundant_relation	12007314	direction_blocked_no
relation	12030513	[INVALID_MEMBERS, MISSING_FROM, MISSING_TO]
relation	12222409	[DIRECTION_CONFLICT]
redundant_relation	12222410	direction_blocked_no
relation	12226956	[INVALID_MEMBERS, MISSING_TO]
relation	12226957	[INVALID_MEMBERS, MISSING_FROM, MISSING_TO]
relation	12226958	[INVALID_MEMBERS, MISSING_TO]
relation	12226960	[INVALID_MEMBERS, MISSING_FROM, MISSING_TO]
relation	12226963	[DIRECTION_CONFLICT]
redundant_relation	12226964	direction_blocked_no
redundant_relation	12226966	direction_blocked_no
redundant_relation	12228551	direction_blocked_no
redundant_relation	12228552	direction_blocked_no
relation	12228555	[INVALID_MEMBERS, MISSING_VIA]
relation	12228556	[INVALID_MEMBERS, MISSING_VIA]
redundant_relation	12228575	direction_blocked_no
relation	12232097	[INVALID_MEMBERS, MISSING_TO]
redundant_relation	12232098	direction_blocked_no
redundant_relation	12232099	direction_blocked_no
relation	12232100	[INVALID_MEMBERS, MISSING_TO]
redundant_relation	12232101	direction_blocked_no
redundant_relation	12232103	direction_blocked_no
redundant_relation	12239326	direction_blocked_no
redundant_relation	12239327	direction_blocked_no
relation	12254021	[WAY_NOT_ACCEPTED]
relation	12254022	[WAY_NOT_ACCEPTED]
relation	12254023	[WAY_NOT_ACCEPTED]
relation	12254024	[WAY_NOT_ACCEPTED]
redundant_relation	12284771	direction_blocked_no
redundant_relation	12284772	direction_blocked_no
relation	12307525	[INVALID_MEMBERS, MISSING_TO, MISSING_VIA]
relation	12307526	[INVALID_MEMBERS, MISSING_FROM]
redundant_relation	12336780	direction_blocked_no
relation	12336781	[INVALID_MEMBERS, MISSING_FROM, MISSING_VIA]
relation	12337050	[INVALID_MEMBERS, MISSING_VIA]
relation	12337102	[VIA_WAY_DEFERRED, DISCONNECTED_VIA]
relation	12337402	[INVALID_MEMBERS, VIA_WAY_DEFERRED]
redundant_relation	12337443	direction_blocked_no
redundant_relation	12337782	direction_blocked_no
redundant_relation	12338158	direction_blocked_no
relation	12344231	[INVALID_MEMBERS, MISSING_FROM]
relation	12344237	[INVALID_MEMBERS, MISSING_TO]
relation	12344238	[INVALID_MEMBERS, MISSING_VIA]
redundant_relation	12356861	direction_blocked_no
relation	12358436	[INVALID_MEMBERS, MISSING_FROM]
redundant_relation	12366541	direction_blocked_no
redundant_relation	12366542	direction_blocked_no
redundant_relation	12366543	direction_blocked_no
redundant_relation	12366544	direction_blocked_no
redundant_relation	12366545	direction_blocked_no
redundant_relation	12390637	direction_blocked_no
relation	12395474	[INVALID_MEMBERS, VIA_WAY_DEFERRED, UNKNOWN_ROLE]
relation	12401010	[INVALID_MEMBERS, VIA_WAY_DEFERRED, UNKNOWN_ROLE]
relation	12403688	[INVALID_MEMBERS, MISSING_FROM, MISSING_TO]
relation	12403689	[INVALID_MEMBERS, MISSING_FROM, MISSING_TO]
relation	12403690	[INVALID_MEMBERS, MISSING_FROM, MISSING_TO]
relation	12403691	[INVALID_MEMBERS, MISSING_FROM, MISSING_TO]
relation	12403692	[INVALID_MEMBERS, MISSING_FROM, MISSING_TO]
relation	12403693	[INVALID_MEMBERS, MISSING_FROM, MISSING_TO]
relation	12403694	[INVALID_MEMBERS, MISSING_FROM, MISSING_TO]
relation	12403695	[INVALID_MEMBERS, MISSING_FROM, MISSING_TO]
relation	12403700	[INVALID_MEMBERS, MISSING_FROM, MISSING_TO]
relation	12403701	[INVALID_MEMBERS, MISSING_FROM, MISSING_TO]
relation	12403702	[INVALID_MEMBERS, MISSING_FROM, MISSING_TO]
relation	12406906	[DIRECTION_CONFLICT]
relation	12406907	[INVALID_MEMBERS, MISSING_FROM]
redundant_relation	12406910	direction_blocked_no
redundant_relation	12406911	direction_blocked_no
relation	12406912	[INVALID_MEMBERS, MISSING_FROM]
relation	12406913	[INVALID_MEMBERS, MISSING_FROM]
relation	12406915	[INVALID_MEMBERS, MISSING_FROM]
redundant_relation	12433489	direction_blocked_no
redundant_relation	12433490	direction_blocked_no
relation	12465119	[INVALID_MEMBERS, MISSING_TO, MISSING_VIA]
redundant_relation	12466621	direction_blocked_no
relation	12475636	[DISCONNECTED_VIA]
relation	12480303	[INVALID_MEMBERS, VIA_WAY_DEFERRED, MISSING_TO]
relation	12480555	[INVALID_MEMBERS, MISSING_FROM, MISSING_VIA]
relation	12480801	[INVALID_MEMBERS, VIA_WAY_DEFERRED, UNKNOWN_ROLE]
redundant_relation	12481394	direction_blocked_no
relation	12481490	[INVALID_MEMBERS, MISSING_FROM, MISSING_TO]
relation	12481772	[INVALID_MEMBERS, MISSING_FROM]
relation	12481773	[INVALID_MEMBERS, MISSING_FROM, MISSING_TO]
relation	12499492	[WAY_NOT_ACCEPTED]
relation	12499495	[WAY_NOT_ACCEPTED]
relation	12499496	[WAY_NOT_ACCEPTED]
relation	12499497	[WAY_NOT_ACCEPTED]
relation	12499498	[WAY_NOT_ACCEPTED]
relation	12552075	[WAY_NOT_ACCEPTED]
relation	12552076	[WAY_NOT_ACCEPTED]
relation	12552077	[WAY_NOT_ACCEPTED]
relation	12591478	[INVALID_MEMBERS, MISSING_FROM, MISSING_TO]
relation	12702352	[INVALID_MEMBERS, MISSING_FROM, MISSING_TO]
relation	12702353	[INVALID_MEMBERS, MISSING_FROM, MISSING_TO]
relation	12729080	[INVALID_MEMBERS, MISSING_FROM, MISSING_TO]
relation	12729081	[INVALID_MEMBERS, MISSING_FROM, MISSING_TO]
relation	12729082	[INVALID_MEMBERS, MISSING_FROM, MISSING_TO]
relation	12729083	[INVALID_MEMBERS, MISSING_FROM, MISSING_TO]
relation	12729084	[INVALID_MEMBERS, MISSING_TO]
redundant_relation	12741052	direction_blocked_no
redundant_relation	12741057	direction_blocked_no
redundant_relation	12741058	direction_blocked_no
relation	12746469	[INVALID_MEMBERS, MISSING_FROM, MISSING_VIA]
redundant_relation	12832318	direction_blocked_no
redundant_relation	12832320	direction_blocked_no
redundant_relation	12832322	direction_blocked_no
redundant_relation	12832324	direction_blocked_no
relation	13262961	[WAY_NOT_ACCEPTED]
relation	13262962	[WAY_NOT_ACCEPTED]
redundant_relation	13262963	direction_blocked_no
relation	13413342	[INVALID_MEMBERS, MISSING_FROM]
relation	13423876	[INVALID_MEMBERS, MISSING_VIA]
relation	13423877	[INVALID_MEMBERS, MISSING_VIA]
redundant_relation	13667530	direction_blocked_no
redundant_relation	13667531	direction_blocked_no
redundant_relation	13667532	direction_blocked_no
redundant_relation	13667535	direction_blocked_no
redundant_relation	13667537	direction_blocked_no
redundant_relation	13667538	direction_blocked_no
redundant_relation	13667539	direction_blocked_no
relation	13763902	[DIRECTION_CONFLICT]
relation	13850240	[INVALID_MEMBERS, MISSING_FROM, MISSING_TO]
relation	13850245	[INVALID_MEMBERS, MISSING_FROM, MISSING_TO]
relation	13903067	[WAY_NOT_ACCEPTED]
relation	13922504	[INVALID_MEMBERS, MISSING_VIA]
redundant_relation	13949269	direction_blocked_no
redundant_relation	13949271	direction_blocked_no
redundant_relation	13949272	direction_blocked_no
relation	14066391	[UNSUPPORTED_VALUE, CONDITIONAL]
redundant_relation	14067066	direction_blocked_no
relation	14067161	[INVALID_MEMBERS, MISSING_FROM, MISSING_TO]
relation	14067162	[INVALID_MEMBERS, MISSING_FROM, MISSING_TO]
relation	14067163	[INVALID_MEMBERS, MISSING_FROM, MISSING_TO]
relation	14068022	[INVALID_MEMBERS, MISSING_FROM, MISSING_TO]
relation	14068051	[INVALID_MEMBERS, MISSING_FROM, MISSING_TO]
relation	14068052	[INVALID_MEMBERS, MISSING_FROM, MISSING_TO]
relation	14068068	[INVALID_MEMBERS, MISSING_TO, MISSING_VIA]
relation	14068821	[INVALID_MEMBERS, MISSING_TO]
relation	14068822	[INVALID_MEMBERS, MISSING_FROM, MISSING_TO]
relation	14068824	[INVALID_MEMBERS, MISSING_TO]
relation	14068825	[INVALID_MEMBERS, MISSING_VIA]
relation	14068827	[INVALID_MEMBERS, MISSING_FROM, MISSING_VIA]
relation	14068831	[INVALID_MEMBERS, MISSING_VIA]
relation	14068832	[INVALID_MEMBERS, MISSING_VIA]
relation	14071226	[INVALID_MEMBERS, MISSING_TO]
relation	14071237	[INVALID_MEMBERS, MISSING_TO]
relation	14071239	[INVALID_MEMBERS, MISSING_TO]
redundant_relation	14071601	direction_blocked_no
redundant_relation	14071602	direction_blocked_no
redundant_relation	14071603	direction_blocked_no
redundant_relation	14071604	direction_blocked_no
redundant_relation	14071605	direction_blocked_no
redundant_relation	14071606	direction_blocked_no
relation	14075594	[INVALID_MEMBERS, MISSING_FROM, MISSING_TO]
relation	14075595	[INVALID_MEMBERS, MISSING_FROM, MISSING_TO]
relation	14075599	[INVALID_MEMBERS, MISSING_FROM, MISSING_TO]
redundant_relation	14075628	direction_blocked_no
relation	14075633	[DISCONNECTED_VIA]
relation	14075634	[DISCONNECTED_VIA]
relation	14077665	[INVALID_MEMBERS, MISSING_FROM]
relation	14077666	[INVALID_MEMBERS, MISSING_FROM, MISSING_TO]
relation	14082257	[INVALID_MEMBERS, MISSING_FROM, MISSING_TO]
relation	14108708	[INVALID_MEMBERS, MISSING_TO]
relation	14109092	[INVALID_MEMBERS, MISSING_FROM, MISSING_TO]
relation	14152912	[INVALID_MEMBERS, MISSING_FROM, MISSING_TO]
relation	14152915	[INVALID_MEMBERS, MISSING_FROM, MISSING_TO]
relation	14177567	[INVALID_MEMBERS, MISSING_TO]
relation	14177569	[INVALID_MEMBERS, MISSING_TO]
relation	14177570	[INVALID_MEMBERS, MISSING_FROM, MISSING_TO]
relation	14177571	[INVALID_MEMBERS, MISSING_FROM, MISSING_TO]
relation	14177572	[INVALID_MEMBERS, MISSING_FROM]
relation	14180818	[INVALID_MEMBERS, MISSING_TO]
relation	14180819	[INVALID_MEMBERS, MISSING_FROM, MISSING_TO]
relation	14180820	[INVALID_MEMBERS, MISSING_FROM, MISSING_TO]
relation	14226284	[INVALID_MEMBERS, MISSING_TO]
relation	14226287	[INVALID_MEMBERS, MISSING_FROM, MISSING_TO]
redundant_relation	14226430	direction_blocked_no
redundant_relation	14226431	direction_blocked_no
redundant_relation	14226433	direction_blocked_no
redundant_relation	14226434	direction_blocked_no
relation	14226450	[INVALID_MEMBERS, MISSING_FROM, MISSING_TO]
relation	14241210	[WAY_NOT_ACCEPTED]
relation	14241211	[WAY_NOT_ACCEPTED]
relation	14241212	[INVALID_MEMBERS, MISSING_FROM]
relation	14280797	[INVALID_MEMBERS, MISSING_FROM, MISSING_TO]
relation	14280799	[INVALID_MEMBERS, MISSING_TO, MISSING_VIA]
relation	14280901	[WAY_NOT_ACCEPTED]
relation	14280902	[WAY_NOT_ACCEPTED]
relation	14284658	[INVALID_MEMBERS, VIA_WAY_DEFERRED, MISSING_TO]
relation	14284659	[INVALID_MEMBERS, MISSING_TO]
relation	14284660	[INVALID_MEMBERS, MISSING_TO, MISSING_VIA]
relation	14284679	[INVALID_MEMBERS, MISSING_FROM]
relation	14284680	[INVALID_MEMBERS, MISSING_FROM]
relation	14284681	[INVALID_MEMBERS, MISSING_FROM, MISSING_TO]
relation	14284682	[INVALID_MEMBERS, MISSING_FROM, MISSING_TO]
relation	14284683	[INVALID_MEMBERS, MISSING_FROM]
relation	14284684	[INVALID_MEMBERS, MISSING_FROM]
relation	14284686	[INVALID_MEMBERS, MISSING_FROM]
relation	14284687	[INVALID_MEMBERS, MISSING_FROM]
relation	14284688	[INVALID_MEMBERS, VIA_WAY_DEFERRED, MISSING_FROM]
relation	14314681	[DISCONNECTED_VIA]
relation	14317586	[INVALID_MEMBERS, MISSING_FROM]
relation	14317587	[INVALID_MEMBERS, MISSING_FROM, MISSING_TO]
relation	14320661	[INVALID_MEMBERS, MISSING_FROM, MISSING_TO]
relation	14373031	[INVALID_MEMBERS, MISSING_TO]
relation	14390929	[INVALID_MEMBERS, MISSING_VIA]
relation	14390930	[INVALID_MEMBERS, MISSING_TO, MISSING_VIA]
relation	14390931	[INVALID_MEMBERS, MISSING_VIA]
relation	14390932	[INVALID_MEMBERS, MISSING_VIA]
redundant_relation	14440914	direction_blocked_no
redundant_relation	14488574	direction_blocked_no
redundant_relation	14488576	direction_blocked_no
relation	14488578	[INVALID_MEMBERS, MISSING_TO]
relation	14488581	[INVALID_MEMBERS, MISSING_FROM, MISSING_TO]
relation	14488582	[INVALID_MEMBERS, MISSING_FROM]
relation	14488583	[INVALID_MEMBERS, MISSING_FROM, MISSING_TO]
relation	14488584	[INVALID_MEMBERS, MISSING_FROM]
redundant_relation	14488585	direction_blocked_no
relation	14488586	[INVALID_MEMBERS, MISSING_VIA]
relation	14488587	[INVALID_MEMBERS, MISSING_TO, MISSING_VIA]
relation	14488589	[INVALID_MEMBERS, MISSING_FROM, MISSING_VIA]
redundant_relation	14520290	direction_blocked_no
redundant_relation	14520291	direction_blocked_no
redundant_relation	14520292	direction_blocked_no
redundant_relation	14520294	direction_blocked_no
relation	14555149	[INVALID_MEMBERS, MISSING_TO]
relation	14555150	[INVALID_MEMBERS, MISSING_TO]
relation	14555185	[INVALID_MEMBERS, MISSING_FROM, MISSING_TO]
relation	14555186	[INVALID_MEMBERS, MISSING_FROM]
relation	14874722	[INVALID_MEMBERS, MISSING_FROM]
relation	14874726	[INVALID_MEMBERS, MISSING_FROM, MISSING_VIA]
relation	14874729	[INVALID_MEMBERS, MISSING_FROM, MISSING_TO]
relation	14874730	[INVALID_MEMBERS, MISSING_VIA]
relation	14874734	[INVALID_MEMBERS, MISSING_FROM]
relation	14874832	[INVALID_MEMBERS, MISSING_FROM, MISSING_TO]
relation	14874837	[INVALID_MEMBERS, MISSING_FROM, MISSING_TO]
relation	14874847	[INVALID_MEMBERS, MISSING_FROM, MISSING_TO]
relation	14874849	[INVALID_MEMBERS, MISSING_FROM, MISSING_TO]
relation	14874852	[INVALID_MEMBERS, WAY_NOT_ACCEPTED, MISSING_FROM, MISSING_VIA]
relation	14874855	[INVALID_MEMBERS, WAY_NOT_ACCEPTED, MISSING_FROM, MISSING_VIA]
relation	14924709	[WAY_NOT_ACCEPTED]
relation	14931129	[INVALID_MEMBERS, MISSING_TO]
redundant_relation	14931130	direction_blocked_no
relation	14931131	[INVALID_MEMBERS, MISSING_FROM]
relation	14931132	[INVALID_MEMBERS, MISSING_FROM, MISSING_TO]
relation	15336140	[INVALID_MEMBERS, MISSING_TO]
relation	15336141	[INVALID_MEMBERS, MISSING_FROM, MISSING_TO]
relation	15415677	[DISCONNECTED_VIA]
relation	15415678	[DISCONNECTED_VIA]
relation	15415680	[DISCONNECTED_VIA]
relation	15447080	[DIRECTION_CONFLICT]
relation	15447081	[INVALID_MEMBERS, MISSING_FROM, MISSING_TO]
relation	15447082	[INVALID_MEMBERS, MISSING_FROM, MISSING_TO]
relation	15447083	[INVALID_MEMBERS, MISSING_FROM]
redundant_relation	15447084	direction_blocked_no
relation	15447085	[INVALID_MEMBERS, MISSING_TO]
relation	15447088	[DIRECTION_CONFLICT]
redundant_relation	15447089	direction_blocked_no
relation	15450117	[DIRECTION_CONFLICT]
redundant_relation	15450118	direction_blocked_no
relation	15458367	[INVALID_MEMBERS, MISSING_TO, MISSING_VIA]
relation	15458368	[INVALID_MEMBERS, MISSING_VIA]
relation	15464359	[DIRECTION_CONFLICT]
relation	15466179	[INVALID_MEMBERS, MISSING_TO, MISSING_VIA]
relation	15466181	[INVALID_MEMBERS, MISSING_VIA]
relation	15466182	[INVALID_MEMBERS, MISSING_FROM, MISSING_VIA]
relation	15466183	[INVALID_MEMBERS, MISSING_VIA]
relation	15466184	[INVALID_MEMBERS, MISSING_TO, MISSING_VIA]
relation	15584448	[WAY_NOT_ACCEPTED]
relation	15584450	[WAY_NOT_ACCEPTED]
relation	15584451	[WAY_NOT_ACCEPTED]
relation	15615113	[INVALID_MEMBERS, MISSING_VIA]
relation	15615114	[INVALID_MEMBERS, MISSING_VIA]
relation	15615117	[INVALID_MEMBERS, MISSING_VIA]
relation	15615118	[INVALID_MEMBERS, MISSING_VIA]
relation	15948886	[INVALID_MEMBERS, MISSING_VIA]
relation	15948887	[INVALID_MEMBERS, MISSING_VIA]
relation	15948888	[INVALID_MEMBERS, MISSING_VIA]
relation	15948889	[INVALID_MEMBERS, MISSING_TO, MISSING_VIA]
relation	15949201	[INVALID_MEMBERS, MISSING_FROM, MISSING_VIA]
relation	15949203	[INVALID_MEMBERS, MISSING_TO, MISSING_VIA]
relation	15949204	[INVALID_MEMBERS, MISSING_FROM, MISSING_VIA]
relation	15951551	[INVALID_MEMBERS, MISSING_TO]
relation	15969460	[INVALID_MEMBERS, MISSING_FROM]
relation	16150608	[INVALID_MEMBERS, MISSING_FROM, MISSING_TO]
relation	16200578	[DIRECTION_CONFLICT]
redundant_relation	16203121	direction_blocked_no
redundant_relation	16203123	direction_blocked_no
relation	16217109	[INVALID_MEMBERS, MISSING_VIA]
relation	16217110	[INVALID_MEMBERS, MISSING_VIA]
relation	16217111	[INVALID_MEMBERS, MISSING_VIA]
relation	16304868	[INVALID_MEMBERS, MISSING_TO]
relation	16305164	[WAY_NOT_ACCEPTED]
relation	16705869	[INVALID_MEMBERS, MISSING_TO, MISSING_VIA]
relation	16705870	[INVALID_MEMBERS, MISSING_FROM]
relation	16705871	[INVALID_MEMBERS, MISSING_FROM, MISSING_TO]
redundant_relation	16705873	direction_blocked_no
relation	16713762	[INVALID_MEMBERS, MISSING_FROM, MISSING_TO]
relation	16713763	[INVALID_MEMBERS, MISSING_TO]
redundant_relation	16713773	direction_blocked_no
relation	16713778	[DIRECTION_CONFLICT]
redundant_relation	16713779	direction_blocked_no
relation	16753299	[INVALID_MEMBERS, MISSING_FROM, MISSING_VIA]
relation	17035591	[INVALID_MEMBERS, MISSING_FROM, MISSING_TO]
relation	17035592	[INVALID_MEMBERS, MISSING_FROM, MISSING_TO]
relation	17035593	[INVALID_MEMBERS, MISSING_FROM, MISSING_TO]
relation	17035597	[INVALID_MEMBERS, MISSING_FROM, MISSING_TO]
relation	17035600	[INVALID_MEMBERS, MISSING_FROM, MISSING_TO]
redundant_relation	17071422	direction_blocked_no
redundant_relation	17071424	direction_blocked_no
redundant_relation	17071427	direction_blocked_no
redundant_relation	17071428	direction_blocked_no
redundant_relation	17071429	direction_blocked_no
relation	17206357	[INVALID_MEMBERS, MISSING_VIA]
relation	17354017	[INVALID_MEMBERS, WAY_NOT_ACCEPTED, MISSING_TO, MISSING_VIA]
relation	17354018	[INVALID_MEMBERS, WAY_NOT_ACCEPTED, MISSING_FROM, MISSING_VIA]
redundant_relation	17473596	direction_blocked_no
relation	17473597	[INVALID_MEMBERS, MISSING_VIA]
relation	17473598	ambiguous_geometry [INVALID_MEMBERS, MISSING_VIA]
redundant_relation	17473599	direction_blocked_no
relation	17473601	[INVALID_MEMBERS, MISSING_TO, MISSING_VIA]
relation	17473602	[INVALID_MEMBERS, MISSING_VIA]
redundant_relation	17473603	direction_blocked_no
redundant_relation	17473604	direction_blocked_no
relation	17473605	[INVALID_MEMBERS, MISSING_VIA]
redundant_relation	17473606	direction_blocked_no
redundant_relation	17473608	direction_blocked_no
redundant_relation	17473609	direction_blocked_no
redundant_relation	17473610	direction_blocked_no
relation	18130062	[INVALID_MEMBERS, MISSING_FROM]
relation	18225811	[INVALID_MEMBERS, MISSING_TO, MISSING_VIA]
redundant_relation	18362898	direction_blocked_no
redundant_relation	18461515	direction_blocked_no
redundant_relation	18461518	direction_blocked_no
relation	18517108	[INVALID_MEMBERS, MISSING_FROM]
relation	18517109	[INVALID_MEMBERS, MISSING_TO]
relation	18587822	[DISCONNECTED_VIA]
redundant_relation	18587827	direction_blocked_no
redundant_relation	18587830	direction_blocked_no
redundant_relation	18680612	direction_blocked_no
relation	18792279	[INVALID_MEMBERS, MISSING_FROM, MISSING_VIA]
relation	19344532	[INVALID_MEMBERS, MISSING_TO]
relation	19344681	[DIRECTION_CONFLICT]
relation	19346158	[DIRECTION_CONFLICT]
relation	19346159	[INVALID_MEMBERS, MISSING_FROM, MISSING_TO]
redundant_relation	19346160	direction_blocked_no
relation	19353919	[INVALID_MEMBERS, MISSING_FROM]
relation	19353920	[INVALID_MEMBERS, MISSING_FROM]
relation	19353922	[INVALID_MEMBERS, MISSING_TO]
relation	19460319	[INVALID_MEMBERS, MISSING_FROM]
relation	19460320	[INVALID_MEMBERS, MISSING_TO]
relation	19460321	[INVALID_MEMBERS, MISSING_FROM]
relation	19460322	[INVALID_MEMBERS, MISSING_TO]
relation	19460323	[INVALID_MEMBERS, MISSING_FROM]
relation	19460324	[INVALID_MEMBERS, MISSING_TO]
relation	19703568	[WAY_NOT_ACCEPTED]
relation	19703569	[VIA_WAY_DEFERRED, WAY_NOT_ACCEPTED]
relation	19703570	[WAY_NOT_ACCEPTED]
relation	19703571	[WAY_NOT_ACCEPTED]
relation	19703572	[INVALID_MEMBERS, WAY_NOT_ACCEPTED, MISSING_FROM]
relation	19843818	[WAY_NOT_ACCEPTED]
relation	19896985	[INVALID_MEMBERS, MISSING_FROM, MISSING_VIA]
relation	19896986	[INVALID_MEMBERS, MISSING_VIA]
redundant_relation	19896987	direction_blocked_no
relation	19896989	[INVALID_MEMBERS, MISSING_VIA]
redundant_relation	19896990	direction_blocked_no
redundant_relation	19896991	direction_blocked_no
redundant_relation	19896994	direction_blocked_no
redundant_relation	19896996	direction_blocked_no
redundant_relation	19896998	direction_blocked_no
relation	19897182	[INVALID_MEMBERS, MISSING_FROM]
redundant_relation	19897183	direction_blocked_no
redundant_relation	19897185	direction_blocked_no
relation	19905322	[INVALID_MEMBERS, MISSING_FROM, MISSING_VIA]
relation	19905331	[INVALID_MEMBERS, MISSING_TO, MISSING_VIA]
redundant_relation	19905842	direction_blocked_no
relation	19910547	[INVALID_MEMBERS, MISSING_FROM, MISSING_TO]
relation	19910548	[INVALID_MEMBERS, MISSING_FROM, MISSING_TO]
relation	19910549	[INVALID_MEMBERS, MISSING_FROM, MISSING_TO]
redundant_relation	19910633	direction_blocked_no
redundant_relation	19910637	direction_blocked_no
redundant_relation	19910638	direction_blocked_no
relation	19910957	[INVALID_MEMBERS, MISSING_VIA, UNKNOWN_ROLE]
relation	19911055	[VIA_WAY_DEFERRED, WAY_NOT_ACCEPTED, DISCONNECTED_VIA]
relation	19911056	[INVALID_MEMBERS, VIA_WAY_DEFERRED, MISSING_TO]
relation	19911057	[INVALID_MEMBERS, VIA_WAY_DEFERRED, MISSING_TO]
relation	19911060	[VIA_WAY_DEFERRED, WAY_NOT_ACCEPTED, DISCONNECTED_VIA]
relation	19911061	ambiguous_geometry [VIA_WAY_DEFERRED]
relation	19911062	ambiguous_geometry [VIA_WAY_DEFERRED]
relation	19911065	[INVALID_MEMBERS, VIA_WAY_DEFERRED, MISSING_TO]
relation	19911097	ambiguous_geometry [VIA_WAY_DEFERRED]
relation	19911107	ambiguous_geometry [VIA_WAY_DEFERRED]
relation	19911145	[INVALID_MEMBERS, WAY_NOT_ACCEPTED, MISSING_VIA]
relation	19911152	[INVALID_MEMBERS, MISSING_FROM, MISSING_TO]
relation	19911153	[INVALID_MEMBERS, MISSING_FROM, MISSING_TO]
relation	19911155	[INVALID_MEMBERS, MISSING_TO, MISSING_VIA]
relation	19911156	[INVALID_MEMBERS, MISSING_TO]
relation	19911158	[INVALID_MEMBERS, WAY_NOT_ACCEPTED, MISSING_VIA]
relation	19911162	[INVALID_MEMBERS, WAY_NOT_ACCEPTED, MISSING_FROM, MISSING_VIA]
relation	19911163	[INVALID_MEMBERS, WAY_NOT_ACCEPTED, MISSING_FROM, MISSING_VIA]
relation	19911177	[INVALID_MEMBERS, VIA_WAY_DEFERRED]
relation	19911178	[INVALID_MEMBERS, VIA_WAY_DEFERRED]
relation	19911180	[INVALID_MEMBERS, MISSING_VIA]
relation	19911182	[INVALID_MEMBERS, VIA_WAY_DEFERRED, MISSING_TO]
relation	19911190	[INVALID_MEMBERS, VIA_WAY_DEFERRED, MISSING_TO]
relation	19911191	[INVALID_MEMBERS, VIA_WAY_DEFERRED]
relation	19911194	[VIA_WAY_DEFERRED, DISCONNECTED_VIA]
relation	19911195	[INVALID_MEMBERS, MISSING_FROM, MISSING_VIA]
relation	19911196	[INVALID_MEMBERS, MISSING_FROM, MISSING_VIA]
relation	19911198	[INVALID_MEMBERS, MISSING_FROM, MISSING_VIA]
relation	19911200	[INVALID_MEMBERS, MISSING_FROM, MISSING_VIA]
redundant_relation	19919436	direction_blocked_no
relation	20102570	[WAY_NOT_ACCEPTED]
relation	20102572	[WAY_NOT_ACCEPTED]
relation	20252624	[UNSUPPORTED_VALUE, CONDITIONAL, VIA_WAY_DEFERRED]
relation	20445895	[WAY_NOT_ACCEPTED]
relation	20602103	[INVALID_MEMBERS, MISSING_TO]
relation	20631285	[WAY_NOT_ACCEPTED]
relation	20631286	[WAY_NOT_ACCEPTED]
relation	20631287	[WAY_NOT_ACCEPTED]
relation	20970960	[INVALID_MEMBERS, VIA_WAY_DEFERRED, MISSING_FROM]
relation	20970961	[INVALID_MEMBERS, VIA_WAY_DEFERRED, MISSING_TO]
relation	20970962	[INVALID_MEMBERS, VIA_WAY_DEFERRED, MISSING_TO]
relation	21099983	[WAY_NOT_ACCEPTED]
relation	21409769	[INVALID_MEMBERS, MISSING_TO]
